ID Transação;Data e Hora;Tipo;Status;Parcela;Bandeira;Valor Bruto;Valor Taxa;Valor Antec.;Valor Liquido;Data Pagamento
942151793;28/02/2024 - 10:57:24;Crédito;Pago;1/1;Visa;100;"1,45";0;"98,55";01/04/2024
942167071;28/02/2024 - 11:12:01;Crédito;Pago;1/1;Visa;100;"1,45";0;"98,55";01/04/2024
942172585;28/02/2024 - 11:17:11;Crédito;Pago;1/1;Visa;"26,11";"0,38";0;"25,73";01/04/2024
942004349;28/02/2024 - 08:24:23;Crédito;Pago;1/1;Visa;100;"1,45";0;"98,55";01/04/2024
942724685;28/02/2024 - 18:55:26;Crédito;Pago;1/1;Visa;"162,77";"2,36";0;"160,41";01/04/2024
942731175;28/02/2024 - 19:00:29;Crédito;Pago;1/1;Visa;70;"1,02";0;"68,98";01/04/2024
969978932;28/02/2024 - 09:15:08;Crédito;Pago;1/1;Visa;"136,75";"1,98";0;"134,77";01/04/2024
970409916;28/02/2024 - 15:55:53;Crédito;Pago;1/1;Visa;30;"0,44";0;"29,56";01/04/2024
970433946;28/02/2024 - 16:16:14;Crédito;Pago;1/1;Visa;"255,63";"3,71";0;"251,92";01/04/2024
970468464;28/02/2024 - 16:44:21;Crédito;Pago;1/1;Visa;"152,26";"2,21";0;"150,05";01/04/2024
970523092;28/02/2024 - 17:22:10;Crédito;Pago;1/1;Visa;"210,05";"3,05";0;207;01/04/2024
970628220;28/02/2024 - 18:28:39;Crédito;Pago;1/1;Visa;"208,03";"3,02";0;"205,01";01/04/2024
970650766;28/02/2024 - 18:43:52;Crédito;Pago;1/1;Visa;"157,3";"2,28";0;"155,02";01/04/2024
970676070;28/02/2024 - 19:01:40;Crédito;Pago;1/1;Visa;10;"0,14";0;"9,86";01/04/2024
970738224;28/02/2024 - 19:54:32;Crédito;Pago;1/1;Visa;"197,79";"2,87";0;"194,92";01/04/2024
970799504;28/02/2024 - 21:10:02;Crédito;Pago;1/1;Visa;40;"0,58";0;"39,42";01/04/2024
943042767;29/02/2024 - 08:45:25;Crédito;Pago;1/1;Visa;50;"0,72";0;"49,28";01/04/2024
943060333;29/02/2024 - 09:03:56;Crédito;Pago;1/1;Visa;30;"0,44";0;"29,56";01/04/2024
943156361;29/02/2024 - 10:37:59;Crédito;Pago;1/1;Visa;100;"1,45";0;"98,55";01/04/2024
943668215;29/02/2024 - 17:46:58;Crédito;Pago;1/1;Visa;"136,64";"1,98";0;"134,66";01/04/2024
943684569;29/02/2024 - 17:57:29;Crédito;Pago;1/1;Visa;"130,07";"1,89";0;"128,18";01/04/2024
943836935;29/02/2024 - 19:49:06;Crédito;Pago;1/1;Visa;"224,77";"3,26";0;"221,51";01/04/2024
943841411;29/02/2024 - 19:53:31;Crédito;Pago;1/1;Visa;50;"0,72";0;"49,28";01/04/2024
943862121;29/02/2024 - 20:15:10;Crédito;Pago;1/1;Visa;"241,79";"3,51";0;"238,28";01/04/2024
943775455;29/02/2024 - 18:57:24;Crédito;Pago;1/1;Visa;190;"2,76";0;"187,24";01/04/2024
943779669;29/02/2024 - 19:00:34;Crédito;Pago;1/1;Visa;50;"0,72";0;"49,28";01/04/2024
943889879;29/02/2024 - 20:47:04;Crédito;Pago;1/1;Visa;50;"0,72";0;"49,28";01/04/2024
970906282;29/02/2024 - 06:53:17;Crédito;Pago;1/1;Visa;"82,95";"1,2";0;"81,75";01/04/2024
970982914;29/02/2024 - 08:25:43;Crédito;Pago;1/3;Visa;75;"1,54";0;"73,46";01/04/2024
971264538;29/02/2024 - 12:44:47;Crédito;Pago;1/1;Visa;"235,53";"3,42";0;"232,11";01/04/2024
971265900;29/02/2024 - 12:45:48;Crédito;Pago;1/1;Visa;100;"1,45";0;"98,55";01/04/2024
971270792;29/02/2024 - 12:49:30;Crédito;Pago;1/1;Visa;80;"1,16";0;"78,84";01/04/2024
971350836;29/02/2024 - 13:56:31;Crédito;Pago;1/1;Visa;"55,83";"0,81";0;"55,02";01/04/2024
971354658;29/02/2024 - 14:00:22;Crédito;Pago;1/1;Visa;100;"1,45";0;"98,55";01/04/2024
971532114;29/02/2024 - 16:37:03;Crédito;Pago;1/1;Visa;40;"0,58";0;"39,42";01/04/2024
943930649;29/02/2024 - 21:48:35;Crédito;Pago;1/1;Visa;50;"0,72";0;"49,28";01/04/2024
943999049;01/03/2024 - 06:16:08;Crédito;Pago;1/1;Visa;100;"1,45";0;"98,55";01/04/2024
944063045;01/03/2024 - 07:47:59;Crédito;Pago;1/1;Visa;50;"0,72";0;"49,28";01/04/2024
944064765;01/03/2024 - 07:49:53;Crédito;Pago;1/1;Visa;60;"0,87";0;"59,13";01/04/2024
944047831;01/03/2024 - 07:30:30;Crédito;Pago;1/1;Visa;"182,14";"2,64";0;"179,5";01/04/2024
944072427;01/03/2024 - 07:58:12;Crédito;Pago;1/1;Visa;50;"0,72";0;"49,28";01/04/2024
944096443;01/03/2024 - 08:25:05;Crédito;Pago;1/1;Visa;200;"2,9";0;"197,1";01/04/2024
944231445;01/03/2024 - 10:36:16;Crédito;Pago;1/1;Visa;"159,8";"2,32";0;"157,48";01/04/2024
944379781;01/03/2024 - 12:32:16;Crédito;Pago;1/1;Visa;"75,53";"1,1";0;"74,43";01/04/2024
944391043;01/03/2024 - 12:40:10;Crédito;Pago;1/1;Visa;140;"2,03";0;"137,97";01/04/2024
944421457;01/03/2024 - 13:01:34;Crédito;Pago;1/1;Visa;70;"1,02";0;"68,98";01/04/2024
944428281;01/03/2024 - 13:06:40;Crédito;Pago;1/1;Visa;"57,9";"0,84";0;"57,06";01/04/2024
944471025;01/03/2024 - 13:40:17;Crédito;Pago;1/1;Visa;"50,03";"0,73";0;"49,3";01/04/2024
944491191;01/03/2024 - 13:57:57;Crédito;Pago;1/1;Visa;"172,58";"2,5";0;"170,08";01/04/2024
944676157;01/03/2024 - 16:33:41;Crédito;Pago;1/1;Visa;130;"1,88";0;"128,12";01/04/2024
972664780;01/03/2024 - 16:02:39;Crédito;Pago;1/1;Visa;20;"0,29";0;"19,71";01/04/2024
972670454;01/03/2024 - 16:06:37;Crédito;Pago;1/1;Visa;"216,31";"3,14";0;"213,17";01/04/2024
972824602;01/03/2024 - 17:43:36;Crédito;Pago;1/1;Visa;"114,83";"1,67";0;"113,16";01/04/2024
972951058;01/03/2024 - 18:57:11;Crédito;Pago;1/1;Visa;30;"0,44";0;"29,56";01/04/2024
972992318;01/03/2024 - 19:25:08;Crédito;Pago;1/1;Visa;"59,9";"0,87";0;"59,03";01/04/2024
945247307;02/03/2024 - 06:40:55;Crédito;Pago;1/1;Visa;109;"1,58";0;"107,42";01/04/2024
945414741;02/03/2024 - 09:39:27;Crédito;Pago;1/1;Visa;50;"0,72";0;"49,28";01/04/2024
945347759;02/03/2024 - 08:49:38;Crédito;Pago;1/1;Visa;"152,4";"2,21";0;"150,19";01/04/2024
945350865;02/03/2024 - 08:52:14;Crédito;Pago;1/1;Visa;30;"0,44";0;"29,56";01/04/2024
945647165;02/03/2024 - 11:44:52;Crédito;Pago;1/3;Visa;"94,98";"1,95";0;"93,03";01/04/2024
973784136;02/03/2024 - 12:44:35;Crédito;Pago;1/1;Visa;50;"0,72";0;"49,28";01/04/2024
973789366;02/03/2024 - 12:47:32;Crédito;Pago;1/1;Visa;50;"0,72";0;"49,28";01/04/2024
974021704;02/03/2024 - 15:35:23;Crédito;Pago;1/1;Visa;50;"0,72";0;"49,28";01/04/2024
974029024;02/03/2024 - 15:41:00;Crédito;Pago;1/1;Visa;"94,94";"1,38";0;"93,56";01/04/2024
974030926;02/03/2024 - 15:42:30;Crédito;Pago;1/1;Visa;"50,03";"0,73";0;"49,3";01/04/2024
974068912;02/03/2024 - 16:12:20;Crédito;Pago;1/1;Visa;100;"1,45";0;"98,55";01/04/2024
973308448;02/03/2024 - 07:23:55;Crédito;Pago;1/1;Visa;"188,23";"2,73";0;"185,5";01/04/2024
974269674;02/03/2024 - 18:44:09;Crédito;Pago;1/1;Visa;"185,97";"2,7";0;"183,27";01/04/2024
974283834;02/03/2024 - 18:54:15;Crédito;Pago;1/1;Visa;50;"0,72";0;"49,28";01/04/2024
974363456;02/03/2024 - 19:55:08;Crédito;Pago;1/1;Visa;20;"0,29";0;"19,71";01/04/2024
973174797;28/03/2024 - 16:06:06;Crédito;Pago;1/1;Visa;15;"0,22";0;"14,78";01/04/2024
973357617;28/03/2024 - 17:58:18;Crédito;Pago;1/1;Visa;50;"0,72";0;"49,28";01/04/2024
1003548848;28/03/2024 - 10:22:17;Crédito;Pago;1/1;Visa;100;"1,45";0;"98,55";01/04/2024
1007318704;31/03/2024 - 13:00:47;Crédito;Pago;1/1;Visa;"136,53";"1,98";0;"134,55";01/04/2024
1006258226;30/03/2024 - 14:29:31;Crédito;Pago;1/1;Mastercard;100;"1,45";0;"98,55";01/04/2024
1005626898;30/03/2024 - 07:50:29;Crédito;Pago;1/1;Mastercard;"84,54";"1,23";0;"83,31";01/04/2024
1005995264;30/03/2024 - 11:48:40;Crédito;Pago;1/1;Mastercard;"285,22";"4,14";0;"281,08";01/04/2024
1004269210;28/03/2024 - 18:17:39;Crédito;Pago;1/1;Mastercard;30;"0,44";0;"29,56";01/04/2024
1003467678;28/03/2024 - 09:14:05;Crédito;Pago;1/1;Mastercard;"31,38";"0,46";0;"30,92";01/04/2024
1003694642;28/03/2024 - 12:07:59;Crédito;Pago;1/1;Mastercard;50;"0,72";0;"49,28";01/04/2024
973595395;28/03/2024 - 20:56:41;Crédito;Pago;1/1;Mastercard;50;"0,72";0;"49,28";01/04/2024
973151684;01/03/2024 - 21:44:58;Crédito;Pago;1/1;Mastercard;50;"0,72";0;"49,28";01/04/2024
974393520;02/03/2024 - 20:20:09;Crédito;Pago;1/1;Mastercard;"141,86";"2,06";0;"139,8";01/04/2024
974414958;02/03/2024 - 20:39:23;Crédito;Pago;1/1;Mastercard;125;"1,81";0;"123,19";01/04/2024
974444920;02/03/2024 - 21:07:33;Crédito;Pago;1/1;Mastercard;50;"0,72";0;"49,28";01/04/2024
974488034;02/03/2024 - 21:53:45;Crédito;Pago;1/1;Mastercard;50;"0,72";0;"49,28";01/04/2024
974289778;02/03/2024 - 18:58:19;Crédito;Pago;1/1;Mastercard;70;"1,02";0;"68,98";01/04/2024
974298996;02/03/2024 - 19:05:11;Crédito;Pago;1/1;Mastercard;50;"0,72";0;"49,28";01/04/2024
974327944;02/03/2024 - 19:27:19;Crédito;Pago;1/1;Mastercard;140;"2,03";0;"137,97";01/04/2024
973515330;02/03/2024 - 10:15:19;Crédito;Pago;1/1;Mastercard;40;"0,58";0;"39,42";01/04/2024
973552390;02/03/2024 - 10:37:39;Crédito;Pago;1/1;Mastercard;20;"0,29";0;"19,71";01/04/2024
973624296;02/03/2024 - 11:18:31;Crédito;Pago;1/1;Mastercard;30;"0,44";0;"29,56";01/04/2024
973631570;02/03/2024 - 11:22:35;Crédito;Pago;1/1;Mastercard;150;"2,18";0;"147,82";01/04/2024
974081030;02/03/2024 - 16:21:23;Crédito;Pago;1/1;Mastercard;40;"0,58";0;"39,42";01/04/2024
974115128;02/03/2024 - 16:47:57;Crédito;Pago;1/1;Mastercard;"96,06";"1,39";0;"94,67";01/04/2024
974158244;02/03/2024 - 17:20:31;Crédito;Pago;1/1;Mastercard;50;"0,72";0;"49,28";01/04/2024
974223122;02/03/2024 - 18:09:44;Crédito;Pago;1/1;Mastercard;150;"2,18";0;"147,82";01/04/2024
973830598;02/03/2024 - 13:12:40;Crédito;Pago;1/1;Mastercard;"140,55";"2,04";0;"138,51";01/04/2024
973859144;02/03/2024 - 13:31:17;Crédito;Pago;1/1;Mastercard;50;"0,72";0;"49,28";01/04/2024
973939356;02/03/2024 - 14:30:01;Crédito;Pago;1/1;Mastercard;20;"0,29";0;"19,71";01/04/2024
973943116;02/03/2024 - 14:33:00;Crédito;Pago;1/1;Mastercard;20;"0,29";0;"19,71";01/04/2024
973947134;02/03/2024 - 14:35:56;Crédito;Pago;1/1;Mastercard;50;"0,72";0;"49,28";01/04/2024
973990290;02/03/2024 - 15:10:21;Crédito;Pago;1/1;Mastercard;100;"1,45";0;"98,55";01/04/2024
973991468;02/03/2024 - 15:11:17;Crédito;Pago;1/1;Mastercard;30;"0,44";0;"29,56";01/04/2024
973992560;02/03/2024 - 15:12:11;Crédito;Pago;1/1;Mastercard;40;"0,58";0;"39,42";01/04/2024
945705827;02/03/2024 - 12:12:35;Crédito;Pago;1/1;Mastercard;30;"0,44";0;"29,56";01/04/2024
945830665;02/03/2024 - 13:21:52;Crédito;Pago;1/1;Mastercard;50;"0,72";0;"49,28";01/04/2024
945843201;02/03/2024 - 13:29:48;Crédito;Pago;1/1;Mastercard;"28,95";"0,42";0;"28,53";01/04/2024
945882025;02/03/2024 - 13:56:46;Crédito;Pago;1/1;Mastercard;"262,6";"3,81";0;"258,79";01/04/2024
945915501;02/03/2024 - 14:21:10;Crédito;Pago;1/1;Mastercard;100;"1,45";0;"98,55";01/04/2024
945450595;02/03/2024 - 10:02:40;Crédito;Pago;1/1;Mastercard;100;"1,45";0;"98,55";01/04/2024
945451369;02/03/2024 - 10:03:11;Crédito;Pago;1/1;Mastercard;50;"0,72";0;"49,28";01/04/2024
945523577;02/03/2024 - 10:43:22;Crédito;Pago;1/1;Mastercard;20;"0,29";0;"19,71";01/04/2024
945533425;02/03/2024 - 10:48:39;Crédito;Pago;1/1;Mastercard;30;"0,44";0;"29,56";01/04/2024
945556047;02/03/2024 - 11:00:05;Crédito;Pago;1/1;Mastercard;100;"1,45";0;"98,55";01/04/2024
945576653;02/03/2024 - 11:10:31;Crédito;Pago;1/1;Mastercard;"85,9";"1,25";0;"84,65";01/04/2024
945600749;02/03/2024 - 11:22:25;Crédito;Pago;1/1;Mastercard;100;"1,45";0;"98,55";01/04/2024
945277445;02/03/2024 - 07:36:03;Crédito;Pago;1/1;Mastercard;50;"0,72";0;"49,28";01/04/2024
945277875;02/03/2024 - 07:36:37;Crédito;Pago;1/1;Mastercard;100;"1,45";0;"98,55";01/04/2024
945330719;02/03/2024 - 08:34:42;Crédito;Pago;1/1;Mastercard;"275,84";4;0;"271,84";01/04/2024
970976418;29/02/2024 - 08:18:00;Crédito;Pago;1/1;Mastercard;"269,29";"3,9";0;"265,39";01/04/2024
972806986;01/03/2024 - 17:33:13;Crédito;Pago;1/1;Mastercard;"40,24";"0,58";0;"39,66";01/04/2024
972841852;01/03/2024 - 17:53:05;Crédito;Pago;1/1;Mastercard;"246,71";"3,58";0;"243,13";01/04/2024
972901396;01/03/2024 - 18:26:47;Crédito;Pago;1/1;Mastercard;50;"0,72";0;"49,28";01/04/2024
972919352;01/03/2024 - 18:37:29;Crédito;Pago;1/1;Mastercard;20;"0,29";0;"19,71";01/04/2024
972930922;01/03/2024 - 18:44:25;Crédito;Pago;1/1;Mastercard;50;"0,72";0;"49,28";01/04/2024
972946058;01/03/2024 - 18:53:55;Crédito;Pago;1/1;Mastercard;"14,5";"0,21";0;"14,29";01/04/2024
972756256;01/03/2024 - 17:03:07;Crédito;Pago;1/1;Mastercard;64;"0,93";0;"63,07";01/04/2024
944715305;01/03/2024 - 16:57:18;Crédito;Pago;1/1;Mastercard;"64,85";"0,94";0;"63,91";01/04/2024
944935905;01/03/2024 - 19:03:45;Crédito;Pago;1/1;Mastercard;12;"0,17";0;"11,83";01/04/2024
972420354;01/03/2024 - 12:49:42;Crédito;Pago;1/1;Mastercard;50;"0,72";0;"49,28";01/04/2024
972515522;01/03/2024 - 14:02:03;Crédito;Pago;1/1;Mastercard;15;"0,22";0;"14,78";01/04/2024
972548720;01/03/2024 - 14:29:39;Crédito;Pago;1/1;Mastercard;"140,33";"2,03";0;"138,3";01/04/2024
972589560;01/03/2024 - 15:03:20;Crédito;Pago;1/1;Mastercard;"15,81";"0,23";0;"15,58";01/04/2024
972614964;01/03/2024 - 15:23:53;Crédito;Pago;1/1;Mastercard;50;"0,72";0;"49,28";01/04/2024
972622092;01/03/2024 - 15:29:41;Crédito;Pago;1/1;Mastercard;50;"0,72";0;"49,28";01/04/2024
972648200;01/03/2024 - 15:49:51;Crédito;Pago;1/1;Mastercard;50;"0,72";0;"49,28";01/04/2024
944444141;01/03/2024 - 13:18:24;Crédito;Pago;1/1;Mastercard;50;"0,72";0;"49,28";01/04/2024
944455849;01/03/2024 - 13:27:30;Crédito;Pago;1/1;Mastercard;50;"0,72";0;"49,28";01/04/2024
944389897;01/03/2024 - 12:39:18;Crédito;Pago;1/1;Mastercard;100;"1,45";0;"98,55";01/04/2024
944307725;01/03/2024 - 11:40:24;Crédito;Pago;1/1;Mastercard;50;"0,72";0;"49,28";01/04/2024
944357411;01/03/2024 - 12:16:18;Crédito;Pago;1/1;Mastercard;"48,35";"0,7";0;"47,65";01/04/2024
944358171;01/03/2024 - 12:16:50;Crédito;Pago;1/1;Mastercard;30;"0,44";0;"29,56";01/04/2024
944244391;01/03/2024 - 10:48:17;Crédito;Pago;1/1;Mastercard;30;"0,44";0;"29,56";01/04/2024
944220519;01/03/2024 - 10:26:17;Crédito;Pago;1/1;Mastercard;30;"0,44";0;"29,56";01/04/2024
944077449;01/03/2024 - 08:04:01;Crédito;Pago;1/1;Mastercard;"278,79";"4,04";0;"274,75";01/04/2024
944052489;01/03/2024 - 07:35:49;Crédito;Pago;1/1;Mastercard;100;"1,45";0;"98,55";01/04/2024
944066791;01/03/2024 - 07:51:59;Crédito;Pago;1/1;Mastercard;50;"0,72";0;"49,28";01/04/2024
944068947;01/03/2024 - 07:54:30;Crédito;Pago;1/1;Mastercard;40;"0,58";0;"39,42";01/04/2024
944001755;01/03/2024 - 06:22:44;Crédito;Pago;1/1;Mastercard;50;"0,72";0;"49,28";01/04/2024
944005905;01/03/2024 - 06:31:28;Crédito;Pago;1/1;Mastercard;50;"0,72";0;"49,28";01/04/2024
944013391;01/03/2024 - 06:44:53;Crédito;Pago;1/1;Mastercard;150;"2,18";0;"147,82";01/04/2024
943994887;01/03/2024 - 06:03:55;Crédito;Pago;1/1;Mastercard;"203,52";"2,95";0;"200,57";01/04/2024
971571030;29/02/2024 - 17:04:42;Crédito;Pago;1/1;Mastercard;50;"0,72";0;"49,28";01/04/2024
971588738;29/02/2024 - 17:15:35;Crédito;Pago;1/1;Mastercard;"56,51";"0,82";0;"55,69";01/04/2024
971548822;29/02/2024 - 16:49:11;Crédito;Pago;1/1;Mastercard;100;"1,45";0;"98,55";01/04/2024
971463664;29/02/2024 - 15:42:24;Crédito;Pago;1/1;Mastercard;"100,05";"1,45";0;"98,6";01/04/2024
971489030;29/02/2024 - 16:04:03;Crédito;Pago;1/1;Mastercard;150;"2,18";0;"147,82";01/04/2024
971503788;29/02/2024 - 16:15:31;Crédito;Pago;1/1;Mastercard;30;"0,44";0;"29,56";01/04/2024
971367312;29/02/2024 - 14:12:38;Crédito;Pago;1/1;Mastercard;50;"0,72";0;"49,28";01/04/2024
971393258;29/02/2024 - 14:37:11;Crédito;Pago;1/1;Mastercard;150;"2,18";0;"147,82";01/04/2024
971411416;29/02/2024 - 14:54:39;Crédito;Pago;1/1;Mastercard;40;"0,58";0;"39,42";01/04/2024
971411996;29/02/2024 - 14:55:12;Crédito;Pago;1/1;Mastercard;200;"2,9";0;"197,1";01/04/2024
971039714;29/02/2024 - 09:26:39;Crédito;Pago;1/1;Mastercard;"72,95";"1,06";0;"71,89";01/04/2024
971093746;29/02/2024 - 10:20:10;Crédito;Pago;1/1;Mastercard;"146,42";"2,12";0;"144,3";01/04/2024
970926244;29/02/2024 - 07:20:22;Crédito;Pago;1/1;Mastercard;"144,17";"2,09";0;"142,08";01/04/2024
970946156;29/02/2024 - 07:43:23;Crédito;Pago;1/1;Mastercard;"217,57";"3,15";0;"214,42";01/04/2024
970884454;29/02/2024 - 06:11:10;Crédito;Pago;1/1;Mastercard;"113,58";"1,65";0;"111,93";01/04/2024
970904906;29/02/2024 - 06:51:13;Crédito;Pago;1/1;Mastercard;30;"0,44";0;"29,56";01/04/2024
943819229;29/02/2024 - 19:33:16;Crédito;Pago;1/1;Mastercard;200;"2,9";0;"197,1";01/04/2024
943886425;29/02/2024 - 20:42:50;Crédito;Pago;1/1;Mastercard;100;"1,45";0;"98,55";01/04/2024
943717467;29/02/2024 - 18:17:52;Crédito;Pago;1/1;Mastercard;"207,57";"3,01";0;"204,56";01/04/2024
943759377;29/02/2024 - 18:46:18;Crédito;Pago;1/1;Mastercard;100;"1,45";0;"98,55";01/04/2024
943674315;29/02/2024 - 17:50:47;Crédito;Pago;1/1;Mastercard;"36,9";"0,54";0;"36,36";01/04/2024
943371407;29/02/2024 - 13:37:57;Crédito;Pago;1/1;Mastercard;30;"0,44";0;"29,56";01/04/2024
969957240;28/02/2024 - 08:51:14;Crédito;Pago;1/1;Mastercard;50;"0,72";0;"49,28";01/04/2024
943483029;29/02/2024 - 15:27:24;Crédito;Pago;1/1;Mastercard;60;"0,87";0;"59,13";01/04/2024
943097549;29/02/2024 - 09:41:12;Crédito;Pago;1/1;Mastercard;100;"1,45";0;"98,55";01/04/2024
943059825;29/02/2024 - 09:03:25;Crédito;Pago;1/1;Mastercard;100;"1,45";0;"98,55";01/04/2024
970804818;28/02/2024 - 21:17:34;Crédito;Pago;1/1;Mastercard;50;"0,72";0;"49,28";01/04/2024
943024919;29/02/2024 - 08:25:14;Crédito;Pago;1/1;Mastercard;125;"1,81";0;"123,19";01/04/2024
970765070;28/02/2024 - 20:24:29;Crédito;Pago;1/1;Mastercard;100;"1,45";0;"98,55";01/04/2024
970782000;28/02/2024 - 20:45:46;Crédito;Pago;1/1;Mastercard;"140,74";"2,04";0;"138,7";01/04/2024
970696650;28/02/2024 - 19:17:21;Crédito;Pago;1/1;Mastercard;20;"0,29";0;"19,71";01/04/2024
970708716;28/02/2024 - 19:27:20;Crédito;Pago;1/1;Mastercard;20;"0,29";0;"19,71";01/04/2024
970666088;28/02/2024 - 18:54:32;Crédito;Pago;1/1;Mastercard;50;"0,72";0;"49,28";01/04/2024
970669674;28/02/2024 - 18:57:07;Crédito;Pago;1/1;Mastercard;30;"0,44";0;"29,56";01/04/2024
970528798;28/02/2024 - 17:25:52;Crédito;Pago;1/1;Mastercard;50;"0,72";0;"49,28";01/04/2024
970559262;28/02/2024 - 17:44:49;Crédito;Pago;1/1;Mastercard;50;"0,72";0;"49,28";01/04/2024
970475114;28/02/2024 - 16:49:16;Crédito;Pago;1/1;Mastercard;"128,41";"1,86";0;"126,55";01/04/2024
970461826;28/02/2024 - 16:38:55;Crédito;Pago;1/1;Mastercard;50;"0,72";0;"49,28";01/04/2024
942150485;28/02/2024 - 10:56:08;Crédito;Pago;1/1;Mastercard;100;"1,45";0;"98,55";01/04/2024
969988460;28/02/2024 - 09:25:38;Crédito;Pago;1/1;Mastercard;40;"0,58";0;"39,42";01/04/2024
969994532;28/02/2024 - 09:32:12;Crédito;Pago;1/1;Mastercard;"218,03";"3,16";0;"214,87";01/04/2024
970020350;28/02/2024 - 09:58:12;Crédito;Pago;1/1;Mastercard;30;"0,44";0;"29,56";01/04/2024
970028164;28/02/2024 - 10:05:58;Crédito;Pago;1/1;Mastercard;100;"1,45";0;"98,55";01/04/2024
970257956;28/02/2024 - 13:27:33;Crédito;Pago;1/1;Mastercard;70;"1,02";0;"68,98";01/04/2024
970399486;28/02/2024 - 15:46:24;Crédito;Pago;1/1;Mastercard;100;"1,45";0;"98,55";01/04/2024
970404148;28/02/2024 - 15:50:37;Crédito;Pago;1/1;Mastercard;"91,66";"1,33";0;"90,33";01/04/2024
942740139;28/02/2024 - 19:07:58;Crédito;Pago;1/1;Mastercard;"145,98";"2,12";0;"143,86";01/04/2024
942074333;28/02/2024 - 09:38:59;Crédito;Pago;1/1;Mastercard;50;"0,72";0;"49,28";01/04/2024
942195327;28/02/2024 - 11:37:49;Crédito;Pago;1/1;Mastercard;100;"1,45";0;"98,55";01/04/2024
942222945;28/02/2024 - 12:01:18;Crédito;Pago;1/1;Mastercard;50;"0,72";0;"49,28";01/04/2024
942234275;28/02/2024 - 12:10:04;Crédito;Pago;1/1;Mastercard;150;"2,18";0;"147,82";01/04/2024
942307671;28/02/2024 - 13:09:06;Crédito;Pago;1/1;Mastercard;100;"1,45";0;"98,55";01/04/2024
942362231;28/02/2024 - 14:00:41;Crédito;Pago;1/1;Mastercard;20;"0,29";0;"19,71";01/04/2024
941954449;28/02/2024 - 07:26:22;Crédito;Pago;1/1;Mastercard;50;"0,72";0;"49,28";01/04/2024
941956355;28/02/2024 - 07:28:41;Crédito;Pago;1/1;Mastercard;25;"0,36";0;"24,64";01/04/2024
941998597;28/02/2024 - 08:18:31;Crédito;Pago;1/1;Mastercard;50;"0,72";0;"49,28";01/04/2024
941999483;28/02/2024 - 08:19:27;Crédito;Pago;1/1;Mastercard;60;"0,87";0;"59,13";01/04/2024
913428411;01/02/2024 - 11:09:24;Crédito;Pago;2/2;Mastercard;"70,75";"1,45";0;"69,3";01/04/2024
878113113;30/12/2023 - 15:19:27;Crédito;Pago;3/3;Mastercard;"108,3";"2,22";0;"106,08";01/04/2024
1006746290;30/03/2024 - 21:07:36;Débito;Pago;1/1;Visa;20;"0,14";0;"19,86";01/04/2024
1006243712;30/03/2024 - 14:18:09;Débito;Pago;1/1;Visa;50;"0,35";0;"49,65";01/04/2024
1006321778;30/03/2024 - 15:18:35;Débito;Pago;1/1;Visa;100;"0,7";0;"99,3";01/04/2024
1006047516;30/03/2024 - 12:14:44;Débito;Pago;1/1;Visa;4;"0,03";0;"3,97";01/04/2024
1005975892;30/03/2024 - 11:39:01;Débito;Pago;1/1;Visa;"320,02";"2,24";0;"317,78";01/04/2024
1006155366;30/03/2024 - 13:15:58;Débito;Pago;1/1;Visa;25;"0,18";0;"24,82";01/04/2024
1006034884;30/03/2024 - 12:08:22;Débito;Pago;1/1;Visa;"339,6";"2,38";0;"337,22";01/04/2024
1005740860;30/03/2024 - 09:32:11;Débito;Pago;1/1;Visa;50;"0,35";0;"49,65";01/04/2024
1005896492;30/03/2024 - 11:00:10;Débito;Pago;1/1;Visa;50;"0,35";0;"49,65";01/04/2024
1005912420;30/03/2024 - 11:08:02;Débito;Pago;1/1;Visa;100;"0,7";0;"99,3";01/04/2024
1005854872;30/03/2024 - 10:38:09;Débito;Pago;1/1;Visa;20;"0,14";0;"19,86";01/04/2024
975589717;30/03/2024 - 19:18:18;Débito;Pago;1/1;Visa;50;"0,35";0;"49,65";01/04/2024
975576085;30/03/2024 - 19:06:23;Débito;Pago;1/1;Visa;100;"0,7";0;"99,3";01/04/2024
975419979;30/03/2024 - 16:54:27;Débito;Pago;1/1;Visa;"60,92";"0,43";0;"60,49";01/04/2024
975353279;30/03/2024 - 16:00:22;Débito;Pago;1/1;Visa;50;"0,35";0;"49,65";01/04/2024
975301145;30/03/2024 - 15:17:44;Débito;Pago;1/1;Visa;100;"0,7";0;"99,3";01/04/2024
975161017;30/03/2024 - 13:26:51;Débito;Pago;1/1;Visa;35;"0,24";0;"34,76";01/04/2024
975259361;30/03/2024 - 14:42:41;Débito;Pago;1/1;Visa;100;"0,7";0;"99,3";01/04/2024
975122675;30/03/2024 - 13:01:28;Débito;Pago;1/1;Visa;30;"0,21";0;"29,79";01/04/2024
974928145;30/03/2024 - 11:17:02;Débito;Pago;1/1;Visa;100;"0,7";0;"99,3";01/04/2024
974943325;30/03/2024 - 11:24:44;Débito;Pago;1/1;Visa;50;"0,35";0;"49,65";01/04/2024
974703077;30/03/2024 - 09:03:43;Débito;Pago;1/1;Visa;100;"0,7";0;"99,3";01/04/2024
974633787;30/03/2024 - 07:54:08;Débito;Pago;1/1;Visa;50;"0,35";0;"49,65";01/04/2024
974606585;30/03/2024 - 07:04:54;Débito;Pago;1/1;Visa;60;"0,42";0;"59,58";01/04/2024
974607295;30/03/2024 - 07:06:35;Débito;Pago;1/1;Visa;50;"0,35";0;"49,65";01/04/2024
1005098772;29/03/2024 - 13:21:45;Débito;Pago;1/1;Visa;50;"0,35";0;"49,65";01/04/2024
1004992648;29/03/2024 - 11:54:23;Débito;Pago;1/1;Visa;"92,93";"0,65";0;"92,28";01/04/2024
974235907;29/03/2024 - 15:07:19;Débito;Pago;1/1;Visa;"23,16";"0,16";0;23;01/04/2024
973916817;29/03/2024 - 10:08:04;Débito;Pago;1/1;Visa;60;"0,42";0;"59,58";01/04/2024
974124545;29/03/2024 - 12:53:37;Débito;Pago;1/1;Visa;30;"0,21";0;"29,79";01/04/2024
974137049;29/03/2024 - 13:05:46;Débito;Pago;1/1;Visa;30;"0,21";0;"29,79";01/04/2024
974137309;29/03/2024 - 13:06:00;Débito;Pago;1/1;Visa;30;"0,21";0;"29,79";01/04/2024
974060443;29/03/2024 - 11:58:09;Débito;Pago;1/1;Visa;100;"0,7";0;"99,3";01/04/2024
973951199;29/03/2024 - 10:35:52;Débito;Pago;1/1;Visa;"396,13";"2,77";0;"393,36";01/04/2024
973958625;29/03/2024 - 10:41:41;Débito;Pago;1/1;Visa;100;"0,7";0;"99,3";01/04/2024
973963295;29/03/2024 - 10:45:07;Débito;Pago;1/1;Visa;50;"0,35";0;"49,65";01/04/2024
973872793;29/03/2024 - 09:25:56;Débito;Pago;1/1;Visa;100;"0,7";0;"99,3";01/04/2024
1004324432;28/03/2024 - 18:48:53;Débito;Pago;1/1;Visa;50;"0,35";0;"49,65";01/04/2024
1004337350;28/03/2024 - 18:56:23;Débito;Pago;1/1;Visa;10;"0,07";0;"9,93";01/04/2024
1004114394;28/03/2024 - 16:55:45;Débito;Pago;1/1;Visa;50;"0,35";0;"49,65";01/04/2024
1004220998;28/03/2024 - 17:52:22;Débito;Pago;1/1;Visa;100;"0,7";0;"99,3";01/04/2024
1004221874;28/03/2024 - 17:52:47;Débito;Pago;1/1;Visa;100;"0,7";0;"99,3";01/04/2024
1004368210;28/03/2024 - 19:16:14;Débito;Pago;1/1;Visa;"235,02";"1,65";0;"233,37";01/04/2024
1004379152;28/03/2024 - 19:23:59;Débito;Pago;1/1;Visa;60;"0,42";0;"59,58";01/04/2024
1004131660;28/03/2024 - 17:05:35;Débito;Pago;1/1;Visa;"271,03";"1,9";0;"269,13";01/04/2024
1004155610;28/03/2024 - 17:18:25;Débito;Pago;1/1;Visa;50;"0,35";0;"49,65";01/04/2024
1003888482;28/03/2024 - 14:24:26;Débito;Pago;1/1;Visa;60;"0,42";0;"59,58";01/04/2024
1003900038;28/03/2024 - 14:33:18;Débito;Pago;1/1;Visa;50;"0,35";0;"49,65";01/04/2024
1003922824;28/03/2024 - 14:51:10;Débito;Pago;1/1;Visa;"82,86";"0,58";0;"82,28";01/04/2024
1004046398;28/03/2024 - 16:15:57;Débito;Pago;1/1;Visa;30;"0,21";0;"29,79";01/04/2024
1004070924;28/03/2024 - 16:30:39;Débito;Pago;1/1;Visa;50;"0,35";0;"49,65";01/04/2024
1003848146;28/03/2024 - 13:53:42;Débito;Pago;1/1;Visa;"109,89";"0,77";0;"109,12";01/04/2024
1003708266;28/03/2024 - 12:16:40;Débito;Pago;1/1;Visa;40;"0,28";0;"39,72";01/04/2024
1003626506;28/03/2024 - 11:22:10;Débito;Pago;1/1;Visa;"96,23";"0,67";0;"95,56";01/04/2024
1003464832;28/03/2024 - 09:11:32;Débito;Pago;1/1;Visa;"146,57";"1,03";0;"145,54";01/04/2024
973511651;28/03/2024 - 19:38:59;Débito;Pago;1/1;Visa;50;"0,35";0;"49,65";01/04/2024
1003416448;28/03/2024 - 08:24:07;Débito;Pago;1/1;Visa;15;"0,1";0;"14,9";01/04/2024
973188139;28/03/2024 - 16:15:16;Débito;Pago;1/1;Visa;100;"0,7";0;"99,3";01/04/2024
973363835;28/03/2024 - 18:01:51;Débito;Pago;1/1;Visa;"43,21";"0,3";0;"42,91";01/04/2024
973370159;28/03/2024 - 18:05:30;Débito;Pago;1/1;Visa;18;"0,13";0;"17,87";01/04/2024
973318297;28/03/2024 - 17:36:04;Débito;Pago;1/1;Visa;40;"0,28";0;"39,72";01/04/2024
973158551;28/03/2024 - 15:54:31;Débito;Pago;1/1;Visa;"215,28";"1,51";0;"213,77";01/04/2024
972528355;28/03/2024 - 07:20:29;Débito;Pago;1/1;Visa;60;"0,42";0;"59,58";01/04/2024
973085251;28/03/2024 - 14:59:09;Débito;Pago;1/1;Visa;25;"0,18";0;"24,82";01/04/2024
972765113;28/03/2024 - 11:01:45;Débito;Pago;1/1;Visa;"8,34";"0,06";0;"8,28";01/04/2024
972609509;28/03/2024 - 08:50:59;Débito;Pago;1/1;Visa;60;"0,42";0;"59,58";01/04/2024
972625643;28/03/2024 - 09:06:13;Débito;Pago;1/1;Visa;50;"0,35";0;"49,65";01/04/2024
972649763;28/03/2024 - 09:27:31;Débito;Pago;1/1;Visa;"69,8";"0,49";0;"69,31";01/04/2024
972541017;28/03/2024 - 07:36:08;Débito;Pago;1/1;Visa;40;"0,28";0;"39,72";01/04/2024
972543495;28/03/2024 - 07:39:12;Débito;Pago;1/1;Visa;50;"0,35";0;"49,65";01/04/2024
1007307648;31/03/2024 - 12:52:16;Débito;Pago;1/1;Visa;"196,68";"1,38";0;"195,3";01/04/2024
1007335284;31/03/2024 - 13:14:57;Débito;Pago;1/1;Visa;50;"0,35";0;"49,65";01/04/2024
1007516756;31/03/2024 - 16:28:13;Débito;Pago;1/1;Visa;50;"0,35";0;"49,65";01/04/2024
976334101;31/03/2024 - 14:54:27;Débito;Pago;1/1;Visa;40;"0,28";0;"39,72";01/04/2024
976342005;31/03/2024 - 15:04:45;Débito;Pago;1/1;Visa;20;"0,14";0;"19,86";01/04/2024
976190557;31/03/2024 - 12:29:54;Débito;Pago;1/1;Visa;12;"0,08";0;"11,92";01/04/2024
976165735;31/03/2024 - 12:12:10;Débito;Pago;1/1;Visa;50;"0,35";0;"49,65";01/04/2024
976171699;31/03/2024 - 12:16:14;Débito;Pago;1/1;Visa;100;"0,7";0;"99,3";01/04/2024
976175651;31/03/2024 - 12:18:59;Débito;Pago;1/1;Visa;150;"1,05";0;"148,95";01/04/2024
975883281;31/03/2024 - 08:31:36;Débito;Pago;1/1;Visa;"45,57";"0,32";0;"45,25";01/04/2024
972542241;28/03/2024 - 07:37:44;Débito;Pago;1/1;Mastercard;30;"0,21";0;"29,79";01/04/2024
972664659;28/03/2024 - 09:40:16;Débito;Pago;1/1;Mastercard;150;"1,05";0;"148,95";01/04/2024
972492383;28/03/2024 - 06:16:15;Débito;Pago;1/1;Mastercard;100;"0,7";0;"99,3";01/04/2024
972494965;28/03/2024 - 06:23:17;Débito;Pago;1/1;Mastercard;"92,81";"0,65";0;"92,16";01/04/2024
972636881;28/03/2024 - 09:16:34;Débito;Pago;1/1;Mastercard;50;"0,35";0;"49,65";01/04/2024
972645277;28/03/2024 - 09:23:32;Débito;Pago;1/1;Mastercard;200;"1,4";0;"198,6";01/04/2024
972830245;28/03/2024 - 11:48:14;Débito;Pago;1/1;Mastercard;100;"0,7";0;"99,3";01/04/2024
972832727;28/03/2024 - 11:49:56;Débito;Pago;1/1;Mastercard;"128,19";"0,9";0;"127,29";01/04/2024
972858325;28/03/2024 - 12:07:20;Débito;Pago;1/1;Mastercard;50;"0,35";0;"49,65";01/04/2024
972868559;28/03/2024 - 12:14:14;Débito;Pago;1/1;Mastercard;25;"0,18";0;"24,82";01/04/2024
972925513;28/03/2024 - 12:53:29;Débito;Pago;1/1;Mastercard;"226,27";"1,58";0;"224,69";01/04/2024
972608355;28/03/2024 - 08:49:46;Débito;Pago;1/1;Mastercard;20;"0,14";0;"19,86";01/04/2024
973090035;28/03/2024 - 15:02:54;Débito;Pago;1/1;Mastercard;110;"0,77";0;"109,23";01/04/2024
973071765;28/03/2024 - 14:48:46;Débito;Pago;1/1;Mastercard;"58,85";"0,41";0;"58,44";01/04/2024
972569495;28/03/2024 - 08:09:29;Débito;Pago;1/1;Mastercard;170;"1,19";0;"168,81";01/04/2024
972570221;28/03/2024 - 08:10:20;Débito;Pago;1/1;Mastercard;50;"0,35";0;"49,65";01/04/2024
973039103;28/03/2024 - 14:22:57;Débito;Pago;1/1;Mastercard;"27,97";"0,2";0;"27,77";01/04/2024
973041011;28/03/2024 - 14:24:34;Débito;Pago;1/1;Mastercard;40;"0,28";0;"39,72";01/04/2024
973044409;28/03/2024 - 14:27:23;Débito;Pago;1/1;Mastercard;10;"0,07";0;"9,93";01/04/2024
973057371;28/03/2024 - 14:37:40;Débito;Pago;1/1;Mastercard;30;"0,21";0;"29,79";01/04/2024
972729055;28/03/2024 - 10:33:46;Débito;Pago;1/1;Mastercard;30;"0,21";0;"29,79";01/04/2024
973097123;28/03/2024 - 15:08:18;Débito;Pago;1/1;Mastercard;100;"0,7";0;"99,3";01/04/2024
972524549;28/03/2024 - 07:15:09;Débito;Pago;1/1;Mastercard;20;"0,14";0;"19,86";01/04/2024
973347507;28/03/2024 - 17:52:32;Débito;Pago;1/1;Mastercard;20;"0,14";0;"19,86";01/04/2024
973302735;28/03/2024 - 17:27:11;Débito;Pago;1/1;Mastercard;60;"0,42";0;"59,58";01/04/2024
973315303;28/03/2024 - 17:34:23;Débito;Pago;1/1;Mastercard;50;"0,35";0;"49,65";01/04/2024
973195127;28/03/2024 - 16:20:09;Débito;Pago;1/1;Mastercard;"74,9";"0,52";0;"74,38";01/04/2024
973195945;28/03/2024 - 16:20:40;Débito;Pago;1/1;Mastercard;50;"0,35";0;"49,65";01/04/2024
973208963;28/03/2024 - 16:29:21;Débito;Pago;1/1;Mastercard;100;"0,7";0;"99,3";01/04/2024
973177527;28/03/2024 - 16:08:00;Débito;Pago;1/1;Mastercard;10;"0,07";0;"9,93";01/04/2024
973100567;28/03/2024 - 15:10:56;Débito;Pago;1/1;Mastercard;"66,41";"0,46";0;"65,95";01/04/2024
973109671;28/03/2024 - 15:17:46;Débito;Pago;1/1;Mastercard;"179,8";"1,26";0;"178,54";01/04/2024
973123473;28/03/2024 - 15:28:19;Débito;Pago;1/1;Mastercard;"35,06";"0,25";0;"34,81";01/04/2024
1003419260;28/03/2024 - 08:27:07;Débito;Pago;1/1;Mastercard;100;"0,7";0;"99,3";01/04/2024
1003422336;28/03/2024 - 08:30:13;Débito;Pago;1/1;Mastercard;60;"0,42";0;"59,58";01/04/2024
973388897;28/03/2024 - 18:16:34;Débito;Pago;1/1;Mastercard;20;"0,14";0;"19,86";01/04/2024
973390377;28/03/2024 - 18:17:27;Débito;Pago;1/1;Mastercard;100;"0,7";0;"99,3";01/04/2024
973570785;28/03/2024 - 20:30:47;Débito;Pago;1/1;Mastercard;100;"0,7";0;"99,3";01/04/2024
973579697;28/03/2024 - 20:39:52;Débito;Pago;1/1;Mastercard;100;"0,7";0;"99,3";01/04/2024
973591665;28/03/2024 - 20:52:27;Débito;Pago;1/1;Mastercard;150;"1,05";0;"148,95";01/04/2024
1003394580;28/03/2024 - 08:00:10;Débito;Pago;1/1;Mastercard;30;"0,21";0;"29,79";01/04/2024
1003405618;28/03/2024 - 08:12:16;Débito;Pago;1/1;Mastercard;50;"0,35";0;"49,65";01/04/2024
1003409568;28/03/2024 - 08:16:29;Débito;Pago;1/1;Mastercard;30;"0,21";0;"29,79";01/04/2024
1003337526;28/03/2024 - 06:46:30;Débito;Pago;1/1;Mastercard;50;"0,35";0;"49,65";01/04/2024
973493923;28/03/2024 - 19:25:20;Débito;Pago;1/1;Mastercard;65;"0,46";0;"64,54";01/04/2024
973504961;28/03/2024 - 19:33:34;Débito;Pago;1/1;Mastercard;50;"0,35";0;"49,65";01/04/2024
973508131;28/03/2024 - 19:36:13;Débito;Pago;1/1;Mastercard;"128,19";"0,9";0;"127,29";01/04/2024
1003636988;28/03/2024 - 11:29:28;Débito;Pago;1/1;Mastercard;20;"0,14";0;"19,86";01/04/2024
1003590118;28/03/2024 - 10:55:16;Débito;Pago;1/1;Mastercard;"57,9";"0,41";0;"57,49";01/04/2024
1003482152;28/03/2024 - 09:27:22;Débito;Pago;1/1;Mastercard;50;"0,35";0;"49,65";01/04/2024
1003504386;28/03/2024 - 09:46:26;Débito;Pago;1/1;Mastercard;100;"0,7";0;"99,3";01/04/2024
973244611;28/03/2024 - 16:52:32;Débito;Pago;1/1;Mastercard;50;"0,35";0;"49,65";01/04/2024
1003412536;28/03/2024 - 08:19:43;Débito;Pago;1/1;Mastercard;30;"0,21";0;"29,79";01/04/2024
1003413866;28/03/2024 - 08:21:13;Débito;Pago;1/1;Mastercard;50;"0,35";0;"49,65";01/04/2024
1003711140;28/03/2024 - 12:18:34;Débito;Pago;1/1;Mastercard;50;"0,35";0;"49,65";01/04/2024
1003742484;28/03/2024 - 12:39:19;Débito;Pago;1/1;Mastercard;20;"0,14";0;"19,86";01/04/2024
1003662388;28/03/2024 - 11:46:55;Débito;Pago;1/1;Mastercard;25;"0,18";0;"24,82";01/04/2024
1003524164;28/03/2024 - 10:02:35;Débito;Pago;1/1;Mastercard;50;"0,35";0;"49,65";01/04/2024
1003620682;28/03/2024 - 11:17:54;Débito;Pago;1/1;Mastercard;30;"0,21";0;"29,79";01/04/2024
1003760072;28/03/2024 - 12:50:33;Débito;Pago;1/1;Mastercard;"7,75";"0,05";0;"7,7";01/04/2024
1003779566;28/03/2024 - 13:03:32;Débito;Pago;1/1;Mastercard;10;"0,07";0;"9,93";01/04/2024
1003821908;28/03/2024 - 13:33:58;Débito;Pago;1/1;Mastercard;100;"0,7";0;"99,3";01/04/2024
1003895826;28/03/2024 - 14:30:02;Débito;Pago;1/1;Mastercard;30;"0,21";0;"29,79";01/04/2024
974682549;30/03/2024 - 08:46:53;Débito;Pago;1/1;Mastercard;"167,12";"1,17";0;"165,95";01/04/2024
1004093546;28/03/2024 - 16:43:42;Débito;Pago;1/1;Mastercard;38;"0,27";0;"37,73";01/04/2024
1004187304;28/03/2024 - 17:34:45;Débito;Pago;1/1;Mastercard;180;"1,26";0;"178,74";01/04/2024
1004089282;28/03/2024 - 16:41:13;Débito;Pago;1/1;Mastercard;"115,94";"0,81";0;"115,13";01/04/2024
1004090442;28/03/2024 - 16:41:52;Débito;Pago;1/1;Mastercard;20;"0,14";0;"19,86";01/04/2024
1004135996;28/03/2024 - 17:07:49;Débito;Pago;1/1;Mastercard;15;"0,1";0;"14,9";01/04/2024
1004151282;28/03/2024 - 17:15:58;Débito;Pago;1/1;Mastercard;20;"0,14";0;"19,86";01/04/2024
1004292654;28/03/2024 - 18:30:35;Débito;Pago;1/1;Mastercard;"19,3";"0,14";0;"19,16";01/04/2024
1004259112;28/03/2024 - 18:12:17;Débito;Pago;1/1;Mastercard;100;"0,7";0;"99,3";01/04/2024
1004268288;28/03/2024 - 18:17:14;Débito;Pago;1/1;Mastercard;20;"0,14";0;"19,86";01/04/2024
1004341644;28/03/2024 - 18:59:04;Débito;Pago;1/1;Mastercard;50;"0,35";0;"49,65";01/04/2024
1004362366;28/03/2024 - 19:12:17;Débito;Pago;1/1;Mastercard;100;"0,7";0;"99,3";01/04/2024
1004365138;28/03/2024 - 19:14:08;Débito;Pago;1/1;Mastercard;150;"1,05";0;"148,95";01/04/2024
1004331498;28/03/2024 - 18:52:57;Débito;Pago;1/1;Mastercard;50;"0,35";0;"49,65";01/04/2024
1004409308;28/03/2024 - 19:45:40;Débito;Pago;1/1;Mastercard;20;"0,14";0;"19,86";01/04/2024
1004299098;28/03/2024 - 18:34:21;Débito;Pago;1/1;Mastercard;25;"0,18";0;"24,82";01/04/2024
973883755;29/03/2024 - 09:37:08;Débito;Pago;1/1;Mastercard;"260,98";"1,83";0;"259,15";01/04/2024
1004540220;28/03/2024 - 21:48:01;Débito;Pago;1/1;Mastercard;50;"0,35";0;"49,65";01/04/2024
973901845;29/03/2024 - 09:53:47;Débito;Pago;1/1;Mastercard;"219,36";"1,54";0;"217,82";01/04/2024
973847857;29/03/2024 - 08:58:46;Débito;Pago;1/1;Mastercard;70;"0,49";0;"69,51";01/04/2024
973829085;29/03/2024 - 08:35:28;Débito;Pago;1/1;Mastercard;50;"0,35";0;"49,65";01/04/2024
974191699;29/03/2024 - 14:08:42;Débito;Pago;1/1;Mastercard;100;"0,7";0;"99,3";01/04/2024
974202933;29/03/2024 - 14:22:37;Débito;Pago;1/1;Mastercard;100;"0,7";0;"99,3";01/04/2024
973869365;29/03/2024 - 09:22:19;Débito;Pago;1/1;Mastercard;70;"0,49";0;"69,51";01/04/2024
973937677;29/03/2024 - 10:25:32;Débito;Pago;1/1;Mastercard;50;"0,35";0;"49,65";01/04/2024
974271561;29/03/2024 - 15:58:22;Débito;Pago;1/1;Mastercard;20;"0,14";0;"19,86";01/04/2024
974265883;29/03/2024 - 15:50:38;Débito;Pago;1/1;Mastercard;50;"0,35";0;"49,65";01/04/2024
974247863;29/03/2024 - 15:24:09;Débito;Pago;1/1;Mastercard;50;"0,35";0;"49,65";01/04/2024
974255479;29/03/2024 - 15:35:13;Débito;Pago;1/1;Mastercard;50;"0,35";0;"49,65";01/04/2024
973921397;29/03/2024 - 10:12:00;Débito;Pago;1/1;Mastercard;200;"1,4";0;"198,6";01/04/2024
974216157;29/03/2024 - 14:40:03;Débito;Pago;1/1;Mastercard;30;"0,21";0;"29,79";01/04/2024
974218359;29/03/2024 - 14:43:04;Débito;Pago;1/1;Mastercard;20;"0,14";0;"19,86";01/04/2024
974219473;29/03/2024 - 14:44:43;Débito;Pago;1/1;Mastercard;"289,79";"2,03";0;"287,76";01/04/2024
974223147;29/03/2024 - 14:50:14;Débito;Pago;1/1;Mastercard;50;"0,35";0;"49,65";01/04/2024
1004942126;29/03/2024 - 11:20:00;Débito;Pago;1/1;Mastercard;100;"0,7";0;"99,3";01/04/2024
1004948344;29/03/2024 - 11:23:58;Débito;Pago;1/1;Mastercard;"210,64";"1,47";0;"209,17";01/04/2024
1004952492;29/03/2024 - 11:26:33;Débito;Pago;1/1;Mastercard;"118,66";"0,83";0;"117,83";01/04/2024
1005048862;29/03/2024 - 12:36:15;Débito;Pago;1/1;Mastercard;60;"0,42";0;"59,58";01/04/2024
1005060168;29/03/2024 - 12:46:12;Débito;Pago;1/1;Mastercard;"95,42";"0,67";0;"94,75";01/04/2024
1005079818;29/03/2024 - 13:03:52;Débito;Pago;1/1;Mastercard;50;"0,35";0;"49,65";01/04/2024
1005016188;29/03/2024 - 12:10:42;Débito;Pago;1/1;Mastercard;100;"0,7";0;"99,3";01/04/2024
1005018344;29/03/2024 - 12:12:18;Débito;Pago;1/1;Mastercard;50;"0,35";0;"49,65";01/04/2024
974610359;30/03/2024 - 07:13:31;Débito;Pago;1/1;Mastercard;"119,62";"0,84";0;"118,78";01/04/2024
1005095822;29/03/2024 - 13:18:58;Débito;Pago;1/1;Mastercard;100;"0,7";0;"99,3";01/04/2024
1004922728;29/03/2024 - 11:06:14;Débito;Pago;1/1;Mastercard;99;"0,69";0;"98,31";01/04/2024
974665361;30/03/2024 - 08:30:52;Débito;Pago;1/1;Mastercard;70;"0,49";0;"69,51";01/04/2024
974734931;30/03/2024 - 09:27:31;Débito;Pago;1/1;Mastercard;"194,37";"1,36";0;"193,01";01/04/2024
975123765;30/03/2024 - 13:02:11;Débito;Pago;1/1;Mastercard;50;"0,35";0;"49,65";01/04/2024
975279397;30/03/2024 - 14:59:19;Débito;Pago;1/1;Mastercard;200;"1,4";0;"198,6";01/04/2024
975194105;30/03/2024 - 13:50:48;Débito;Pago;1/1;Mastercard;20;"0,14";0;"19,86";01/04/2024
975194613;30/03/2024 - 13:51:09;Débito;Pago;1/1;Mastercard;80;"0,56";0;"79,44";01/04/2024
975120915;30/03/2024 - 13:00:19;Débito;Pago;1/1;Mastercard;"171,62";"1,2";0;"170,42";01/04/2024
975302743;30/03/2024 - 15:19:08;Débito;Pago;1/1;Mastercard;6;"0,04";0;"5,96";01/04/2024
975362307;30/03/2024 - 16:07:56;Débito;Pago;1/1;Mastercard;"354,58";"2,48";0;"352,1";01/04/2024
975293547;30/03/2024 - 15:11:35;Débito;Pago;1/1;Mastercard;"16,35";"0,11";0;"16,24";01/04/2024
975523409;30/03/2024 - 18:20:52;Débito;Pago;1/1;Mastercard;50;"0,35";0;"49,65";01/04/2024
975392651;30/03/2024 - 16:32:38;Débito;Pago;1/1;Mastercard;50;"0,35";0;"49,65";01/04/2024
974955865;30/03/2024 - 11:30:59;Débito;Pago;1/1;Mastercard;50;"0,35";0;"49,65";01/04/2024
975563539;30/03/2024 - 18:55:40;Débito;Pago;1/1;Mastercard;60;"0,42";0;"59,58";01/04/2024
975555347;30/03/2024 - 18:48:47;Débito;Pago;1/1;Mastercard;70;"0,49";0;"69,51";01/04/2024
975674023;30/03/2024 - 20:42:00;Débito;Pago;1/1;Mastercard;100;"0,7";0;"99,3";01/04/2024
1005623066;30/03/2024 - 07:44:51;Débito;Pago;1/1;Mastercard;30;"0,21";0;"29,79";01/04/2024
1005634720;30/03/2024 - 08:01:26;Débito;Pago;1/1;Mastercard;50;"0,35";0;"49,65";01/04/2024
975585931;30/03/2024 - 19:14:57;Débito;Pago;1/1;Mastercard;50;"0,35";0;"49,65";01/04/2024
1005747438;30/03/2024 - 09:36:34;Débito;Pago;1/1;Mastercard;100;"0,7";0;"99,3";01/04/2024
1005760630;30/03/2024 - 09:44:50;Débito;Pago;1/1;Mastercard;50;"0,35";0;"49,65";01/04/2024
1005762624;30/03/2024 - 09:46:02;Débito;Pago;1/1;Mastercard;30;"0,21";0;"29,79";01/04/2024
1005883176;30/03/2024 - 10:53:09;Débito;Pago;1/1;Mastercard;100;"0,7";0;"99,3";01/04/2024
1005890444;30/03/2024 - 10:57:01;Débito;Pago;1/1;Mastercard;20;"0,14";0;"19,86";01/04/2024
975892433;31/03/2024 - 08:44:08;Débito;Pago;1/1;Mastercard;50;"0,35";0;"49,65";01/04/2024
1006735244;30/03/2024 - 20:55:41;Débito;Pago;1/1;Mastercard;15;"0,1";0;"14,9";01/04/2024
1006157214;30/03/2024 - 13:17:13;Débito;Pago;1/1;Mastercard;200;"1,4";0;"198,6";01/04/2024
1006163896;30/03/2024 - 13:21:38;Débito;Pago;1/1;Mastercard;50;"0,35";0;"49,65";01/04/2024
1006167640;30/03/2024 - 13:23:59;Débito;Pago;1/1;Mastercard;40;"0,28";0;"39,72";01/04/2024
1006248956;30/03/2024 - 14:22:24;Débito;Pago;1/1;Mastercard;"11,58";"0,08";0;"11,5";01/04/2024
1006527792;30/03/2024 - 17:57:01;Débito;Pago;1/1;Mastercard;30;"0,21";0;"29,79";01/04/2024
1006640056;30/03/2024 - 19:25:25;Débito;Pago;1/1;Mastercard;"14,5";"0,1";0;"14,4";01/04/2024
1006646680;30/03/2024 - 19:31:02;Débito;Pago;1/1;Mastercard;"136,47";"0,96";0;"135,51";01/04/2024
1006484574;30/03/2024 - 17:24:04;Débito;Pago;1/1;Mastercard;18;"0,13";0;"17,87";01/04/2024
1006497580;30/03/2024 - 17:34:17;Débito;Pago;1/1;Mastercard;15;"0,1";0;"14,9";01/04/2024
1006505780;30/03/2024 - 17:40:26;Débito;Pago;1/1;Mastercard;"125,24";"0,88";0;"124,36";01/04/2024
1006374010;30/03/2024 - 15:59:49;Débito;Pago;1/1;Mastercard;30;"0,21";0;"29,79";01/04/2024
1006387564;30/03/2024 - 16:10:17;Débito;Pago;1/1;Mastercard;"53,8";"0,38";0;"53,42";01/04/2024
1006400060;30/03/2024 - 16:19:41;Débito;Pago;1/1;Mastercard;20;"0,14";0;"19,86";01/04/2024
1006454482;30/03/2024 - 17:01:14;Débito;Pago;1/1;Mastercard;50;"0,35";0;"49,65";01/04/2024
1006263422;30/03/2024 - 14:33:36;Débito;Pago;1/1;Mastercard;50;"0,35";0;"49,65";01/04/2024
1006267570;30/03/2024 - 14:36:38;Débito;Pago;1/1;Mastercard;100;"0,7";0;"99,3";01/04/2024
976138475;31/03/2024 - 11:54:55;Débito;Pago;1/1;Mastercard;60;"0,42";0;"59,58";01/04/2024
976141799;31/03/2024 - 11:56:56;Débito;Pago;1/1;Mastercard;"164,43";"1,15";0;"163,28";01/04/2024
976178269;31/03/2024 - 12:20:51;Débito;Pago;1/1;Mastercard;20;"0,14";0;"19,86";01/04/2024
976116531;31/03/2024 - 11:41:42;Débito;Pago;1/1;Mastercard;"6,2";"0,04";0;"6,16";01/04/2024
976202703;31/03/2024 - 12:38:34;Débito;Pago;1/1;Mastercard;120;"0,84";0;"119,16";01/04/2024
976275343;31/03/2024 - 13:44:10;Débito;Pago;1/1;Mastercard;"49,99";"0,35";0;"49,64";01/04/2024
976325773;31/03/2024 - 14:44:01;Débito;Pago;1/1;Mastercard;"34,39";"0,24";0;"34,15";01/04/2024
976101045;31/03/2024 - 11:32:08;Débito;Pago;1/1;Mastercard;50;"0,35";0;"49,65";01/04/2024
976108557;31/03/2024 - 11:36:43;Débito;Pago;1/1;Mastercard;100;"0,7";0;"99,3";01/04/2024
976110487;31/03/2024 - 11:37:52;Débito;Pago;1/1;Mastercard;50;"0,35";0;"49,65";01/04/2024
976028543;31/03/2024 - 10:45:47;Débito;Pago;1/1;Mastercard;"161,11";"1,13";0;"159,98";01/04/2024
976035539;31/03/2024 - 10:50:25;Débito;Pago;1/1;Mastercard;50;"0,35";0;"49,65";01/04/2024
975973131;31/03/2024 - 10:03:55;Débito;Pago;1/1;Mastercard;50;"0,35";0;"49,65";01/04/2024
975930887;31/03/2024 - 09:26:33;Débito;Pago;1/1;Mastercard;50;"0,35";0;"49,65";01/04/2024
1006767492;30/03/2024 - 21:31:40;Débito;Pago;1/1;Mastercard;20;"0,14";0;"19,86";01/04/2024
975881183;31/03/2024 - 08:28:26;Débito;Pago;1/1;Mastercard;20;"0,14";0;"19,86";01/04/2024
976392261;31/03/2024 - 16:07:43;Débito;Pago;1/1;Mastercard;"2,11";"0,01";0;"2,1";01/04/2024
976352517;31/03/2024 - 15:17:52;Débito;Pago;1/1;Mastercard;86;"0,6";0;"85,4";01/04/2024
1007111148;31/03/2024 - 10:49:20;Débito;Pago;1/1;Mastercard;70;"0,49";0;"69,51";01/04/2024
1007517424;31/03/2024 - 16:29:00;Débito;Pago;1/1;Mastercard;15;"0,1";0;"14,9";01/04/2024
1007539912;31/03/2024 - 16:53:50;Débito;Pago;1/1;Mastercard;20;"0,14";0;"19,86";01/04/2024
1007540208;31/03/2024 - 16:54:09;Débito;Pago;1/1;Mastercard;20;"0,14";0;"19,86";01/04/2024
1007341682;31/03/2024 - 13:21:03;Débito;Pago;1/1;Mastercard;20;"0,14";0;"19,86";01/04/2024
1007346492;31/03/2024 - 13:25:28;Débito;Pago;1/1;Mastercard;30;"0,21";0;"29,79";01/04/2024
1007273002;31/03/2024 - 12:26:57;Débito;Pago;1/1;Mastercard;200;"1,4";0;"198,6";01/04/2024
1007293446;31/03/2024 - 12:41:38;Débito;Pago;1/1;Mastercard;"70,22";"0,49";0;"69,73";01/04/2024
1007304544;31/03/2024 - 12:49:45;Débito;Pago;1/1;Mastercard;50;"0,35";0;"49,65";01/04/2024
1007147650;31/03/2024 - 11:11:34;Débito;Pago;1/1;Mastercard;50;"0,35";0;"49,65";01/04/2024
1007155492;31/03/2024 - 11:16:13;Débito;Pago;1/1;Mastercard;50;"0,35";0;"49,65";01/04/2024
1007160540;31/03/2024 - 11:19:13;Débito;Pago;1/1;Mastercard;30;"0,21";0;"29,79";01/04/2024
1007162420;31/03/2024 - 11:20:16;Débito;Pago;1/1;Mastercard;25;"0,18";0;"24,82";01/04/2024
1007178896;31/03/2024 - 11:29:58;Débito;Pago;1/1;Mastercard;"20,09";"0,14";0;"19,95";01/04/2024
1007183910;31/03/2024 - 11:32:54;Débito;Pago;1/1;Mastercard;100;"0,7";0;"99,3";01/04/2024
969863580;28/02/2024 - 06:57:37;Crédito;Pago;1/1;Elo;"103,17";"1,91";0;"101,26";01/04/2024
943284135;29/02/2024 - 12:26:35;Crédito;Pago;1/1;Elo;50;"0,92";0;"49,08";01/04/2024
943451555;29/02/2024 - 14:57:35;Crédito;Pago;1/1;Elo;30;"0,56";0;"29,44";01/04/2024
970949244;29/02/2024 - 07:47:15;Crédito;Pago;1/1;Elo;"90,59";"1,68";0;"88,91";01/04/2024
971414560;29/02/2024 - 14:57:33;Crédito;Pago;1/1;Elo;30;"0,56";0;"29,44";01/04/2024
971566020;29/02/2024 - 17:01:22;Crédito;Pago;1/1;Elo;50;"0,92";0;"49,08";01/04/2024
944030217;01/03/2024 - 07:09:09;Crédito;Pago;1/1;Elo;100;"1,85";0;"98,15";01/04/2024
944257281;01/03/2024 - 10:59:37;Crédito;Pago;1/1;Elo;80;"1,48";0;"78,52";01/04/2024
972453398;01/03/2024 - 13:13:17;Crédito;Pago;1/1;Elo;30;"0,56";0;"29,44";01/04/2024
972759876;01/03/2024 - 17:05:23;Crédito;Pago;1/1;Elo;60;"1,11";0;"58,89";01/04/2024
972711836;01/03/2024 - 16:33:39;Crédito;Pago;1/1;Elo;"84,61";"1,57";0;"83,04";01/04/2024
945099775;01/03/2024 - 21:19:14;Crédito;Pago;1/1;Elo;"36,9";"0,68";0;"36,22";01/04/2024
945394203;02/03/2024 - 09:25:32;Crédito;Pago;1/1;Elo;"153,61";"2,84";0;"150,77";01/04/2024
973647806;02/03/2024 - 11:31:14;Crédito;Pago;1/1;Elo;50;"0,92";0;"49,08";01/04/2024
973755130;02/03/2024 - 12:28:00;Crédito;Pago;1/1;Elo;50;"0,92";0;"49,08";01/04/2024
1006643962;30/03/2024 - 19:28:37;Débito;Pago;1/1;Elo;19;"0,2";0;"18,8";01/04/2024
975596967;30/03/2024 - 19:25:00;Débito;Pago;1/1;Elo;30;"0,31";0;"29,69";01/04/2024
1005676198;30/03/2024 - 08:44:16;Débito;Pago;1/1;Elo;"148,9";"1,55";0;"147,35";01/04/2024
1005732786;30/03/2024 - 09:27:10;Débito;Pago;1/1;Elo;50;"0,52";0;"49,48";01/04/2024
975310029;30/03/2024 - 15:24:59;Débito;Pago;1/1;Elo;150;"1,56";0;"148,44";01/04/2024
974798999;30/03/2024 - 10:08:04;Débito;Pago;1/1;Elo;"29,88";"0,31";0;"29,57";01/04/2024
974643549;30/03/2024 - 08:06:33;Débito;Pago;1/1;Elo;100;"1,04";0;"98,96";01/04/2024
974679291;30/03/2024 - 08:43:55;Débito;Pago;1/1;Elo;20;"0,21";0;"19,79";01/04/2024
1004902184;29/03/2024 - 10:51:10;Débito;Pago;1/1;Elo;"487,21";"5,07";0;"482,14";01/04/2024
974179487;29/03/2024 - 13:54:01;Débito;Pago;1/1;Elo;50;"0,52";0;"49,48";01/04/2024
1004709400;29/03/2024 - 07:40:16;Débito;Pago;1/1;Elo;100;"1,04";0;"98,96";01/04/2024
973870755;29/03/2024 - 09:23:47;Débito;Pago;1/1;Elo;"151,62";"1,58";0;"150,04";01/04/2024
973830179;29/03/2024 - 08:36:56;Débito;Pago;1/1;Elo;"20,55";"0,21";0;"20,34";01/04/2024
1004535202;28/03/2024 - 21:41:58;Débito;Pago;1/1;Elo;"192,69";2;0;"190,69";01/04/2024
1004358888;28/03/2024 - 19:09:48;Débito;Pago;1/1;Elo;"104,32";"1,08";0;"103,24";01/04/2024
1004093020;28/03/2024 - 16:43:24;Débito;Pago;1/1;Elo;175;"1,82";0;"173,18";01/04/2024
1003857968;28/03/2024 - 14:01:26;Débito;Pago;1/1;Elo;"199,8";"2,08";0;"197,72";01/04/2024
1003861702;28/03/2024 - 14:04:31;Débito;Pago;1/1;Elo;70;"0,73";0;"69,27";01/04/2024
1003564280;28/03/2024 - 10:34:26;Débito;Pago;1/1;Elo;50;"0,52";0;"49,48";01/04/2024
1003579440;28/03/2024 - 10:46:49;Débito;Pago;1/1;Elo;100;"1,04";0;"98,96";01/04/2024
1003335846;28/03/2024 - 06:43:40;Débito;Pago;1/1;Elo;50;"0,52";0;"49,48";01/04/2024
973385089;28/03/2024 - 18:14:17;Débito;Pago;1/1;Elo;50;"0,52";0;"49,48";01/04/2024
973185237;28/03/2024 - 16:13:12;Débito;Pago;1/1;Elo;100;"1,04";0;"98,96";01/04/2024
972552357;28/03/2024 - 07:49:40;Débito;Pago;1/1;Elo;30;"0,31";0;"29,69";01/04/2024
972513149;28/03/2024 - 06:58:03;Débito;Pago;1/1;Elo;"155,02";"1,61";0;"153,41";01/04/2024
1007088428;31/03/2024 - 10:34:19;Débito;Pago;1/1;Elo;50;"0,52";0;"49,48";01/04/2024
976118847;31/03/2024 - 11:43:00;Débito;Pago;1/1;Elo;"144,29";"1,5";0;"142,79";01/04/2024
976048793;31/03/2024 - 10:59:24;Débito;Pago;1/1;Elo;50;"0,52";0;"49,48";01/04/2024
945406111;02/03/2024 - 09:33:58;Crédito;Pago;1/1;American Express;50;"1,35";0;"48,65";01/04/2024
942096339;28/02/2024 - 10:01:19;Crédito;Pago;1/1;American Express;"323,95";"8,75";0;"315,2";01/04/2024
943149703;29/02/2024 - 10:31:39;Crédito;Pago;1/1;Hipercard;"208,09";"3,02";0;"205,07";01/04/2024
974715088;03/03/2024 - 09:17:01;Crédito;Pago;1/1;Visa;100;"1,45";0;"98,55";02/04/2024
974731610;03/03/2024 - 09:32:12;Crédito;Pago;1/1;Visa;100;"1,45";0;"98,55";02/04/2024
975048812;03/03/2024 - 13:10:27;Crédito;Pago;1/1;Visa;100;"1,45";0;"98,55";02/04/2024
975169612;03/03/2024 - 15:13:45;Crédito;Pago;1/1;Visa;"19,11";"0,28";0;"18,83";02/04/2024
977235527;01/04/2024 - 14:44:24;Crédito;Pago;1/1;Visa;50;"0,72";0;"49,28";02/04/2024
977562767;01/04/2024 - 19:16:05;Crédito;Pago;1/1;Mastercard;50;"0,72";0;"49,28";02/04/2024
974996272;03/03/2024 - 12:30:17;Crédito;Pago;1/1;Mastercard;"164,65";"2,39";0;"162,26";02/04/2024
975039088;03/03/2024 - 13:02:09;Crédito;Pago;1/1;Mastercard;150;"2,18";0;"147,82";02/04/2024
975109564;03/03/2024 - 14:07:51;Crédito;Pago;1/1;Mastercard;"166,86";"2,42";0;"164,44";02/04/2024
975112684;03/03/2024 - 14:11:02;Crédito;Pago;1/1;Mastercard;100;"1,45";0;"98,55";02/04/2024
975114626;03/03/2024 - 14:13:09;Crédito;Pago;1/1;Mastercard;20;"0,29";0;"19,71";02/04/2024
975149540;03/03/2024 - 14:51:06;Crédito;Pago;1/1;Mastercard;50;"0,72";0;"49,28";02/04/2024
974748672;03/03/2024 - 09:47:02;Crédito;Pago;1/1;Mastercard;100;"1,45";0;"98,55";02/04/2024
974811764;03/03/2024 - 10:35:15;Crédito;Pago;1/1;Mastercard;150;"2,18";0;"147,82";02/04/2024
974816854;03/03/2024 - 10:38:09;Crédito;Pago;1/1;Mastercard;100;"1,45";0;"98,55";02/04/2024
974823366;03/03/2024 - 10:42:00;Crédito;Pago;1/1;Mastercard;"76,07";"1,1";0;"74,97";02/04/2024
974843706;03/03/2024 - 10:55:34;Crédito;Pago;1/1;Mastercard;100;"1,45";0;"98,55";02/04/2024
974855740;03/03/2024 - 11:03:20;Crédito;Pago;1/1;Mastercard;"29,95";"0,43";0;"29,52";02/04/2024
974861302;03/03/2024 - 11:06:52;Crédito;Pago;1/1;Mastercard;50;"0,72";0;"49,28";02/04/2024
974892636;03/03/2024 - 11:26:17;Crédito;Pago;1/1;Mastercard;50;"0,72";0;"49,28";02/04/2024
974904796;03/03/2024 - 11:33:35;Crédito;Pago;1/1;Mastercard;"239,71";"3,48";0;"236,23";02/04/2024
974916892;03/03/2024 - 11:40:33;Crédito;Pago;1/1;Mastercard;100;"1,45";0;"98,55";02/04/2024
974964538;03/03/2024 - 12:09:10;Crédito;Pago;1/1;Mastercard;30;"0,44";0;"29,56";02/04/2024
946733197;03/03/2024 - 10:08:49;Crédito;Pago;1/1;Mastercard;100;"1,45";0;"98,55";02/04/2024
946754157;03/03/2024 - 10:25:24;Crédito;Pago;1/1;Mastercard;100;"1,45";0;"98,55";02/04/2024
946758881;03/03/2024 - 10:29:01;Crédito;Pago;1/1;Mastercard;100;"1,45";0;"98,55";02/04/2024
977564143;01/04/2024 - 19:17:35;Débito;Pago;1/1;Visa;100;"0,7";0;"99,3";02/04/2024
977624959;01/04/2024 - 20:39:07;Débito;Pago;1/1;Visa;10;"0,07";0;"9,93";02/04/2024
1007939546;01/04/2024 - 07:34:51;Débito;Pago;1/1;Visa;100;"0,7";0;"99,3";02/04/2024
1007946130;01/04/2024 - 07:42:28;Débito;Pago;1/1;Visa;150;"1,05";0;"148,95";02/04/2024
1008183082;01/04/2024 - 11:43:52;Débito;Pago;1/1;Visa;50;"0,35";0;"49,65";02/04/2024
1008279968;01/04/2024 - 13:03:26;Débito;Pago;1/1;Visa;20;"0,14";0;"19,86";02/04/2024
1008413686;01/04/2024 - 15:15:06;Débito;Pago;1/1;Visa;20;"0,14";0;"19,86";02/04/2024
1008513866;01/04/2024 - 16:40:31;Débito;Pago;1/1;Visa;30;"0,21";0;"29,79";02/04/2024
1008647698;01/04/2024 - 18:07:20;Débito;Pago;1/1;Visa;"117,6";"0,82";0;"116,78";02/04/2024
1008798684;01/04/2024 - 20:27:21;Débito;Pago;1/1;Visa;50;"0,35";0;"49,65";02/04/2024
977388127;01/04/2024 - 17:06:16;Débito;Pago;1/1;Visa;50;"0,35";0;"49,65";02/04/2024
977408773;01/04/2024 - 17:20:45;Débito;Pago;1/1;Visa;20;"0,14";0;"19,86";02/04/2024
977515837;01/04/2024 - 18:34:43;Débito;Pago;1/1;Visa;"233,39";"1,63";0;"231,76";02/04/2024
976864799;01/04/2024 - 08:46:13;Débito;Pago;1/1;Visa;100;"0,7";0;"99,3";02/04/2024
976868901;01/04/2024 - 08:50:44;Débito;Pago;1/1;Visa;50;"0,35";0;"49,65";02/04/2024
976898449;01/04/2024 - 09:22:02;Débito;Pago;1/1;Visa;"48,98";"0,34";0;"48,64";02/04/2024
976917393;01/04/2024 - 09:41:45;Débito;Pago;1/1;Visa;199;"1,39";0;"197,61";02/04/2024
976922655;01/04/2024 - 09:47:12;Débito;Pago;1/1;Visa;"177,91";"1,25";0;"176,66";02/04/2024
976940915;01/04/2024 - 10:05:16;Débito;Pago;1/1;Visa;100;"0,7";0;"99,3";02/04/2024
977202873;01/04/2024 - 14:09:01;Débito;Pago;1/1;Visa;50;"0,35";0;"49,65";02/04/2024
977002923;01/04/2024 - 11:08:39;Débito;Pago;1/1;Visa;50;"0,35";0;"49,65";02/04/2024
977561489;01/04/2024 - 19:14:38;Débito;Pago;1/1;Mastercard;"214,58";"1,5";0;"213,08";02/04/2024
977005267;01/04/2024 - 11:10:46;Débito;Pago;1/1;Mastercard;60;"0,42";0;"59,58";02/04/2024
977209823;01/04/2024 - 14:16:15;Débito;Pago;1/1;Mastercard;50;"0,35";0;"49,65";02/04/2024
977212739;01/04/2024 - 14:19:20;Débito;Pago;1/1;Mastercard;"23,1";"0,16";0;"22,94";02/04/2024
976947735;01/04/2024 - 10:12:31;Débito;Pago;1/1;Mastercard;30;"0,21";0;"29,79";02/04/2024
976987217;01/04/2024 - 10:53:02;Débito;Pago;1/1;Mastercard;"26,52";"0,19";0;"26,33";02/04/2024
976989979;01/04/2024 - 10:55:40;Débito;Pago;1/1;Mastercard;50;"0,35";0;"49,65";02/04/2024
977043873;01/04/2024 - 11:46:01;Débito;Pago;1/1;Mastercard;"141,37";"0,99";0;"140,38";02/04/2024
977064131;01/04/2024 - 12:03:25;Débito;Pago;1/1;Mastercard;220;"1,54";0;"218,46";02/04/2024
977068241;01/04/2024 - 12:06:47;Débito;Pago;1/1;Mastercard;"192,81";"1,35";0;"191,46";02/04/2024
977108889;01/04/2024 - 12:40:39;Débito;Pago;1/1;Mastercard;80;"0,56";0;"79,44";02/04/2024
977158463;01/04/2024 - 13:23:41;Débito;Pago;1/1;Mastercard;"28,95";"0,2";0;"28,75";02/04/2024
977186331;01/04/2024 - 13:52:12;Débito;Pago;1/1;Mastercard;50;"0,35";0;"49,65";02/04/2024
977197121;01/04/2024 - 14:03:17;Débito;Pago;1/1;Mastercard;"114,8";"0,8";0;114;02/04/2024
976903149;01/04/2024 - 09:26:49;Débito;Pago;1/1;Mastercard;30;"0,21";0;"29,79";02/04/2024
976915139;01/04/2024 - 09:39:22;Débito;Pago;1/1;Mastercard;"99,8";"0,7";0;"99,1";02/04/2024
976865877;01/04/2024 - 08:47:28;Débito;Pago;1/1;Mastercard;"23,74";"0,17";0;"23,57";02/04/2024
976867901;01/04/2024 - 08:49:40;Débito;Pago;1/1;Mastercard;10;"0,07";0;"9,93";02/04/2024
977523429;01/04/2024 - 18:40:33;Débito;Pago;1/1;Mastercard;"8,77";"0,06";0;"8,71";02/04/2024
977426051;01/04/2024 - 17:32:18;Débito;Pago;1/1;Mastercard;100;"0,7";0;"99,3";02/04/2024
977434713;01/04/2024 - 17:38:04;Débito;Pago;1/1;Mastercard;70;"0,49";0;"69,51";02/04/2024
977435287;01/04/2024 - 17:38:28;Débito;Pago;1/1;Mastercard;50;"0,35";0;"49,65";02/04/2024
977490225;01/04/2024 - 18:15:41;Débito;Pago;1/1;Mastercard;"31,5";"0,22";0;"31,28";02/04/2024
977501749;01/04/2024 - 18:24:03;Débito;Pago;1/1;Mastercard;40;"0,28";0;"39,72";02/04/2024
977512251;01/04/2024 - 18:32:00;Débito;Pago;1/1;Mastercard;100;"0,7";0;"99,3";02/04/2024
976771795;01/04/2024 - 06:54:21;Débito;Pago;1/1;Mastercard;50;"0,35";0;"49,65";02/04/2024
976773929;01/04/2024 - 06:57:16;Débito;Pago;1/1;Mastercard;10;"0,07";0;"9,93";02/04/2024
976790109;01/04/2024 - 07:17:49;Débito;Pago;1/1;Mastercard;50;"0,35";0;"49,65";02/04/2024
976863137;01/04/2024 - 08:44:11;Débito;Pago;1/1;Mastercard;60;"0,42";0;"59,58";02/04/2024
976759645;01/04/2024 - 06:35:56;Débito;Pago;1/1;Mastercard;"231,83";"1,62";0;"230,21";02/04/2024
976761081;01/04/2024 - 06:38:28;Débito;Pago;1/1;Mastercard;25;"0,18";0;"24,82";02/04/2024
976763731;01/04/2024 - 06:42:50;Débito;Pago;1/1;Mastercard;70;"0,49";0;"69,51";02/04/2024
977405239;01/04/2024 - 17:18:10;Débito;Pago;1/1;Mastercard;50;"0,35";0;"49,65";02/04/2024
977645637;01/04/2024 - 21:23:37;Débito;Pago;1/1;Mastercard;30;"0,21";0;"29,79";02/04/2024
977650195;01/04/2024 - 21:35:00;Débito;Pago;1/1;Mastercard;"317,7";"2,22";0;"315,48";02/04/2024
977238165;01/04/2024 - 14:47:13;Débito;Pago;1/1;Mastercard;20;"0,14";0;"19,86";02/04/2024
977244897;01/04/2024 - 14:54:10;Débito;Pago;1/1;Mastercard;50;"0,35";0;"49,65";02/04/2024
977261583;01/04/2024 - 15:11:28;Débito;Pago;1/1;Mastercard;20;"0,14";0;"19,86";02/04/2024
977265035;01/04/2024 - 15:15:01;Débito;Pago;1/1;Mastercard;"57,9";"0,41";0;"57,49";02/04/2024
977267509;01/04/2024 - 15:17:36;Débito;Pago;1/1;Mastercard;20;"0,14";0;"19,86";02/04/2024
1008809968;01/04/2024 - 20:44:44;Débito;Pago;1/1;Mastercard;10;"0,07";0;"9,93";02/04/2024
1008818166;01/04/2024 - 20:58:53;Débito;Pago;1/1;Mastercard;30;"0,21";0;"29,79";02/04/2024
977636603;01/04/2024 - 21:02:28;Débito;Pago;1/1;Mastercard;"79,32";"0,56";0;"78,76";02/04/2024
977638387;01/04/2024 - 21:06:09;Débito;Pago;1/1;Mastercard;18;"0,13";0;"17,87";02/04/2024
1008717506;01/04/2024 - 18:55:55;Débito;Pago;1/1;Mastercard;40;"0,28";0;"39,72";02/04/2024
1008729948;01/04/2024 - 19:06:19;Débito;Pago;1/1;Mastercard;100;"0,7";0;"99,3";02/04/2024
1008769450;01/04/2024 - 19:47:29;Débito;Pago;1/1;Mastercard;10;"0,07";0;"9,93";02/04/2024
1008778164;01/04/2024 - 19:58:11;Débito;Pago;1/1;Mastercard;"43,07";"0,3";0;"42,77";02/04/2024
1008778462;01/04/2024 - 19:58:33;Débito;Pago;1/1;Mastercard;30;"0,21";0;"29,79";02/04/2024
1008780812;01/04/2024 - 20:01:38;Débito;Pago;1/1;Mastercard;"264,6";"1,85";0;"262,75";02/04/2024
1008658102;01/04/2024 - 18:13:56;Débito;Pago;1/1;Mastercard;30;"0,21";0;"29,79";02/04/2024
1008695152;01/04/2024 - 18:39:17;Débito;Pago;1/1;Mastercard;60;"0,42";0;"59,58";02/04/2024
1008704770;01/04/2024 - 18:46:17;Débito;Pago;1/1;Mastercard;60;"0,42";0;"59,58";02/04/2024
1008550020;01/04/2024 - 17:05:48;Débito;Pago;1/1;Mastercard;50;"0,35";0;"49,65";02/04/2024
1008592104;01/04/2024 - 17:32:29;Débito;Pago;1/1;Mastercard;"135,83";"0,95";0;"134,88";02/04/2024
1008606766;01/04/2024 - 17:41:34;Débito;Pago;1/1;Mastercard;40;"0,28";0;"39,72";02/04/2024
1008613702;01/04/2024 - 17:45:38;Débito;Pago;1/1;Mastercard;"200,8";"1,41";0;"199,39";02/04/2024
1008640968;01/04/2024 - 18:02:48;Débito;Pago;1/1;Mastercard;"42,15";"0,3";0;"41,85";02/04/2024
1008453552;01/04/2024 - 15:51:58;Débito;Pago;1/1;Mastercard;30;"0,21";0;"29,79";02/04/2024
1008309796;01/04/2024 - 13:30:30;Débito;Pago;1/1;Mastercard;50;"0,35";0;"49,65";02/04/2024
1008333244;01/04/2024 - 13:52:48;Débito;Pago;1/1;Mastercard;"169,04";"1,18";0;"167,86";02/04/2024
1008345384;01/04/2024 - 14:05:23;Débito;Pago;1/1;Mastercard;50;"0,35";0;"49,65";02/04/2024
1008412248;01/04/2024 - 15:13:46;Débito;Pago;1/1;Mastercard;100;"0,7";0;"99,3";02/04/2024
1007937208;01/04/2024 - 07:32:16;Débito;Pago;1/1;Mastercard;"135,84";"0,95";0;"134,89";02/04/2024
1008269298;01/04/2024 - 12:54:22;Débito;Pago;1/1;Mastercard;40;"0,28";0;"39,72";02/04/2024
1008211620;01/04/2024 - 12:07:16;Débito;Pago;1/1;Mastercard;60;"0,42";0;"59,58";02/04/2024
1008232378;01/04/2024 - 12:23:47;Débito;Pago;1/1;Mastercard;20;"0,14";0;"19,86";02/04/2024
1007963648;01/04/2024 - 08:01:37;Débito;Pago;1/1;Mastercard;30;"0,21";0;"29,79";02/04/2024
1007981808;01/04/2024 - 08:22:47;Débito;Pago;1/1;Mastercard;200;"1,4";0;"198,6";02/04/2024
1008023880;01/04/2024 - 09:10:12;Débito;Pago;1/1;Mastercard;"227,74";"1,59";0;"226,15";02/04/2024
1008070014;01/04/2024 - 09:57:16;Débito;Pago;1/1;Mastercard;200;"1,4";0;"198,6";02/04/2024
1008082868;01/04/2024 - 10:09:41;Débito;Pago;1/1;Mastercard;"22,81";"0,16";0;"22,65";02/04/2024
1008100048;01/04/2024 - 10:26:33;Débito;Pago;1/1;Mastercard;"135,89";"0,95";0;"134,94";02/04/2024
1008144888;01/04/2024 - 11:09:47;Débito;Pago;1/1;Mastercard;50;"0,35";0;"49,65";02/04/2024
1008178894;01/04/2024 - 11:40:25;Débito;Pago;1/1;Mastercard;30;"0,21";0;"29,79";02/04/2024
1007940722;01/04/2024 - 07:36:13;Débito;Pago;1/1;Mastercard;70;"0,49";0;"69,51";02/04/2024
1007943434;01/04/2024 - 07:39:24;Débito;Pago;1/1;Mastercard;50;"0,35";0;"49,65";02/04/2024
1007944788;01/04/2024 - 07:40:57;Débito;Pago;1/1;Mastercard;50;"0,35";0;"49,65";02/04/2024
1007917926;01/04/2024 - 07:10:18;Débito;Pago;1/1;Mastercard;70;"0,49";0;"69,51";02/04/2024
1007922408;01/04/2024 - 07:15:34;Débito;Pago;1/1;Mastercard;60;"0,42";0;"59,58";02/04/2024
1007929412;01/04/2024 - 07:23:51;Débito;Pago;1/1;Mastercard;20;"0,14";0;"19,86";02/04/2024
977567667;01/04/2024 - 19:21:17;Débito;Pago;1/1;Mastercard;"26,29";"0,18";0;"26,11";02/04/2024
977573229;01/04/2024 - 19:27:25;Débito;Pago;1/1;Mastercard;30;"0,21";0;"29,79";02/04/2024
977573759;01/04/2024 - 19:28:05;Débito;Pago;1/1;Mastercard;50;"0,35";0;"49,65";02/04/2024
977576759;01/04/2024 - 19:31:29;Débito;Pago;1/1;Mastercard;30;"0,21";0;"29,79";02/04/2024
974986660;03/03/2024 - 12:23:43;Crédito;Pago;1/1;Elo;"41,69";"0,77";0;"40,92";02/04/2024
975076392;03/03/2024 - 13:34:52;Crédito;Pago;1/1;Elo;50;"0,92";0;"49,08";02/04/2024
1007932316;01/04/2024 - 07:27:04;Débito;Pago;1/1;Elo;"89,7";"0,93";0;"88,77";02/04/2024
1008257672;01/04/2024 - 12:44:29;Débito;Pago;1/1;Elo;"44,81";"0,47";0;"44,34";02/04/2024
1008301820;01/04/2024 - 13:23:20;Débito;Pago;1/1;Elo;5;"0,05";0;"4,95";02/04/2024
1008708426;01/04/2024 - 18:49:01;Débito;Pago;1/1;Elo;50;"0,52";0;"49,48";02/04/2024
1008681326;01/04/2024 - 18:29:27;Débito;Pago;1/1;Elo;50;"0,52";0;"49,48";02/04/2024
977640851;01/04/2024 - 21:11:42;Débito;Pago;1/1;Elo;100;"1,04";0;"98,96";02/04/2024
977643469;01/04/2024 - 21:18:25;Débito;Pago;1/1;Elo;"34,9";"0,36";0;"34,54";02/04/2024
977408159;01/04/2024 - 17:20:17;Débito;Pago;1/1;Elo;100;"1,04";0;"98,96";02/04/2024
976768527;01/04/2024 - 06:49:53;Débito;Pago;1/1;Elo;50;"0,52";0;"49,48";02/04/2024
977557249;01/04/2024 - 19:10:04;Débito;Pago;1/1;Elo;10;"0,1";0;"9,9";02/04/2024
977021099;01/04/2024 - 11:25:47;Débito;Pago;1/1;Elo;50;"0,52";0;"49,48";02/04/2024
911649982;08/01/2024 - 18:52:00;Crédito;Pago;3/3;Visa;"151,43";"3,1";"0,34";"147,99";03/04/2024
918952291;06/02/2024 - 11:06:43;Crédito;Pago;2/3;Visa;"185,93";"3,81";"0,42";"181,7";03/04/2024
924141361;10/02/2024 - 15:29:35;Crédito;Pago;2/3;Visa;"139,73";"2,86";"0,44";"136,43";03/04/2024
949973006;10/02/2024 - 10:12:54;Crédito;Pago;2/2;Visa;"225,05";"4,61";"0,71";"219,73";03/04/2024
921165547;08/02/2024 - 11:25:29;Crédito;Pago;2/3;Visa;"215,74";"4,42";"0,49";"210,83";03/04/2024
948468228;09/02/2024 - 10:21:43;Crédito;Pago;2/3;Visa;"191,82";"3,93";"0,52";"187,37";03/04/2024
947501003;04/03/2024 - 06:25:51;Crédito;Pago;1/1;Visa;40;"0,58";0;"39,42";03/04/2024
947496579;04/03/2024 - 06:15:44;Crédito;Pago;1/1;Visa;"79,03";"1,15";0;"77,88";03/04/2024
947562775;04/03/2024 - 07:51:05;Crédito;Pago;1/1;Visa;20;"0,29";0;"19,71";03/04/2024
947528535;04/03/2024 - 07:09:40;Crédito;Pago;1/1;Visa;30;"0,44";0;"29,56";03/04/2024
947529869;04/03/2024 - 07:11:17;Crédito;Pago;1/1;Visa;63;"0,91";0;"62,09";03/04/2024
947773363;04/03/2024 - 11:35:52;Crédito;Pago;1/1;Visa;70;"1,02";0;"68,98";03/04/2024
947792669;04/03/2024 - 11:52:30;Crédito;Pago;1/1;Visa;20;"0,29";0;"19,71";03/04/2024
948219197;04/03/2024 - 18:03:56;Crédito;Pago;1/1;Visa;"412,73";"5,98";0;"406,75";03/04/2024
948226207;04/03/2024 - 18:08:42;Crédito;Pago;1/1;Visa;30;"0,44";0;"29,56";03/04/2024
947984789;04/03/2024 - 14:52:17;Crédito;Pago;1/1;Visa;"260,03";"3,77";0;"256,26";03/04/2024
947990207;04/03/2024 - 14:58:01;Crédito;Pago;1/1;Visa;200;"2,9";0;"197,1";03/04/2024
948276421;04/03/2024 - 18:45:19;Crédito;Pago;1/1;Visa;20;"0,29";0;"19,71";03/04/2024
975768018;04/03/2024 - 09:52:46;Crédito;Pago;1/1;Visa;103;"1,49";0;"101,51";03/04/2024
975779908;04/03/2024 - 10:04:39;Crédito;Pago;1/1;Visa;30;"0,44";0;"29,56";03/04/2024
976018466;04/03/2024 - 13:39:22;Crédito;Pago;1/1;Visa;"211,3";"3,06";0;"208,24";03/04/2024
976027766;04/03/2024 - 13:48:39;Crédito;Pago;1/1;Visa;100;"1,45";0;"98,55";03/04/2024
976052228;04/03/2024 - 14:13:31;Crédito;Pago;1/1;Visa;20;"0,29";0;"19,71";03/04/2024
948390735;04/03/2024 - 21:04:32;Crédito;Pago;1/1;Visa;50;"0,72";0;"49,28";03/04/2024
976542800;04/03/2024 - 21:38:40;Crédito;Pago;1/1;Visa;"183,14";"2,66";0;"180,48";03/04/2024
948667653;05/03/2024 - 10:31:43;Crédito;Pago;1/1;Visa;100;"1,45";"0,05";"98,5";03/04/2024
949352121;05/03/2024 - 20:17:55;Crédito;Pago;1/1;Visa;100;"1,45";"0,05";"98,5";03/04/2024
948714841;05/03/2024 - 11:18:00;Crédito;Pago;1/1;Visa;50;"0,72";"0,02";"49,26";03/04/2024
976734620;05/03/2024 - 09:09:40;Crédito;Pago;1/1;Visa;"57,73";"0,84";"0,03";"56,86";03/04/2024
976754208;05/03/2024 - 09:29:46;Crédito;Pago;1/1;Visa;100;"1,45";"0,05";"98,5";03/04/2024
976950846;05/03/2024 - 12:27:30;Crédito;Pago;1/1;Visa;50;"0,72";"0,02";"49,26";03/04/2024
977000524;05/03/2024 - 13:06:47;Crédito;Pago;1/1;Visa;15;"0,22";"0,01";"14,77";03/04/2024
977465850;05/03/2024 - 19:08:50;Crédito;Pago;1/1;Visa;50;"0,72";"0,02";"49,26";03/04/2024
977480040;05/03/2024 - 19:20:13;Crédito;Pago;1/1;Visa;50;"0,72";"0,02";"49,26";03/04/2024
977166220;05/03/2024 - 15:41:47;Crédito;Pago;1/1;Visa;100;"1,45";"0,05";"98,5";03/04/2024
977280270;05/03/2024 - 17:09:55;Crédito;Pago;1/1;Visa;50;"0,72";"0,02";"49,26";03/04/2024
950056735;06/03/2024 - 15:58:06;Crédito;Pago;1/1;Visa;"176,71";"2,56";"0,16";"173,99";03/04/2024
950255885;06/03/2024 - 18:13:49;Crédito;Pago;1/1;Visa;"248,8";"3,61";"0,23";"244,96";03/04/2024
977671994;06/03/2024 - 06:49:16;Crédito;Pago;1/1;Visa;"186,34";"2,7";"0,17";"183,47";03/04/2024
977705222;06/03/2024 - 07:31:18;Crédito;Pago;1/1;Visa;50;"0,72";"0,05";"49,23";03/04/2024
977973148;06/03/2024 - 11:48:38;Crédito;Pago;1/1;Visa;100;"1,45";"0,09";"98,46";03/04/2024
978025762;06/03/2024 - 12:27:52;Crédito;Pago;1/1;Visa;100;"1,45";"0,09";"98,46";03/04/2024
978158368;06/03/2024 - 14:16:03;Crédito;Pago;1/1;Visa;"7,97";"0,12";"0,01";"7,84";03/04/2024
978222838;06/03/2024 - 15:16:02;Crédito;Pago;1/1;Visa;80;"1,16";"0,07";"78,77";03/04/2024
978568676;06/03/2024 - 19:07:15;Crédito;Pago;1/1;Visa;50;"0,72";"0,05";"49,23";03/04/2024
978706812;06/03/2024 - 21:28:18;Crédito;Pago;1/1;Visa;"158,63";"2,3";"0,14";"156,19";03/04/2024
950960689;07/03/2024 - 13:02:34;Crédito;Pago;1/1;Visa;50;"0,72";"0,11";"49,17";03/04/2024
950968295;07/03/2024 - 13:08:04;Crédito;Pago;1/1;Visa;60;"0,87";"0,14";"58,99";03/04/2024
950968967;07/03/2024 - 13:08:34;Crédito;Pago;1/1;Visa;50;"0,72";"0,11";"49,17";03/04/2024
950972073;07/03/2024 - 13:10:52;Crédito;Pago;1/1;Visa;"321,75";"4,67";"0,73";"316,35";03/04/2024
950976863;07/03/2024 - 13:14:36;Crédito;Pago;1/1;Visa;"165,13";"2,39";"0,38";"162,36";03/04/2024
951026813;07/03/2024 - 13:56:14;Crédito;Pago;1/1;Visa;50;"0,72";"0,11";"49,17";03/04/2024
951084517;07/03/2024 - 14:50:08;Crédito;Pago;1/1;Visa;50;"0,72";"0,11";"49,17";03/04/2024
951104459;07/03/2024 - 15:08:08;Crédito;Pago;1/1;Visa;150;"2,18";"0,34";"147,48";03/04/2024
950703265;07/03/2024 - 09:34:13;Crédito;Pago;1/1;Visa;100;"1,45";"0,23";"98,32";03/04/2024
951374919;07/03/2024 - 18:15:56;Crédito;Pago;1/1;Visa;100;"1,45";"0,23";"98,32";03/04/2024
951453089;07/03/2024 - 19:06:33;Crédito;Pago;1/1;Visa;"209,2";"3,03";"0,48";"205,69";03/04/2024
951477367;07/03/2024 - 19:24:44;Crédito;Pago;1/1;Visa;30;"0,44";"0,07";"29,49";03/04/2024
978789840;07/03/2024 - 06:20:56;Crédito;Pago;1/1;Visa;"201,38";"2,92";"0,46";198;03/04/2024
979125200;07/03/2024 - 11:52:20;Crédito;Pago;1/1;Visa;20;"0,29";"0,05";"19,66";03/04/2024
979819908;07/03/2024 - 20:08:57;Crédito;Pago;1/1;Visa;100;"1,45";"0,23";"98,32";03/04/2024
951788413;08/03/2024 - 08:34:58;Crédito;Pago;1/1;Visa;30;"0,44";"0,07";"29,49";03/04/2024
980413838;08/03/2024 - 12:46:40;Crédito;Pago;1/1;Visa;150;"2,18";"0,34";"147,48";03/04/2024
980421278;08/03/2024 - 12:51:38;Crédito;Pago;1/1;Visa;50;"0,72";"0,11";"49,17";03/04/2024
980467894;08/03/2024 - 13:22:40;Crédito;Pago;1/1;Visa;"228,7";"3,32";"0,52";"224,86";03/04/2024
980323830;08/03/2024 - 11:48:43;Crédito;Pago;1/1;Visa;200;"2,9";"0,46";"196,64";03/04/2024
980542592;08/03/2024 - 14:20:00;Crédito;Pago;1/1;Visa;"57,9";"0,84";"0,13";"56,93";03/04/2024
980588746;08/03/2024 - 14:57:20;Crédito;Pago;1/1;Visa;"22,14";"0,32";"0,05";"21,77";03/04/2024
980622970;08/03/2024 - 15:23:43;Crédito;Pago;1/1;Visa;100;"1,45";"0,23";"98,32";03/04/2024
980627004;08/03/2024 - 15:26:49;Crédito;Pago;1/1;Visa;"60,01";"0,87";"0,14";59;03/04/2024
980681626;08/03/2024 - 16:06:32;Crédito;Pago;1/1;Visa;50;"0,72";"0,11";"49,17";03/04/2024
980698574;08/03/2024 - 16:17:31;Crédito;Pago;1/1;Visa;25;"0,36";"0,06";"24,58";03/04/2024
980824424;08/03/2024 - 17:29:20;Crédito;Pago;1/1;Visa;"136,01";"1,97";"0,31";"133,73";03/04/2024
981033786;08/03/2024 - 19:27:37;Crédito;Pago;1/1;Visa;50;"0,72";"0,11";"49,17";03/04/2024
981099576;08/03/2024 - 20:16:04;Crédito;Pago;1/1;Visa;100;"1,45";"0,23";"98,32";03/04/2024
981102618;08/03/2024 - 20:18:36;Crédito;Pago;1/1;Visa;50;"0,72";"0,11";"49,17";03/04/2024
953115799;09/03/2024 - 09:14:48;Crédito;Pago;1/1;Visa;"199,93";"2,9";"0,46";"196,57";03/04/2024
953222599;09/03/2024 - 10:21:51;Crédito;Pago;1/1;Visa;50;"0,72";"0,11";"49,17";03/04/2024
953256409;09/03/2024 - 10:40:25;Crédito;Pago;1/1;Visa;30;"0,44";"0,07";"29,49";03/04/2024
953596771;09/03/2024 - 13:41:55;Crédito;Pago;1/1;Visa;"20,45";"0,3";"0,05";"20,1";03/04/2024
953538005;09/03/2024 - 13:04:39;Crédito;Pago;1/1;Visa;"122,86";"1,78";"0,28";"120,8";03/04/2024
953755051;09/03/2024 - 15:42:41;Crédito;Pago;1/1;Visa;150;"2,18";"0,34";"147,48";03/04/2024
953764535;09/03/2024 - 15:50:09;Crédito;Pago;1/1;Visa;150;"2,18";"0,34";"147,48";03/04/2024
953785909;09/03/2024 - 16:06:44;Crédito;Pago;1/1;Visa;150;"2,18";"0,34";"147,48";03/04/2024
953794843;09/03/2024 - 16:13:49;Crédito;Pago;1/1;Visa;50;"0,72";"0,11";"49,17";03/04/2024
981412276;09/03/2024 - 08:14:04;Crédito;Pago;1/1;Visa;"283,02";"4,1";"0,65";"278,27";03/04/2024
981453862;09/03/2024 - 08:51:14;Crédito;Pago;1/1;Visa;"232,7";"3,37";"0,53";"228,8";03/04/2024
981596012;09/03/2024 - 10:22:31;Crédito;Pago;1/1;Visa;50;"0,72";"0,11";"49,17";03/04/2024
981731444;09/03/2024 - 11:31:39;Crédito;Pago;1/1;Visa;40;"0,58";"0,09";"39,33";03/04/2024
981768690;09/03/2024 - 11:49:06;Crédito;Pago;1/1;Visa;100;"1,45";"0,23";"98,32";03/04/2024
982293994;09/03/2024 - 17:24:46;Crédito;Pago;1/1;Visa;112;"1,62";"0,26";"110,12";03/04/2024
982420440;09/03/2024 - 18:54:28;Crédito;Pago;1/1;Visa;50;"0,72";"0,11";"49,17";03/04/2024
954723827;10/03/2024 - 13:15:32;Crédito;Pago;1/1;Visa;"306,06";"4,44";"0,84";"300,78";03/04/2024
954914947;10/03/2024 - 16:58:42;Crédito;Pago;1/1;Visa;"203,87";"2,96";"0,56";"200,35";03/04/2024
954485167;10/03/2024 - 10:29:03;Crédito;Pago;1/1;Visa;80;"1,16";"0,22";"78,62";03/04/2024
982887994;10/03/2024 - 09:41:50;Crédito;Pago;1/1;Visa;100;"1,45";"0,27";"98,28";03/04/2024
983081236;10/03/2024 - 11:55:24;Crédito;Pago;1/1;Visa;"59,9";"0,87";"0,16";"58,87";03/04/2024
982928508;10/03/2024 - 10:15:03;Crédito;Pago;1/1;Visa;"134,39";"1,95";"0,37";"132,07";03/04/2024
983343146;10/03/2024 - 15:50:34;Crédito;Pago;1/1;Visa;50;"0,72";"0,14";"49,14";03/04/2024
955233877;11/03/2024 - 06:30:23;Crédito;Pago;1/1;Visa;50;"0,72";"0,16";"49,12";03/04/2024
955499243;11/03/2024 - 11:32:00;Crédito;Pago;1/1;Visa;"119,52";"1,73";"0,38";"117,41";03/04/2024
955539969;11/03/2024 - 12:06:46;Crédito;Pago;1/1;Visa;"154,65";"2,24";"0,49";"151,92";03/04/2024
955599631;11/03/2024 - 12:55:53;Crédito;Pago;1/1;Visa;100;"1,45";"0,32";"98,23";03/04/2024
955620181;11/03/2024 - 13:14:16;Crédito;Pago;1/1;Visa;"218,57";"3,17";"0,7";"214,7";03/04/2024
955899437;11/03/2024 - 17:27:35;Crédito;Pago;1/1;Visa;"298,42";"4,33";"0,95";"293,14";03/04/2024
955967857;11/03/2024 - 18:11:48;Crédito;Pago;1/1;Visa;30;"0,44";"0,1";"29,46";03/04/2024
955985023;11/03/2024 - 18:23:30;Crédito;Pago;1/1;Visa;110;"1,6";"0,35";"108,05";03/04/2024
956026599;11/03/2024 - 18:54:25;Crédito;Pago;1/1;Visa;100;"1,45";"0,32";"98,23";03/04/2024
956079643;11/03/2024 - 19:44:03;Crédito;Pago;1/1;Visa;"149,73";"2,17";"0,48";"147,08";03/04/2024
956080791;11/03/2024 - 19:45:15;Crédito;Pago;1/1;Visa;100;"1,45";"0,32";"98,23";03/04/2024
956086459;11/03/2024 - 19:51:53;Crédito;Pago;1/1;Visa;6;"0,09";"0,02";"5,89";03/04/2024
983758978;11/03/2024 - 06:29:26;Crédito;Pago;1/1;Visa;"239,4";"3,47";"0,77";"235,16";03/04/2024
983801300;11/03/2024 - 07:25:21;Crédito;Pago;1/1;Visa;50;"0,72";"0,16";"49,12";03/04/2024
983838822;11/03/2024 - 08:04:46;Crédito;Pago;1/1;Visa;100;"1,45";"0,32";"98,23";03/04/2024
956219455;12/03/2024 - 06:48:15;Crédito;Pago;1/1;Visa;"219,27";"3,18";"0,8";"215,29";03/04/2024
956240097;12/03/2024 - 07:17:19;Crédito;Pago;1/1;Visa;20;"0,29";"0,07";"19,64";03/04/2024
956362591;12/03/2024 - 09:35:16;Crédito;Pago;1/1;Visa;"43,8";"0,64";"0,16";43;03/04/2024
956816851;12/03/2024 - 16:32:34;Crédito;Pago;1/1;Visa;50;"0,72";"0,18";"49,1";03/04/2024
956924227;12/03/2024 - 17:45:06;Crédito;Pago;1/1;Visa;"342,3";"4,96";"1,25";"336,09";03/04/2024
956932087;12/03/2024 - 17:50:04;Crédito;Pago;1/1;Visa;20;"0,29";"0,07";"19,64";03/04/2024
956972079;12/03/2024 - 18:15:45;Crédito;Pago;1/1;Visa;100;"1,45";"0,37";"98,18";03/04/2024
956975627;12/03/2024 - 18:18:07;Crédito;Pago;1/1;Visa;100;"1,45";"0,37";"98,18";03/04/2024
985010678;12/03/2024 - 09:53:53;Crédito;Pago;1/1;Visa;200;"2,9";"0,73";"196,37";03/04/2024
985170606;12/03/2024 - 12:15:06;Crédito;Pago;1/1;Visa;70;"1,02";"0,26";"68,72";03/04/2024
985185886;12/03/2024 - 12:26:49;Crédito;Pago;1/1;Visa;50;"0,72";"0,18";"49,1";03/04/2024
985578688;12/03/2024 - 17:45:11;Crédito;Pago;1/1;Visa;100;"1,45";"0,37";"98,18";03/04/2024
985639270;12/03/2024 - 18:21:13;Crédito;Pago;1/1;Visa;80;"1,16";"0,29";"78,55";03/04/2024
985790024;12/03/2024 - 20:25:25;Crédito;Pago;1/1;Visa;50;"0,72";"0,18";"49,1";03/04/2024
985566704;12/03/2024 - 17:38:18;Crédito;Pago;1/1;Visa;100;"1,45";"0,37";"98,18";03/04/2024
957243527;13/03/2024 - 06:59:35;Crédito;Pago;1/1;Visa;30;"0,44";"0,12";"29,44";03/04/2024
957520125;13/03/2024 - 11:55:46;Crédito;Pago;1/1;Visa;100;"1,45";"0,41";"98,14";03/04/2024
957289327;13/03/2024 - 07:58:22;Crédito;Pago;1/1;Visa;"32,95";"0,48";"0,14";"32,33";03/04/2024
957809157;13/03/2024 - 16:21:56;Crédito;Pago;1/1;Visa;20;"0,29";"0,08";"19,63";03/04/2024
957848233;13/03/2024 - 16:53:30;Crédito;Pago;1/1;Visa;150;"2,18";"0,62";"147,2";03/04/2024
957882413;13/03/2024 - 17:17:33;Crédito;Pago;1/1;Visa;30;"0,44";"0,12";"29,44";03/04/2024
957897075;13/03/2024 - 17:26:45;Crédito;Pago;1/1;Visa;"31,38";"0,46";"0,13";"30,79";03/04/2024
958006241;13/03/2024 - 18:38:40;Crédito;Pago;1/1;Visa;30;"0,44";"0,12";"29,44";03/04/2024
958010045;13/03/2024 - 18:41:25;Crédito;Pago;1/1;Visa;60;"0,87";"0,25";"58,88";03/04/2024
985901614;13/03/2024 - 06:04:59;Crédito;Pago;1/1;Visa;30;"0,44";"0,12";"29,44";03/04/2024
958130923;13/03/2024 - 20:36:56;Crédito;Pago;1/1;Visa;"187,97";"2,73";"0,77";"184,47";03/04/2024
985954708;13/03/2024 - 07:32:39;Crédito;Pago;1/1;Visa;50;"0,72";"0,21";"49,07";03/04/2024
985958374;13/03/2024 - 07:36:54;Crédito;Pago;1/1;Visa;90;"1,3";"0,37";"88,33";03/04/2024
986461786;13/03/2024 - 15:07:55;Crédito;Pago;1/1;Visa;"242,89";"3,52";1;"238,37";03/04/2024
986653980;13/03/2024 - 17:29:07;Crédito;Pago;1/1;Visa;20;"0,29";"0,08";"19,63";03/04/2024
986736540;13/03/2024 - 18:16:44;Crédito;Pago;1/1;Visa;30;"0,44";"0,12";"29,44";03/04/2024
986842130;13/03/2024 - 19:28:18;Crédito;Pago;1/1;Visa;70;"1,02";"0,29";"68,69";03/04/2024
986928494;13/03/2024 - 20:57:47;Crédito;Pago;1/1;Visa;"164,13";"2,38";"0,67";"161,08";03/04/2024
987111730;14/03/2024 - 08:07:21;Crédito;Pago;1/1;Visa;50;"0,72";"0,27";"49,01";03/04/2024
987144424;14/03/2024 - 08:35:50;Crédito;Pago;1/1;Visa;80;"1,16";"0,44";"78,4";03/04/2024
987176524;14/03/2024 - 09:02:14;Crédito;Pago;1/1;Visa;50;"0,72";"0,27";"49,01";03/04/2024
987063646;14/03/2024 - 07:11:46;Crédito;Pago;1/1;Visa;"36,9";"0,54";"0,2";"36,16";03/04/2024
987741248;14/03/2024 - 14:41:29;Crédito;Pago;1/1;Visa;20;"0,29";"0,11";"19,6";03/04/2024
987771744;14/03/2024 - 15:00:55;Crédito;Pago;1/1;Visa;50;"0,72";"0,27";"49,01";03/04/2024
987826590;14/03/2024 - 15:30:41;Crédito;Pago;1/1;Visa;135;"1,96";"0,74";"132,3";03/04/2024
987848364;14/03/2024 - 15:41:34;Crédito;Pago;1/2;Visa;"42,35";"0,87";"0,23";"41,25";03/04/2024
987912604;14/03/2024 - 16:12:53;Crédito;Pago;1/1;Visa;100;"1,45";"0,55";98;03/04/2024
988141384;14/03/2024 - 17:50:09;Crédito;Pago;1/1;Visa;100;"1,45";"0,55";98;03/04/2024
988229102;14/03/2024 - 18:25:02;Crédito;Pago;1/1;Visa;70;"1,02";"0,38";"68,6";03/04/2024
988306622;14/03/2024 - 18:58:35;Crédito;Pago;1/1;Visa;100;"1,45";"0,55";98;03/04/2024
959587023;15/03/2024 - 17:35:45;Crédito;Pago;1/1;Visa;100;"1,45";"0,55";98;03/04/2024
959890741;15/03/2024 - 21:02:00;Crédito;Pago;1/1;Visa;109;"1,58";"0,6";"106,82";03/04/2024
959911169;15/03/2024 - 21:21:28;Crédito;Pago;1/1;Visa;100;"1,45";"0,55";98;03/04/2024
988637212;15/03/2024 - 06:18:06;Crédito;Pago;1/1;Visa;80;"1,16";"0,44";"78,4";03/04/2024
988637700;15/03/2024 - 06:18:57;Crédito;Pago;1/1;Visa;60;"0,87";"0,33";"58,8";03/04/2024
988729678;15/03/2024 - 08:03:48;Crédito;Pago;1/1;Visa;100;"1,45";"0,55";98;03/04/2024
988739886;15/03/2024 - 08:13:51;Crédito;Pago;1/1;Visa;100;"1,45";"0,55";98;03/04/2024
988799808;15/03/2024 - 09:09:00;Crédito;Pago;1/1;Visa;30;"0,44";"0,16";"29,4";03/04/2024
989690626;15/03/2024 - 19:06:00;Crédito;Pago;1/1;Visa;"137,42";"1,99";"0,75";"134,68";03/04/2024
989600020;15/03/2024 - 18:15:20;Crédito;Pago;1/1;Visa;100;"1,45";"0,55";98;03/04/2024
960154227;16/03/2024 - 08:25:02;Crédito;Pago;1/1;Visa;"169,3";"2,45";"0,93";"165,92";03/04/2024
960188607;16/03/2024 - 08:55:39;Crédito;Pago;1/1;Visa;100;"1,45";"0,55";98;03/04/2024
960190249;16/03/2024 - 08:56:53;Crédito;Pago;1/1;Visa;150;"2,18";"0,82";147;03/04/2024
960213159;16/03/2024 - 09:14:21;Crédito;Pago;1/1;Visa;50;"0,72";"0,27";"49,01";03/04/2024
960284245;16/03/2024 - 09:59:46;Crédito;Pago;1/1;Visa;50;"0,72";"0,27";"49,01";03/04/2024
960300001;16/03/2024 - 10:09:15;Crédito;Pago;1/1;Visa;100;"1,45";"0,55";98;03/04/2024
960445653;16/03/2024 - 11:29:46;Crédito;Pago;1/1;Visa;105;"1,52";"0,58";"102,9";03/04/2024
960839451;16/03/2024 - 15:44:13;Crédito;Pago;1/3;Visa;"101,5";"2,08";"0,55";"98,87";03/04/2024
960778069;16/03/2024 - 14:55:05;Crédito;Pago;1/1;Visa;50;"0,72";"0,27";"49,01";03/04/2024
960515047;16/03/2024 - 12:04:16;Crédito;Pago;1/1;Visa;35;"0,51";"0,19";"34,3";03/04/2024
960635479;16/03/2024 - 13:11:01;Crédito;Pago;1/1;Visa;"163,97";"2,38";"0,9";"160,69";03/04/2024
961125801;16/03/2024 - 19:23:17;Crédito;Pago;1/1;Visa;100;"1,45";"0,55";98;03/04/2024
990100874;16/03/2024 - 07:56:18;Crédito;Pago;1/1;Visa;50;"0,72";"0,27";"49,01";03/04/2024
990388534;16/03/2024 - 11:06:13;Crédito;Pago;1/1;Visa;"159,15";"2,31";"0,87";"155,97";03/04/2024
990403858;16/03/2024 - 11:13:37;Crédito;Pago;1/1;Visa;50;"0,72";"0,27";"49,01";03/04/2024
990405550;16/03/2024 - 11:14:22;Crédito;Pago;1/1;Visa;50;"0,72";"0,27";"49,01";03/04/2024
990072352;16/03/2024 - 07:20:34;Crédito;Pago;1/1;Visa;30;"0,44";"0,16";"29,4";03/04/2024
990530832;16/03/2024 - 12:14:19;Crédito;Pago;1/1;Visa;140;"2,03";"0,77";"137,2";03/04/2024
990561486;16/03/2024 - 12:29:48;Crédito;Pago;1/1;Visa;30;"0,44";"0,16";"29,4";03/04/2024
990707868;16/03/2024 - 13:55:23;Crédito;Pago;1/1;Visa;100;"1,45";"0,55";98;03/04/2024
990746536;16/03/2024 - 14:22:07;Crédito;Pago;1/1;Visa;150;"2,18";"0,82";147;03/04/2024
990979114;16/03/2024 - 17:11:34;Crédito;Pago;1/1;Visa;60;"0,87";"0,33";"58,8";03/04/2024
991080440;16/03/2024 - 18:22:04;Crédito;Pago;1/1;Visa;30;"0,44";"0,16";"29,4";03/04/2024
991289868;16/03/2024 - 21:01:13;Crédito;Pago;1/1;Visa;30;"0,44";"0,16";"29,4";03/04/2024
978342683;02/04/2024 - 17:13:23;Crédito;Pago;1/1;Visa;50;"0,72";0;"49,28";03/04/2024
977806345;02/04/2024 - 08:42:23;Crédito;Pago;1/1;Mastercard;"42,27";"0,61";0;"41,66";03/04/2024
978438427;02/04/2024 - 18:20:03;Crédito;Pago;1/1;Mastercard;100;"1,45";0;"98,55";03/04/2024
978236079;02/04/2024 - 15:41:55;Crédito;Pago;1/1;Mastercard;"207,63";"3,01";0;"204,62";03/04/2024
991296900;16/03/2024 - 21:07:29;Crédito;Pago;1/1;Mastercard;70;"1,02";"0,38";"68,6";03/04/2024
990858890;16/03/2024 - 15:45:02;Crédito;Pago;1/1;Mastercard;50;"0,72";"0,27";"49,01";03/04/2024
991127138;16/03/2024 - 18:54:12;Crédito;Pago;1/1;Mastercard;40;"0,58";"0,22";"39,2";03/04/2024
991135506;16/03/2024 - 18:59:56;Crédito;Pago;1/1;Mastercard;50;"0,72";"0,27";"49,01";03/04/2024
991278870;16/03/2024 - 20:51:13;Crédito;Pago;1/1;Mastercard;50;"0,72";"0,27";"49,01";03/04/2024
990845312;16/03/2024 - 15:35:05;Crédito;Pago;1/1;Mastercard;"165,13";"2,39";"0,9";"161,84";03/04/2024
990073492;16/03/2024 - 07:22:20;Crédito;Pago;1/1;Mastercard;"34,9";"0,51";"0,19";"34,2";03/04/2024
990088842;16/03/2024 - 07:42:47;Crédito;Pago;1/1;Mastercard;100;"1,45";"0,55";98;03/04/2024
990520058;16/03/2024 - 12:09:05;Crédito;Pago;1/1;Mastercard;40;"0,58";"0,22";"39,2";03/04/2024
990137756;16/03/2024 - 08:30:49;Crédito;Pago;1/1;Mastercard;150;"2,18";"0,82";147;03/04/2024
990298714;16/03/2024 - 10:18:33;Crédito;Pago;1/1;Mastercard;150;"2,18";"0,82";147;03/04/2024
990314550;16/03/2024 - 10:27:12;Crédito;Pago;1/1;Mastercard;60;"0,87";"0,33";"58,8";03/04/2024
990051454;16/03/2024 - 06:43:10;Crédito;Pago;1/1;Mastercard;"25,69";"0,37";"0,14";"25,18";03/04/2024
990065778;16/03/2024 - 07:10:36;Crédito;Pago;1/1;Mastercard;100;"1,45";"0,55";98;03/04/2024
960682549;16/03/2024 - 13:42:39;Crédito;Pago;1/1;Mastercard;100;"1,45";"0,55";98;03/04/2024
960801871;16/03/2024 - 15:13:55;Crédito;Pago;1/1;Mastercard;30;"0,44";"0,16";"29,4";03/04/2024
960802435;16/03/2024 - 15:14:22;Crédito;Pago;1/1;Mastercard;50;"0,72";"0,27";"49,01";03/04/2024
960813399;16/03/2024 - 15:22:42;Crédito;Pago;1/1;Mastercard;10;"0,14";"0,05";"9,81";03/04/2024
960861291;16/03/2024 - 16:01:40;Crédito;Pago;1/1;Mastercard;50;"0,72";"0,27";"49,01";03/04/2024
960891249;16/03/2024 - 16:25:20;Crédito;Pago;1/1;Mastercard;50;"0,72";"0,27";"49,01";03/04/2024
960898107;16/03/2024 - 16:31:03;Crédito;Pago;1/1;Mastercard;"40,41";"0,59";"0,22";"39,6";03/04/2024
960929561;16/03/2024 - 16:56:00;Crédito;Pago;1/1;Mastercard;100;"1,45";"0,55";98;03/04/2024
960945287;16/03/2024 - 17:08:25;Crédito;Pago;1/1;Mastercard;"20,01";"0,29";"0,11";"19,61";03/04/2024
960977105;16/03/2024 - 17:33:10;Crédito;Pago;1/1;Mastercard;50;"0,72";"0,27";"49,01";03/04/2024
961020817;16/03/2024 - 18:05:30;Crédito;Pago;1/1;Mastercard;50;"0,72";"0,27";"49,01";03/04/2024
961124707;16/03/2024 - 19:22:29;Crédito;Pago;1/1;Mastercard;100;"1,45";"0,55";98;03/04/2024
960486347;16/03/2024 - 11:50:06;Crédito;Pago;1/1;Mastercard;"78,45";"1,14";"0,43";"76,88";03/04/2024
960417039;16/03/2024 - 11:14:27;Crédito;Pago;1/1;Mastercard;100;"1,45";"0,55";98;03/04/2024
960289183;16/03/2024 - 10:02:49;Crédito;Pago;1/1;Mastercard;"69,9";"1,01";"0,38";"68,51";03/04/2024
960274657;16/03/2024 - 09:54:11;Crédito;Pago;1/1;Mastercard;25;"0,36";"0,14";"24,5";03/04/2024
960275389;16/03/2024 - 09:54:38;Crédito;Pago;1/1;Mastercard;"83,8";"1,22";"0,46";"82,12";03/04/2024
960155313;16/03/2024 - 08:26:11;Crédito;Pago;1/1;Mastercard;"112,56";"1,63";"0,62";"110,31";03/04/2024
989612184;15/03/2024 - 18:21:57;Crédito;Pago;1/1;Mastercard;"29,21";"0,42";"0,16";"28,63";03/04/2024
989747276;15/03/2024 - 19:41:54;Crédito;Pago;1/1;Mastercard;"53,21";"0,77";"0,29";"52,15";03/04/2024
989757862;15/03/2024 - 19:48:53;Crédito;Pago;1/1;Mastercard;70;"1,02";"0,38";"68,6";03/04/2024
989885626;15/03/2024 - 21:32:18;Crédito;Pago;1/1;Mastercard;"104,87";"1,52";"0,57";"102,78";03/04/2024
960148873;16/03/2024 - 08:19:41;Crédito;Pago;1/1;Mastercard;"20,73";"0,3";"0,11";"20,32";03/04/2024
988928032;15/03/2024 - 10:54:29;Crédito;Pago;1/1;Mastercard;"13,72";"0,2";"0,08";"13,44";03/04/2024
988931354;15/03/2024 - 10:56:58;Crédito;Pago;1/1;Mastercard;20;"0,29";"0,11";"19,6";03/04/2024
989297596;15/03/2024 - 15:18:04;Crédito;Pago;1/1;Mastercard;50;"0,72";"0,27";"49,01";03/04/2024
989339288;15/03/2024 - 15:49:15;Crédito;Pago;1/3;Mastercard;"136,44";"2,8";"0,74";"132,9";03/04/2024
989377910;15/03/2024 - 16:15:33;Crédito;Pago;1/1;Mastercard;150;"2,18";"0,82";147;03/04/2024
988830488;15/03/2024 - 09:35:44;Crédito;Pago;1/1;Mastercard;50;"0,72";"0,27";"49,01";03/04/2024
988845380;15/03/2024 - 09:48:12;Crédito;Pago;1/1;Mastercard;60;"0,87";"0,33";"58,8";03/04/2024
988862030;15/03/2024 - 10:01:55;Crédito;Pago;1/1;Mastercard;89;"1,29";"0,49";"87,22";03/04/2024
987038806;14/03/2024 - 06:38:12;Crédito;Pago;1/1;Mastercard;30;"0,44";"0,16";"29,4";03/04/2024
988761028;15/03/2024 - 08:33:56;Crédito;Pago;1/1;Mastercard;100;"1,45";"0,55";98;03/04/2024
988644282;15/03/2024 - 06:29:42;Crédito;Pago;1/1;Mastercard;"36,9";"0,54";"0,2";"36,16";03/04/2024
988674020;15/03/2024 - 07:07:55;Crédito;Pago;1/1;Mastercard;"19,08";"0,28";"0,1";"18,7";03/04/2024
988715392;15/03/2024 - 07:50:01;Crédito;Pago;1/1;Mastercard;"29,01";"0,42";"0,16";"28,43";03/04/2024
959803657;15/03/2024 - 19:49:58;Crédito;Pago;1/1;Mastercard;9;"0,13";"0,05";"8,82";03/04/2024
959297349;15/03/2024 - 14:02:22;Crédito;Pago;1/1;Mastercard;30;"0,44";"0,16";"29,4";03/04/2024
959601829;15/03/2024 - 17:43:49;Crédito;Pago;1/1;Mastercard;50;"0,72";"0,27";"49,01";03/04/2024
959633073;15/03/2024 - 18:01:36;Crédito;Pago;1/1;Mastercard;50;"0,72";"0,27";"49,01";03/04/2024
959637911;15/03/2024 - 18:04:11;Crédito;Pago;1/1;Mastercard;"38,39";"0,56";"0,21";"37,62";03/04/2024
959324737;15/03/2024 - 14:27:10;Crédito;Pago;1/1;Mastercard;"57,9";"0,84";"0,32";"56,74";03/04/2024
959420929;15/03/2024 - 15:48:34;Crédito;Pago;1/1;Mastercard;100;"1,45";"0,55";98;03/04/2024
959505149;15/03/2024 - 16:47:33;Crédito;Pago;1/1;Mastercard;"165,28";"2,4";"0,91";"161,97";03/04/2024
959515265;15/03/2024 - 16:53:54;Crédito;Pago;1/1;Mastercard;"102,91";"1,49";"0,56";"100,86";03/04/2024
959567763;15/03/2024 - 17:24:57;Crédito;Pago;1/1;Mastercard;"17,83";"0,26";"0,1";"17,47";03/04/2024
959108007;15/03/2024 - 11:33:13;Crédito;Pago;1/1;Mastercard;30;"0,44";"0,16";"29,4";03/04/2024
959133599;15/03/2024 - 11:53:29;Crédito;Pago;1/1;Mastercard;120;"1,74";"0,66";"117,6";03/04/2024
959203935;15/03/2024 - 12:46:16;Crédito;Pago;1/1;Mastercard;100;"1,45";"0,55";98;03/04/2024
959265595;15/03/2024 - 13:34:25;Crédito;Pago;1/1;Mastercard;"16,85";"0,24";"0,09";"16,52";03/04/2024
988368212;14/03/2024 - 19:29:58;Crédito;Pago;1/1;Mastercard;70;"1,02";"0,38";"68,6";03/04/2024
988451944;14/03/2024 - 20:24:42;Crédito;Pago;1/1;Mastercard;50;"0,72";"0,27";"49,01";03/04/2024
988498160;14/03/2024 - 21:02:31;Crédito;Pago;1/1;Mastercard;30;"0,44";"0,16";"29,4";03/04/2024
988233118;14/03/2024 - 18:26:42;Crédito;Pago;1/1;Mastercard;30;"0,44";"0,16";"29,4";03/04/2024
988080562;14/03/2024 - 17:26:56;Crédito;Pago;1/1;Mastercard;"60,56";"0,88";"0,33";"59,35";03/04/2024
988129612;14/03/2024 - 17:45:38;Crédito;Pago;1/1;Mastercard;15;"0,22";"0,08";"14,7";03/04/2024
988214160;14/03/2024 - 18:18:57;Crédito;Pago;1/1;Mastercard;20;"0,29";"0,11";"19,6";03/04/2024
988215502;14/03/2024 - 18:19:30;Crédito;Pago;1/1;Mastercard;50;"0,72";"0,27";"49,01";03/04/2024
988228794;14/03/2024 - 18:24:54;Crédito;Pago;1/1;Mastercard;50;"0,72";"0,27";"49,01";03/04/2024
987971114;14/03/2024 - 16:40:43;Crédito;Pago;1/1;Mastercard;20;"0,29";"0,11";"19,6";03/04/2024
987995846;14/03/2024 - 16:52:02;Crédito;Pago;1/1;Mastercard;100;"1,45";"0,55";98;03/04/2024
988009506;14/03/2024 - 16:58:07;Crédito;Pago;1/1;Mastercard;"117,94";"1,71";"0,65";"115,58";03/04/2024
987783138;14/03/2024 - 15:07:52;Crédito;Pago;1/1;Mastercard;"16,5";"0,24";"0,09";"16,17";03/04/2024
987821464;14/03/2024 - 15:28:04;Crédito;Pago;1/1;Mastercard;100;"1,45";"0,55";98;03/04/2024
987066036;14/03/2024 - 07:14:27;Crédito;Pago;1/1;Mastercard;100;"1,45";"0,55";98;03/04/2024
987067994;14/03/2024 - 07:16:51;Crédito;Pago;1/1;Mastercard;"25,19";"0,37";"0,14";"24,68";03/04/2024
987073284;14/03/2024 - 07:23:03;Crédito;Pago;1/1;Mastercard;50;"0,72";"0,27";"49,01";03/04/2024
987105342;14/03/2024 - 07:59:44;Crédito;Pago;1/1;Mastercard;"49,04";"0,71";"0,27";"48,06";03/04/2024
987189078;14/03/2024 - 09:11:48;Crédito;Pago;1/1;Mastercard;100;"1,45";"0,55";98;03/04/2024
987203418;14/03/2024 - 09:22:37;Crédito;Pago;1/1;Mastercard;100;"1,45";"0,55";98;03/04/2024
987208402;14/03/2024 - 09:25:48;Crédito;Pago;1/1;Mastercard;50;"0,72";"0,27";"49,01";03/04/2024
987231594;14/03/2024 - 09:41:00;Crédito;Pago;1/1;Mastercard;33;"0,48";"0,18";"32,34";03/04/2024
987337540;14/03/2024 - 10:53:17;Crédito;Pago;1/1;Mastercard;20;"0,29";"0,11";"19,6";03/04/2024
987604328;14/03/2024 - 13:18:25;Crédito;Pago;1/1;Mastercard;100;"1,45";"0,55";98;03/04/2024
986959220;13/03/2024 - 21:43:47;Crédito;Pago;1/1;Mastercard;50;"0,72";"0,21";"49,07";03/04/2024
986845834;13/03/2024 - 19:31:13;Crédito;Pago;1/1;Mastercard;50;"0,72";"0,21";"49,07";03/04/2024
958489457;14/03/2024 - 12:35:45;Crédito;Pago;1/1;Mastercard;150;"2,18";"0,82";147;03/04/2024
958514929;14/03/2024 - 13:21:34;Crédito;Pago;1/1;Mastercard;30;"0,44";"0,16";"29,4";03/04/2024
958518309;14/03/2024 - 13:28:07;Crédito;Pago;1/1;Mastercard;50;"0,72";"0,27";"49,01";03/04/2024
958519811;14/03/2024 - 13:31:29;Crédito;Pago;1/1;Mastercard;20;"0,29";"0,11";"19,6";03/04/2024
987026632;14/03/2024 - 06:11:14;Crédito;Pago;1/1;Mastercard;"49,8";"0,72";"0,27";"48,81";03/04/2024
986810192;13/03/2024 - 19:03:48;Crédito;Pago;1/1;Mastercard;30;"0,44";"0,12";"29,44";03/04/2024
986500712;13/03/2024 - 15:41:53;Crédito;Pago;1/1;Mastercard;50;"0,72";"0,21";"49,07";03/04/2024
986290358;13/03/2024 - 12:40:09;Crédito;Pago;1/1;Mastercard;30;"0,44";"0,12";"29,44";03/04/2024
986294220;13/03/2024 - 12:43:02;Crédito;Pago;1/1;Mastercard;100;"1,45";"0,41";"98,14";03/04/2024
986306034;13/03/2024 - 12:52:07;Crédito;Pago;1/1;Mastercard;100;"1,45";"0,41";"98,14";03/04/2024
986421936;13/03/2024 - 14:30:51;Crédito;Pago;1/1;Mastercard;50;"0,72";"0,21";"49,07";03/04/2024
986432932;13/03/2024 - 14:41:08;Crédito;Pago;1/1;Mastercard;100;"1,45";"0,41";"98,14";03/04/2024
958141599;13/03/2024 - 20:51:01;Crédito;Pago;1/1;Mastercard;50;"0,72";"0,21";"49,07";03/04/2024
986077496;13/03/2024 - 09:43:47;Crédito;Pago;1/1;Mastercard;50;"0,72";"0,21";"49,07";03/04/2024
986089502;13/03/2024 - 09:54:31;Crédito;Pago;1/1;Mastercard;"120,18";"1,74";"0,49";"117,95";03/04/2024
985904002;13/03/2024 - 06:13:19;Crédito;Pago;1/1;Mastercard;50;"0,72";"0,21";"49,07";03/04/2024
985907196;13/03/2024 - 06:21:26;Crédito;Pago;1/1;Mastercard;100;"1,45";"0,41";"98,14";03/04/2024
985909946;13/03/2024 - 06:28:44;Crédito;Pago;1/1;Mastercard;100;"1,45";"0,41";"98,14";03/04/2024
956792785;12/03/2024 - 16:12:44;Crédito;Pago;1/1;Mastercard;50;"0,72";"0,18";"49,1";03/04/2024
958117789;13/03/2024 - 20:20:51;Crédito;Pago;1/1;Mastercard;"5,33";"0,08";"0,02";"5,23";03/04/2024
957969549;13/03/2024 - 18:13:03;Crédito;Pago;1/1;Mastercard;"41,4";"0,6";"0,17";"40,63";03/04/2024
957890949;13/03/2024 - 17:22:56;Crédito;Pago;1/1;Mastercard;"246,67";"3,58";"1,01";"242,08";03/04/2024
957876029;13/03/2024 - 17:13:23;Crédito;Pago;1/1;Mastercard;25;"0,36";"0,1";"24,54";03/04/2024
957712949;13/03/2024 - 14:52:32;Crédito;Pago;1/1;Mastercard;50;"0,72";"0,21";"49,07";03/04/2024
957763453;13/03/2024 - 15:41:48;Crédito;Pago;1/1;Mastercard;50;"0,72";"0,21";"49,07";03/04/2024
957765699;13/03/2024 - 15:43:56;Crédito;Pago;1/1;Mastercard;30;"0,44";"0,12";"29,44";03/04/2024
957552887;13/03/2024 - 12:22:46;Crédito;Pago;1/1;Mastercard;50;"0,72";"0,21";"49,07";03/04/2024
957556755;13/03/2024 - 12:26:00;Crédito;Pago;1/1;Mastercard;40;"0,58";"0,16";"39,26";03/04/2024
985569472;12/03/2024 - 17:39:54;Crédito;Pago;1/1;Mastercard;"29,01";"0,42";"0,11";"28,48";03/04/2024
957346727;13/03/2024 - 09:03:09;Crédito;Pago;1/1;Mastercard;50;"0,72";"0,21";"49,07";03/04/2024
957374713;13/03/2024 - 09:31:20;Crédito;Pago;1/1;Mastercard;"181,68";"2,63";"0,75";"178,3";03/04/2024
957389067;13/03/2024 - 09:47:55;Crédito;Pago;1/1;Mastercard;150;"2,18";"0,62";"147,2";03/04/2024
957439383;13/03/2024 - 10:40:51;Crédito;Pago;1/1;Mastercard;30;"0,44";"0,12";"29,44";03/04/2024
957476923;13/03/2024 - 11:17:52;Crédito;Pago;1/1;Mastercard;50;"0,72";"0,21";"49,07";03/04/2024
957496413;13/03/2024 - 11:36:12;Crédito;Pago;1/1;Mastercard;20;"0,29";"0,08";"19,63";03/04/2024
985790478;12/03/2024 - 20:26:02;Crédito;Pago;1/1;Mastercard;50;"0,72";"0,18";"49,1";03/04/2024
985805922;12/03/2024 - 20:45:40;Crédito;Pago;1/1;Mastercard;100;"1,45";"0,37";"98,18";03/04/2024
985809308;12/03/2024 - 20:50:20;Crédito;Pago;1/1;Mastercard;100;"1,45";"0,37";"98,18";03/04/2024
985818554;12/03/2024 - 21:03:11;Crédito;Pago;1/1;Mastercard;10;"0,14";"0,04";"9,82";03/04/2024
985691352;12/03/2024 - 18:55:23;Crédito;Pago;1/1;Mastercard;"279,6";"4,05";"1,02";"274,53";03/04/2024
985751964;12/03/2024 - 19:44:29;Crédito;Pago;1/1;Mastercard;100;"1,45";"0,37";"98,18";03/04/2024
985232862;12/03/2024 - 13:03:47;Crédito;Pago;1/1;Mastercard;10;"0,14";"0,04";"9,82";03/04/2024
985307542;12/03/2024 - 14:10:51;Crédito;Pago;1/1;Mastercard;"250,24";"3,63";"0,91";"245,7";03/04/2024
985446884;12/03/2024 - 16:17:04;Crédito;Pago;1/1;Mastercard;20;"0,29";"0,07";"19,64";03/04/2024
985510268;12/03/2024 - 17:03:47;Crédito;Pago;1/1;Mastercard;50;"0,72";"0,18";"49,1";03/04/2024
985511934;12/03/2024 - 17:04:53;Crédito;Pago;1/1;Mastercard;"79,13";"1,15";"0,29";"77,69";03/04/2024
985546534;12/03/2024 - 17:26:12;Crédito;Pago;1/1;Mastercard;40;"0,58";"0,15";"39,27";03/04/2024
985043992;12/03/2024 - 10:25:08;Crédito;Pago;1/1;Mastercard;20;"0,29";"0,07";"19,64";03/04/2024
985056880;12/03/2024 - 10:37:36;Crédito;Pago;1/1;Mastercard;130;"1,88";"0,47";"127,65";03/04/2024
985145364;12/03/2024 - 11:55:45;Crédito;Pago;1/1;Mastercard;50;"0,72";"0,18";"49,1";03/04/2024
957005007;12/03/2024 - 18:38:44;Crédito;Pago;1/1;Mastercard;50;"0,72";"0,18";"49,1";03/04/2024
957006655;12/03/2024 - 18:39:53;Crédito;Pago;1/1;Mastercard;"163,39";"2,37";"0,6";"160,42";03/04/2024
984933288;12/03/2024 - 08:32:50;Crédito;Pago;1/1;Mastercard;20;"0,29";"0,07";"19,64";03/04/2024
984951542;12/03/2024 - 08:53:01;Crédito;Pago;1/1;Mastercard;50;"0,72";"0,18";"49,1";03/04/2024
984988156;12/03/2024 - 09:31:30;Crédito;Pago;1/1;Mastercard;50;"0,72";"0,18";"49,1";03/04/2024
956619029;12/03/2024 - 13:24:10;Crédito;Pago;1/1;Mastercard;25;"0,36";"0,09";"24,55";03/04/2024
956245279;12/03/2024 - 07:23:48;Crédito;Pago;1/1;Mastercard;20;"0,29";"0,07";"19,64";03/04/2024
956259405;12/03/2024 - 07:40:54;Crédito;Pago;1/1;Mastercard;"17,2";"0,25";"0,06";"16,89";03/04/2024
956294773;12/03/2024 - 08:23:22;Crédito;Pago;1/1;Mastercard;100;"1,45";"0,37";"98,18";03/04/2024
956303341;12/03/2024 - 08:33:10;Crédito;Pago;1/1;Mastercard;50;"0,72";"0,18";"49,1";03/04/2024
956157861;11/03/2024 - 21:54:08;Crédito;Pago;1/1;Mastercard;15;"0,22";"0,05";"14,73";03/04/2024
956208589;12/03/2024 - 06:27:49;Crédito;Pago;1/1;Mastercard;50;"0,72";"0,18";"49,1";03/04/2024
956210305;12/03/2024 - 06:31:34;Crédito;Pago;1/1;Mastercard;40;"0,58";"0,15";"39,27";03/04/2024
983797620;11/03/2024 - 07:21:41;Crédito;Pago;1/1;Mastercard;"66,39";"0,96";"0,21";"65,22";03/04/2024
983800350;11/03/2024 - 07:24:23;Crédito;Pago;1/1;Mastercard;"46,15";"0,67";"0,15";"45,33";03/04/2024
956089103;11/03/2024 - 19:54:59;Crédito;Pago;1/1;Mastercard;"648,2";"9,4";"2,07";"636,73";03/04/2024
956098719;11/03/2024 - 20:07:19;Crédito;Pago;1/1;Mastercard;"250,13";"3,63";"0,8";"245,7";03/04/2024
956112163;11/03/2024 - 20:26:10;Crédito;Pago;1/1;Mastercard;100;"1,45";"0,32";"98,23";03/04/2024
956036769;11/03/2024 - 19:02:29;Crédito;Pago;1/1;Mastercard;50;"0,72";"0,16";"49,12";03/04/2024
956053893;11/03/2024 - 19:17:03;Crédito;Pago;1/1;Mastercard;"149,8";"2,17";"0,48";"147,15";03/04/2024
955596121;11/03/2024 - 12:52:54;Crédito;Pago;1/1;Mastercard;30;"0,44";"0,1";"29,46";03/04/2024
955884475;11/03/2024 - 17:18:08;Crédito;Pago;1/1;Mastercard;100;"1,45";"0,32";"98,23";03/04/2024
956010997;11/03/2024 - 18:42:13;Crédito;Pago;1/1;Mastercard;50;"0,72";"0,16";"49,12";03/04/2024
955903589;11/03/2024 - 17:30:18;Crédito;Pago;1/1;Mastercard;"29,53";"0,43";"0,09";"29,01";03/04/2024
955927043;11/03/2024 - 17:45:43;Crédito;Pago;1/1;Mastercard;"136,49";"1,98";"0,44";"134,07";03/04/2024
955966911;11/03/2024 - 18:11:10;Crédito;Pago;1/1;Mastercard;30;"0,44";"0,1";"29,46";03/04/2024
955623743;11/03/2024 - 13:17:31;Crédito;Pago;1/1;Mastercard;50;"0,72";"0,16";"49,12";03/04/2024
955660173;11/03/2024 - 13:53:39;Crédito;Pago;1/1;Mastercard;20;"0,29";"0,06";"19,65";03/04/2024
955541105;11/03/2024 - 12:07:36;Crédito;Pago;1/1;Mastercard;15;"0,22";"0,05";"14,73";03/04/2024
955558023;11/03/2024 - 12:21:05;Crédito;Pago;1/1;Mastercard;20;"0,29";"0,06";"19,65";03/04/2024
955565707;11/03/2024 - 12:27:23;Crédito;Pago;1/1;Mastercard;"250,19";"3,63";"0,8";"245,76";03/04/2024
955577439;11/03/2024 - 12:37:31;Crédito;Pago;1/1;Mastercard;50;"0,72";"0,16";"49,12";03/04/2024
983352938;10/03/2024 - 16:01:23;Crédito;Pago;1/1;Mastercard;50;"0,72";"0,14";"49,14";03/04/2024
982938294;10/03/2024 - 10:22:36;Crédito;Pago;1/1;Mastercard;50;"0,72";"0,14";"49,14";03/04/2024
983035144;10/03/2024 - 11:28:12;Crédito;Pago;1/1;Mastercard;100;"1,45";"0,27";"98,28";03/04/2024
955269469;11/03/2024 - 07:21:26;Crédito;Pago;1/1;Mastercard;"66,39";"0,96";"0,21";"65,22";03/04/2024
955423883;11/03/2024 - 10:18:01;Crédito;Pago;1/1;Mastercard;70;"1,02";"0,22";"68,76";03/04/2024
955447241;11/03/2024 - 10:42:04;Crédito;Pago;1/1;Mastercard;"20,96";"0,3";"0,07";"20,59";03/04/2024
955465781;11/03/2024 - 11:00:56;Crédito;Pago;1/1;Mastercard;100;"1,45";"0,32";"98,23";03/04/2024
955478535;11/03/2024 - 11:13:04;Crédito;Pago;1/1;Mastercard;50;"0,72";"0,16";"49,12";03/04/2024
955489781;11/03/2024 - 11:23:26;Crédito;Pago;1/1;Mastercard;40;"0,58";"0,13";"39,29";03/04/2024
983083082;10/03/2024 - 11:56:31;Crédito;Pago;1/1;Mastercard;"234,9";"3,41";"0,64";"230,85";03/04/2024
983090204;10/03/2024 - 12:00:55;Crédito;Pago;1/1;Mastercard;100;"1,45";"0,27";"98,28";03/04/2024
983121620;10/03/2024 - 12:21:18;Crédito;Pago;1/1;Mastercard;"237,97";"3,45";"0,65";"233,87";03/04/2024
983174458;10/03/2024 - 12:59:10;Crédito;Pago;1/1;Mastercard;70;"1,02";"0,19";"68,79";03/04/2024
983181926;10/03/2024 - 13:05:07;Crédito;Pago;1/1;Mastercard;"256,96";"3,73";"0,7";"252,53";03/04/2024
983207934;10/03/2024 - 13:27:24;Crédito;Pago;1/1;Mastercard;100;"1,45";"0,27";"98,28";03/04/2024
982916928;10/03/2024 - 10:05:54;Crédito;Pago;1/1;Mastercard;"219,38";"3,18";"0,6";"215,6";03/04/2024
982927030;10/03/2024 - 10:13:54;Crédito;Pago;1/1;Mastercard;50;"0,72";"0,14";"49,14";03/04/2024
954659083;10/03/2024 - 12:23:42;Crédito;Pago;1/1;Mastercard;30;"0,44";"0,08";"29,48";03/04/2024
982814638;10/03/2024 - 08:20:58;Crédito;Pago;1/1;Mastercard;"293,67";"4,26";"0,8";"288,61";03/04/2024
982841582;10/03/2024 - 08:55:42;Crédito;Pago;1/1;Mastercard;"57,93";"0,84";"0,16";"56,93";03/04/2024
982869238;10/03/2024 - 09:24:19;Crédito;Pago;1/1;Mastercard;10;"0,14";"0,03";"9,83";03/04/2024
954769177;10/03/2024 - 14:01:58;Crédito;Pago;1/1;Mastercard;"30,11";"0,44";"0,08";"29,59";03/04/2024
954771301;10/03/2024 - 14:04:21;Crédito;Pago;1/1;Mastercard;30;"0,44";"0,08";"29,48";03/04/2024
954805245;10/03/2024 - 14:45:02;Crédito;Pago;1/1;Mastercard;"147,7";"2,14";"0,4";"145,16";03/04/2024
954829993;10/03/2024 - 15:15:45;Crédito;Pago;1/1;Mastercard;40;"0,58";"0,11";"39,31";03/04/2024
954840223;10/03/2024 - 15:28:15;Crédito;Pago;1/1;Mastercard;100;"1,45";"0,27";"98,28";03/04/2024
982615082;09/03/2024 - 21:41:28;Crédito;Pago;1/1;Mastercard;50;"0,72";"0,11";"49,17";03/04/2024
981867386;09/03/2024 - 12:36:14;Crédito;Pago;1/1;Mastercard;"76,59";"1,11";"0,17";"75,31";03/04/2024
981882692;09/03/2024 - 12:44:22;Crédito;Pago;1/2;Mastercard;"119,8";"2,46";"0,27";"117,07";03/04/2024
981906662;09/03/2024 - 12:57:19;Crédito;Pago;1/1;Mastercard;"31,27";"0,45";"0,07";"30,75";03/04/2024
981912356;09/03/2024 - 13:00:26;Crédito;Pago;1/1;Mastercard;"42,15";"0,61";"0,1";"41,44";03/04/2024
982006472;09/03/2024 - 13:57:30;Crédito;Pago;1/1;Mastercard;60;"0,87";"0,14";"58,99";03/04/2024
982053376;09/03/2024 - 14:29:36;Crédito;Pago;1/1;Mastercard;40;"0,58";"0,09";"39,33";03/04/2024
982090236;09/03/2024 - 14:56:30;Crédito;Pago;1/1;Mastercard;50;"0,72";"0,11";"49,17";03/04/2024
982241196;09/03/2024 - 16:46:05;Crédito;Pago;1/1;Mastercard;"53,04";"0,77";"0,12";"52,15";03/04/2024
982285046;09/03/2024 - 17:18:14;Crédito;Pago;1/1;Mastercard;50;"0,72";"0,11";"49,17";03/04/2024
981758884;09/03/2024 - 11:44:34;Crédito;Pago;1/1;Mastercard;"85,21";"1,24";"0,19";"83,78";03/04/2024
981683624;09/03/2024 - 11:08:28;Crédito;Pago;1/1;Mastercard;30;"0,44";"0,07";"29,49";03/04/2024
981582362;09/03/2024 - 10:14:55;Crédito;Pago;1/1;Mastercard;50;"0,72";"0,11";"49,17";03/04/2024
953782911;09/03/2024 - 16:04:30;Crédito;Pago;1/1;Mastercard;100;"1,45";"0,23";"98,32";03/04/2024
953557507;09/03/2024 - 13:16:19;Crédito;Pago;1/1;Mastercard;100;"1,45";"0,23";"98,32";03/04/2024
953574077;09/03/2024 - 13:26:32;Crédito;Pago;1/1;Mastercard;100;"1,45";"0,23";"98,32";03/04/2024
953635329;09/03/2024 - 14:09:13;Crédito;Pago;1/1;Mastercard;60;"0,87";"0,14";"58,99";03/04/2024
953695953;09/03/2024 - 14:56:10;Crédito;Pago;1/1;Mastercard;"43,02";"0,62";"0,1";"42,3";03/04/2024
953703719;09/03/2024 - 15:02:34;Crédito;Pago;1/1;Mastercard;"239,8";"3,48";"0,55";"235,77";03/04/2024
953742081;09/03/2024 - 15:32:16;Crédito;Pago;1/1;Mastercard;100;"1,45";"0,23";"98,32";03/04/2024
953831647;09/03/2024 - 16:42:47;Crédito;Pago;1/1;Mastercard;60;"0,87";"0,14";"58,99";03/04/2024
953861521;09/03/2024 - 17:05:39;Crédito;Pago;1/1;Mastercard;40;"0,58";"0,09";"39,33";03/04/2024
953975129;09/03/2024 - 18:31:37;Crédito;Pago;1/1;Mastercard;20;"0,29";"0,05";"19,66";03/04/2024
953991441;09/03/2024 - 18:44:05;Crédito;Pago;1/1;Mastercard;30;"0,44";"0,07";"29,49";03/04/2024
954007007;09/03/2024 - 18:56:15;Crédito;Pago;1/1;Mastercard;40;"0,58";"0,09";"39,33";03/04/2024
954012659;09/03/2024 - 19:00:24;Crédito;Pago;1/1;Mastercard;30;"0,44";"0,07";"29,49";03/04/2024
954042373;09/03/2024 - 19:24:21;Crédito;Pago;1/1;Mastercard;150;"2,18";"0,34";"147,48";03/04/2024
954046981;09/03/2024 - 19:27:56;Crédito;Pago;1/1;Mastercard;"25,19";"0,37";"0,06";"24,76";03/04/2024
981352974;09/03/2024 - 06:54:48;Crédito;Pago;1/1;Mastercard;"52,84";"0,77";"0,12";"51,95";03/04/2024
981354788;09/03/2024 - 06:58:39;Crédito;Pago;1/1;Mastercard;100;"1,45";"0,23";"98,32";03/04/2024
953285185;09/03/2024 - 10:55:35;Crédito;Pago;1/1;Mastercard;100;"1,45";"0,23";"98,32";03/04/2024
953286755;09/03/2024 - 10:56:21;Crédito;Pago;1/1;Mastercard;"133,1";"1,93";"0,3";"130,87";03/04/2024
953336493;09/03/2024 - 11:21:46;Crédito;Pago;1/1;Mastercard;50;"0,72";"0,11";"49,17";03/04/2024
953422547;09/03/2024 - 12:03:36;Crédito;Pago;1/1;Mastercard;"272,13";"3,95";"0,62";"267,56";03/04/2024
953463725;09/03/2024 - 12:24:24;Crédito;Pago;1/1;Mastercard;25;"0,36";"0,06";"24,58";03/04/2024
953231945;09/03/2024 - 10:27:02;Crédito;Pago;1/1;Mastercard;80;"1,16";"0,18";"78,66";03/04/2024
953116377;09/03/2024 - 09:15:11;Crédito;Pago;1/1;Mastercard;"97,39";"1,41";"0,22";"95,76";03/04/2024
953126825;09/03/2024 - 09:22:44;Crédito;Pago;1/1;Mastercard;120;"1,74";"0,27";"117,99";03/04/2024
981115324;08/03/2024 - 20:29:36;Crédito;Pago;1/1;Mastercard;60;"0,87";"0,14";"58,99";03/04/2024
981117732;08/03/2024 - 20:31:46;Crédito;Pago;1/1;Mastercard;30;"0,44";"0,07";"29,49";03/04/2024
980704006;08/03/2024 - 16:20:53;Crédito;Pago;1/1;Mastercard;30;"0,44";"0,07";"29,49";03/04/2024
980751540;08/03/2024 - 16:49:35;Crédito;Pago;1/1;Mastercard;"29,96";"0,43";"0,07";"29,46";03/04/2024
980774478;08/03/2024 - 17:02:42;Crédito;Pago;1/1;Mastercard;100;"1,45";"0,23";"98,32";03/04/2024
981199908;08/03/2024 - 21:49:49;Crédito;Pago;1/1;Mastercard;50;"0,72";"0,11";"49,17";03/04/2024
953065841;09/03/2024 - 08:34:49;Crédito;Pago;1/1;Mastercard;"71,16";"1,03";"0,16";"69,97";03/04/2024
953114527;09/03/2024 - 09:13:55;Crédito;Pago;1/1;Mastercard;"91,95";"1,33";"0,21";"90,41";03/04/2024
980879782;08/03/2024 - 17:57:48;Crédito;Pago;1/1;Mastercard;"190,2";"2,76";"0,43";"187,01";03/04/2024
980881682;08/03/2024 - 17:58:49;Crédito;Pago;1/1;Mastercard;120;"1,74";"0,27";"117,99";03/04/2024
980930310;08/03/2024 - 18:24:39;Crédito;Pago;1/1;Mastercard;"80,25";"1,16";"0,18";"78,91";03/04/2024
980974242;08/03/2024 - 18:49:43;Crédito;Pago;1/1;Mastercard;100;"1,45";"0,23";"98,32";03/04/2024
980987286;08/03/2024 - 18:57:23;Crédito;Pago;1/1;Mastercard;100;"1,45";"0,23";"98,32";03/04/2024
980996700;08/03/2024 - 19:03:08;Crédito;Pago;1/1;Mastercard;30;"0,44";"0,07";"29,49";03/04/2024
981006842;08/03/2024 - 19:09:27;Crédito;Pago;1/1;Mastercard;100;"1,45";"0,23";"98,32";03/04/2024
981024882;08/03/2024 - 19:21:42;Crédito;Pago;1/1;Mastercard;30;"0,44";"0,07";"29,49";03/04/2024
980682372;08/03/2024 - 16:07:03;Crédito;Pago;1/1;Mastercard;20;"0,29";"0,05";"19,66";03/04/2024
980552486;08/03/2024 - 14:28:13;Crédito;Pago;1/1;Mastercard;50;"0,72";"0,11";"49,17";03/04/2024
980580974;08/03/2024 - 14:51:00;Crédito;Pago;1/1;Mastercard;20;"0,29";"0,05";"19,66";03/04/2024
980383012;08/03/2024 - 12:26:56;Crédito;Pago;1/1;Mastercard;99;"1,44";"0,23";"97,33";03/04/2024
980400252;08/03/2024 - 12:37:52;Crédito;Pago;1/1;Mastercard;"257,48";"3,73";"0,59";"253,16";03/04/2024
980495812;08/03/2024 - 13:43:29;Crédito;Pago;1/1;Mastercard;50;"0,72";"0,11";"49,17";03/04/2024
980504158;08/03/2024 - 13:49:51;Crédito;Pago;1/1;Mastercard;50;"0,72";"0,11";"49,17";03/04/2024
980422460;08/03/2024 - 12:52:22;Crédito;Pago;1/1;Mastercard;100;"1,45";"0,23";"98,32";03/04/2024
980427288;08/03/2024 - 12:55:33;Crédito;Pago;1/1;Mastercard;30;"0,44";"0,07";"29,49";03/04/2024
980449774;08/03/2024 - 13:10:04;Crédito;Pago;1/1;Mastercard;100;"1,45";"0,23";"98,32";03/04/2024
980450866;08/03/2024 - 13:10:48;Crédito;Pago;1/1;Mastercard;"17,49";"0,25";"0,04";"17,2";03/04/2024
980005636;08/03/2024 - 06:55:56;Crédito;Pago;1/1;Mastercard;70;"1,02";"0,16";"68,82";03/04/2024
980019354;08/03/2024 - 07:13:04;Crédito;Pago;1/1;Mastercard;15;"0,22";"0,03";"14,75";03/04/2024
980067998;08/03/2024 - 08:06:02;Crédito;Pago;1/1;Mastercard;30;"0,44";"0,07";"29,49";03/04/2024
980305938;08/03/2024 - 11:36:32;Crédito;Pago;1/3;Mastercard;"204,74";"4,2";"0,46";"200,08";03/04/2024
951905489;08/03/2024 - 10:23:13;Crédito;Pago;1/1;Mastercard;100;"1,45";"0,23";"98,32";03/04/2024
979983248;08/03/2024 - 06:18:40;Crédito;Pago;1/1;Mastercard;100;"1,45";"0,23";"98,32";03/04/2024
979990398;08/03/2024 - 06:32:48;Crédito;Pago;1/1;Mastercard;150;"2,18";"0,34";"147,48";03/04/2024
979999494;08/03/2024 - 06:47:12;Crédito;Pago;1/1;Mastercard;30;"0,44";"0,07";"29,49";03/04/2024
951708325;08/03/2024 - 07:05:45;Crédito;Pago;1/1;Mastercard;50;"0,72";"0,11";"49,17";03/04/2024
951721211;08/03/2024 - 07:21:10;Crédito;Pago;1/1;Mastercard;60;"0,87";"0,14";"58,99";03/04/2024
951769409;08/03/2024 - 08:15:24;Crédito;Pago;1/1;Mastercard;150;"2,18";"0,34";"147,48";03/04/2024
951771221;08/03/2024 - 08:17:13;Crédito;Pago;1/1;Mastercard;"220,83";"3,2";"0,5";"217,13";03/04/2024
951783535;08/03/2024 - 08:29:57;Crédito;Pago;1/1;Mastercard;10;"0,14";"0,02";"9,84";03/04/2024
979207082;07/03/2024 - 12:50:08;Crédito;Pago;1/1;Mastercard;100;"1,45";"0,23";"98,32";03/04/2024
979422664;07/03/2024 - 15:47:45;Crédito;Pago;1/3;Mastercard;"89,14";"1,83";"0,2";"87,11";03/04/2024
979423886;07/03/2024 - 15:48:40;Crédito;Pago;1/1;Mastercard;"106,83";"1,55";"0,24";"105,04";03/04/2024
979448918;07/03/2024 - 16:07:46;Crédito;Pago;1/1;Mastercard;50;"0,72";"0,11";"49,17";03/04/2024
979635638;07/03/2024 - 18:02:06;Crédito;Pago;1/1;Mastercard;"120,59";"1,75";"0,28";"118,56";03/04/2024
979661598;07/03/2024 - 18:16:27;Crédito;Pago;1/1;Mastercard;100;"1,45";"0,23";"98,32";03/04/2024
979685142;07/03/2024 - 18:30:19;Crédito;Pago;1/1;Mastercard;"166,71";"2,42";"0,38";"163,91";03/04/2024
979738282;07/03/2024 - 19:03:46;Crédito;Pago;1/1;Mastercard;70;"1,02";"0,16";"68,82";03/04/2024
979800702;07/03/2024 - 19:51:33;Crédito;Pago;1/1;Mastercard;50;"0,72";"0,11";"49,17";03/04/2024
978825626;07/03/2024 - 07:13:45;Crédito;Pago;1/1;Mastercard;10;"0,14";"0,02";"9,84";03/04/2024
978853482;07/03/2024 - 07:44:28;Crédito;Pago;1/1;Mastercard;50;"0,72";"0,11";"49,17";03/04/2024
978900418;07/03/2024 - 08:35:12;Crédito;Pago;1/1;Mastercard;"38,74";"0,56";"0,09";"38,09";03/04/2024
978939232;07/03/2024 - 09:13:47;Crédito;Pago;1/1;Mastercard;"189,1";"2,74";"0,43";"185,93";03/04/2024
951488925;07/03/2024 - 19:34:22;Crédito;Pago;1/1;Mastercard;50;"0,72";"0,11";"49,17";03/04/2024
978784344;07/03/2024 - 06:06:44;Crédito;Pago;1/1;Mastercard;500;"7,25";"1,14";"491,61";03/04/2024
978786258;07/03/2024 - 06:12:09;Crédito;Pago;1/1;Mastercard;"120,25";"1,74";"0,27";"118,24";03/04/2024
950806357;07/03/2024 - 11:07:16;Crédito;Pago;1/1;Mastercard;100;"1,45";"0,23";"98,32";03/04/2024
950836599;07/03/2024 - 11:31:50;Crédito;Pago;1/1;Mastercard;20;"0,29";"0,05";"19,66";03/04/2024
951264283;07/03/2024 - 17:11:37;Crédito;Pago;1/1;Mastercard;20;"0,29";"0,05";"19,66";03/04/2024
951265669;07/03/2024 - 17:12:32;Crédito;Pago;1/1;Mastercard;"105,39";"1,53";"0,24";"103,62";03/04/2024
951130625;07/03/2024 - 15:31:17;Crédito;Pago;1/1;Mastercard;50;"0,72";"0,11";"49,17";03/04/2024
951188651;07/03/2024 - 16:18:10;Crédito;Pago;1/1;Mastercard;100;"1,45";"0,23";"98,32";03/04/2024
950987083;07/03/2024 - 13:22:24;Crédito;Pago;1/3;Mastercard;"192,94";"3,96";"0,44";"188,54";03/04/2024
950611523;07/03/2024 - 08:00:59;Crédito;Pago;1/1;Mastercard;"19,69";"0,29";"0,04";"19,36";03/04/2024
950614517;07/03/2024 - 08:04:13;Crédito;Pago;1/1;Mastercard;50;"0,72";"0,11";"49,17";03/04/2024
978257500;06/03/2024 - 15:46:09;Crédito;Pago;1/1;Mastercard;"11,92";"0,17";"0,01";"11,74";03/04/2024
978276582;06/03/2024 - 16:01:04;Crédito;Pago;1/1;Mastercard;50;"0,72";"0,05";"49,23";03/04/2024
978407336;06/03/2024 - 17:29:02;Crédito;Pago;1/1;Mastercard;50;"0,72";"0,05";"49,23";03/04/2024
978547302;06/03/2024 - 18:52:32;Crédito;Pago;1/1;Mastercard;100;"1,45";"0,09";"98,46";03/04/2024
978554778;06/03/2024 - 18:57:41;Crédito;Pago;1/1;Mastercard;"14,5";"0,21";"0,01";"14,28";03/04/2024
978215504;06/03/2024 - 15:09:43;Crédito;Pago;1/1;Mastercard;"231,43";"3,36";"0,21";"227,86";03/04/2024
977740568;06/03/2024 - 08:10:34;Crédito;Pago;1/1;Mastercard;"199,47";"2,89";"0,18";"196,4";03/04/2024
977759044;06/03/2024 - 08:30:07;Crédito;Pago;1/1;Mastercard;100;"1,45";"0,09";"98,46";03/04/2024
977822860;06/03/2024 - 09:34:52;Crédito;Pago;1/1;Mastercard;"270,16";"3,92";"0,25";"265,99";03/04/2024
977689970;06/03/2024 - 07:13:43;Crédito;Pago;1/1;Mastercard;"225,17";"3,26";"0,21";"221,7";03/04/2024
977691320;06/03/2024 - 07:15:17;Crédito;Pago;1/1;Mastercard;20;"0,29";"0,02";"19,69";03/04/2024
950420777;06/03/2024 - 20:30:31;Crédito;Pago;1/1;Mastercard;60;"0,87";"0,05";"59,08";03/04/2024
950079369;06/03/2024 - 16:16:00;Crédito;Pago;1/1;Mastercard;100;"1,45";"0,09";"98,46";03/04/2024
950130677;06/03/2024 - 16:55:16;Crédito;Pago;1/1;Mastercard;50;"0,72";"0,05";"49,23";03/04/2024
950148235;06/03/2024 - 17:07:16;Crédito;Pago;1/1;Mastercard;100;"1,45";"0,09";"98,46";03/04/2024
950155813;06/03/2024 - 17:12:02;Crédito;Pago;1/1;Mastercard;50;"0,72";"0,05";"49,23";03/04/2024
950180037;06/03/2024 - 17:27:22;Crédito;Pago;1/1;Mastercard;50;"0,72";"0,05";"49,23";03/04/2024
950197935;06/03/2024 - 17:38:09;Crédito;Pago;1/1;Mastercard;15;"0,22";"0,01";"14,77";03/04/2024
950216531;06/03/2024 - 17:49:22;Crédito;Pago;1/1;Mastercard;50;"0,72";"0,05";"49,23";03/04/2024
950235627;06/03/2024 - 18:01:00;Crédito;Pago;1/1;Mastercard;150;"2,18";"0,14";"147,68";03/04/2024
977364406;05/03/2024 - 18:01:03;Crédito;Pago;1/1;Mastercard;100;"1,45";"0,05";"98,5";03/04/2024
977462864;05/03/2024 - 19:06:35;Crédito;Pago;1/1;Mastercard;"182,1";"2,64";"0,08";"179,38";03/04/2024
949962881;06/03/2024 - 14:31:34;Crédito;Pago;1/1;Mastercard;"19,95";"0,29";"0,02";"19,64";03/04/2024
949963719;06/03/2024 - 14:32:24;Crédito;Pago;1/1;Mastercard;50;"0,72";"0,05";"49,23";03/04/2024
977199204;05/03/2024 - 16:09:48;Crédito;Pago;1/1;Mastercard;100;"1,45";"0,05";"98,5";03/04/2024
977200270;05/03/2024 - 16:10:38;Crédito;Pago;1/1;Mastercard;30;"0,44";"0,01";"29,55";03/04/2024
977236530;05/03/2024 - 16:39:02;Crédito;Pago;1/1;Mastercard;"225,81";"3,27";"0,1";"222,44";03/04/2024
949385347;05/03/2024 - 21:06:29;Crédito;Pago;1/1;Mastercard;"191,71";"2,78";"0,09";"188,84";03/04/2024
949544507;06/03/2024 - 08:13:20;Crédito;Pago;1/1;Mastercard;"51,07";"0,74";"0,05";"50,28";03/04/2024
949567533;06/03/2024 - 08:39:18;Crédito;Pago;1/1;Mastercard;150;"2,18";"0,14";"147,68";03/04/2024
949573077;06/03/2024 - 08:45:24;Crédito;Pago;1/1;Mastercard;30;"0,44";"0,03";"29,53";03/04/2024
949587005;06/03/2024 - 09:00:22;Crédito;Pago;1/1;Mastercard;50;"0,72";"0,05";"49,23";03/04/2024
949912679;06/03/2024 - 13:41:48;Crédito;Pago;1/1;Mastercard;100;"1,45";"0,09";"98,46";03/04/2024
976785300;05/03/2024 - 10:00:29;Crédito;Pago;1/1;Mastercard;7;"0,1";0;"6,9";03/04/2024
977055470;05/03/2024 - 13:55:48;Crédito;Pago;1/1;Mastercard;100;"1,45";"0,05";"98,5";03/04/2024
948730451;05/03/2024 - 11:31:53;Crédito;Pago;1/1;Mastercard;100;"1,45";"0,05";"98,5";03/04/2024
949355481;05/03/2024 - 20:22:15;Crédito;Pago;1/1;Mastercard;"269,81";"3,91";"0,12";"265,78";03/04/2024
976656224;05/03/2024 - 07:40:44;Crédito;Pago;1/1;Mastercard;"55,7";"0,81";"0,03";"54,86";03/04/2024
976707608;05/03/2024 - 08:40:07;Crédito;Pago;1/1;Mastercard;25;"0,36";"0,01";"24,63";03/04/2024
948681167;05/03/2024 - 10:45:15;Crédito;Pago;1/1;Mastercard;"162,24";"2,35";"0,07";"159,82";03/04/2024
948347513;04/03/2024 - 19:55:40;Crédito;Pago;1/1;Mastercard;50;"0,72";0;"49,28";03/04/2024
948366581;04/03/2024 - 20:22:33;Crédito;Pago;1/1;Mastercard;113;"1,64";0;"111,36";03/04/2024
948452765;05/03/2024 - 06:11:49;Crédito;Pago;1/1;Mastercard;50;"0,72";"0,02";"49,26";03/04/2024
948471477;05/03/2024 - 06:51:09;Crédito;Pago;1/1;Mastercard;"22,29";"0,32";"0,01";"21,96";03/04/2024
948472021;05/03/2024 - 06:52:06;Crédito;Pago;1/1;Mastercard;100;"1,45";"0,05";"98,5";03/04/2024
948512389;05/03/2024 - 07:46:29;Crédito;Pago;1/1;Mastercard;"30,04";"0,44";"0,01";"29,59";03/04/2024
948520931;05/03/2024 - 07:56:59;Crédito;Pago;1/1;Mastercard;150;"2,18";"0,07";"147,75";03/04/2024
948527515;05/03/2024 - 08:04:41;Crédito;Pago;1/1;Mastercard;"122,18";"1,77";"0,06";"120,35";03/04/2024
948609263;05/03/2024 - 09:33:41;Crédito;Pago;1/1;Mastercard;"137,41";"1,99";"0,06";"135,36";03/04/2024
976174616;04/03/2024 - 16:10:28;Crédito;Pago;1/1;Mastercard;50;"0,72";0;"49,28";03/04/2024
976186806;04/03/2024 - 16:20:40;Crédito;Pago;1/1;Mastercard;"49,8";"0,72";0;"49,08";03/04/2024
976204498;04/03/2024 - 16:34:59;Crédito;Pago;1/1;Mastercard;50;"0,72";0;"49,28";03/04/2024
976219360;04/03/2024 - 16:46:29;Crédito;Pago;1/1;Mastercard;"60,51";"0,88";0;"59,63";03/04/2024
976249772;04/03/2024 - 17:08:15;Crédito;Pago;1/1;Mastercard;30;"0,44";0;"29,56";03/04/2024
976250198;04/03/2024 - 17:08:34;Crédito;Pago;1/1;Mastercard;10;"0,14";0;"9,86";03/04/2024
976477344;04/03/2024 - 19:55:54;Crédito;Pago;1/1;Mastercard;50;"0,72";0;"49,28";03/04/2024
975961784;04/03/2024 - 12:48:38;Crédito;Pago;1/1;Mastercard;100;"1,45";0;"98,55";03/04/2024
975969132;04/03/2024 - 12:54:46;Crédito;Pago;1/1;Mastercard;"238,72";"3,46";0;"235,26";03/04/2024
976009214;04/03/2024 - 13:30:46;Crédito;Pago;1/1;Mastercard;"221,58";"3,21";0;"218,37";03/04/2024
948385985;04/03/2024 - 20:54:59;Crédito;Pago;1/1;Mastercard;20;"0,29";0;"19,71";03/04/2024
975618890;04/03/2024 - 07:00:29;Crédito;Pago;1/1;Mastercard;"36,36";"0,53";0;"35,83";03/04/2024
975627274;04/03/2024 - 07:11:50;Crédito;Pago;1/1;Mastercard;50;"0,72";0;"49,28";03/04/2024
975664984;04/03/2024 - 07:59:26;Crédito;Pago;1/1;Mastercard;50;"0,72";0;"49,28";03/04/2024
975689110;04/03/2024 - 08:27:53;Crédito;Pago;1/1;Mastercard;50;"0,72";0;"49,28";03/04/2024
948280999;04/03/2024 - 18:48:56;Crédito;Pago;1/1;Mastercard;"102,91";"1,49";0;"101,42";03/04/2024
948308529;04/03/2024 - 19:13:05;Crédito;Pago;1/1;Mastercard;"123,43";"1,79";0;"121,64";03/04/2024
948106597;04/03/2024 - 16:46:02;Crédito;Pago;1/1;Mastercard;50;"0,72";0;"49,28";03/04/2024
947548693;04/03/2024 - 07:34:39;Crédito;Pago;1/1;Mastercard;"137,56";"1,99";0;"135,57";03/04/2024
948271475;04/03/2024 - 18:41:22;Crédito;Pago;1/1;Mastercard;50;"0,72";0;"49,28";03/04/2024
947797909;04/03/2024 - 11:56:55;Crédito;Pago;1/1;Mastercard;40;"0,58";0;"39,42";03/04/2024
947807625;04/03/2024 - 12:04:51;Crédito;Pago;1/1;Mastercard;"106,16";"1,54";0;"104,62";03/04/2024
947862475;04/03/2024 - 12:50:34;Crédito;Pago;1/1;Mastercard;20;"0,29";0;"19,71";03/04/2024
947787243;04/03/2024 - 11:47:54;Crédito;Pago;1/1;Mastercard;25;"0,36";0;"24,64";03/04/2024
947633061;04/03/2024 - 09:13:51;Crédito;Pago;1/1;Mastercard;37;"0,54";0;"36,46";03/04/2024
947737367;04/03/2024 - 11:01:44;Crédito;Pago;1/1;Mastercard;"216,47";"3,14";0;"213,33";03/04/2024
947751163;04/03/2024 - 11:15:01;Crédito;Pago;1/1;Mastercard;50;"0,72";0;"49,28";03/04/2024
947753177;04/03/2024 - 11:17:00;Crédito;Pago;1/1;Mastercard;50;"0,72";0;"49,28";03/04/2024
947498463;04/03/2024 - 06:20:09;Crédito;Pago;1/1;Mastercard;"52,01";"0,75";0;"51,26";03/04/2024
947521961;04/03/2024 - 07:00:39;Crédito;Pago;1/1;Mastercard;30;"0,44";0;"29,56";03/04/2024
947504679;04/03/2024 - 06:33:10;Crédito;Pago;1/1;Mastercard;20;"0,29";0;"19,71";03/04/2024
947517243;04/03/2024 - 06:53:39;Crédito;Pago;1/1;Mastercard;30;"0,44";0;"29,56";03/04/2024
920197513;07/02/2024 - 13:08:45;Crédito;Pago;2/3;Mastercard;"86,83";"1,78";"0,2";"84,85";03/04/2024
948838654;09/02/2024 - 14:36:29;Crédito;Pago;2/3;Mastercard;"158,03";"3,24";"0,43";"154,36";03/04/2024
944268860;05/02/2024 - 19:23:36;Crédito;Pago;2/2;Mastercard;"87,25";"1,79";"0,08";"85,38";03/04/2024
888744739;09/01/2024 - 10:28:45;Crédito;Pago;3/3;Mastercard;"138,1";"2,83";"0,31";"134,96";03/04/2024
889276197;09/01/2024 - 17:34:41;Crédito;Pago;3/3;Mastercard;"124,03";"2,54";"0,28";"121,21";03/04/2024
919571964;15/01/2024 - 13:37:44;Crédito;Pago;3/3;Mastercard;"88,16";"1,81";"0,48";"85,87";03/04/2024
919962808;15/01/2024 - 18:28:17;Crédito;Pago;3/3;Mastercard;"68,03";"1,39";"0,37";"66,27";03/04/2024
911369084;08/01/2024 - 15:50:54;Crédito;Pago;3/3;Mastercard;"88,16";"1,81";"0,2";"86,15";03/04/2024
978375387;02/04/2024 - 17:36:39;Débito;Pago;1/1;Visa;30;"0,21";0;"29,79";03/04/2024
978383325;02/04/2024 - 17:42:02;Débito;Pago;1/1;Visa;50;"0,35";0;"49,65";03/04/2024
978389459;02/04/2024 - 17:46:03;Débito;Pago;1/1;Visa;"121,8";"0,85";0;"120,95";03/04/2024
978394231;02/04/2024 - 17:49:23;Débito;Pago;1/1;Visa;100;"0,7";0;"99,3";03/04/2024
978434577;02/04/2024 - 18:17:17;Débito;Pago;1/1;Visa;112;"0,78";0;"111,22";03/04/2024
978247157;02/04/2024 - 15:52:19;Débito;Pago;1/1;Visa;60;"0,42";0;"59,58";03/04/2024
978530243;02/04/2024 - 19:40:03;Débito;Pago;1/1;Visa;"248,85";"1,74";0;"247,11";03/04/2024
1008945580;02/04/2024 - 07:34:29;Débito;Pago;1/1;Visa;30;"0,21";0;"29,79";03/04/2024
1008946920;02/04/2024 - 07:36:06;Débito;Pago;1/1;Visa;96;"0,67";0;"95,33";03/04/2024
1009011318;02/04/2024 - 08:49:58;Débito;Pago;1/1;Visa;"1507,55";"10,55";0;1497;03/04/2024
978598271;02/04/2024 - 21:21:42;Débito;Pago;1/1;Visa;100;"0,7";0;"99,3";03/04/2024
978612611;02/04/2024 - 21:54:59;Débito;Pago;1/1;Visa;80;"0,56";0;"79,44";03/04/2024
977911623;02/04/2024 - 10:32:21;Débito;Pago;1/1;Visa;"23,91";"0,17";0;"23,74";03/04/2024
977915903;02/04/2024 - 10:36:43;Débito;Pago;1/1;Visa;30;"0,21";0;"29,79";03/04/2024
977900535;02/04/2024 - 10:20:57;Débito;Pago;1/1;Visa;10;"0,07";0;"9,93";03/04/2024
977988295;02/04/2024 - 11:45:15;Débito;Pago;1/1;Visa;50;"0,35";0;"49,65";03/04/2024
978048495;02/04/2024 - 12:35:47;Débito;Pago;1/1;Visa;"61,03";"0,43";0;"60,6";03/04/2024
978057083;02/04/2024 - 12:43:10;Débito;Pago;1/1;Visa;"57,9";"0,41";0;"57,49";03/04/2024
978003803;02/04/2024 - 11:58:36;Débito;Pago;1/1;Visa;70;"0,49";0;"69,51";03/04/2024
978089731;02/04/2024 - 13:11:21;Débito;Pago;1/1;Visa;"175,17";"1,23";0;"173,94";03/04/2024
978107515;02/04/2024 - 13:28:10;Débito;Pago;1/1;Visa;60;"0,42";0;"59,58";03/04/2024
978118463;02/04/2024 - 13:38:23;Débito;Pago;1/1;Visa;"37,87";"0,27";0;"37,6";03/04/2024
978131041;02/04/2024 - 13:51:06;Débito;Pago;1/1;Visa;50;"0,35";0;"49,65";03/04/2024
978142277;02/04/2024 - 14:03:17;Débito;Pago;1/1;Visa;100;"0,7";0;"99,3";03/04/2024
978188249;02/04/2024 - 14:53:51;Débito;Pago;1/1;Visa;50;"0,35";0;"49,65";03/04/2024
978196103;02/04/2024 - 15:02:31;Débito;Pago;1/1;Visa;100;"0,7";0;"99,3";03/04/2024
977706181;02/04/2024 - 06:27:53;Débito;Pago;1/1;Visa;50;"0,35";0;"49,65";03/04/2024
977707317;02/04/2024 - 06:30:31;Débito;Pago;1/1;Visa;60;"0,42";0;"59,58";03/04/2024
977708125;02/04/2024 - 06:32:07;Débito;Pago;1/1;Visa;100;"0,7";0;"99,3";03/04/2024
977771967;02/04/2024 - 08:00:56;Débito;Pago;1/1;Mastercard;30;"0,21";0;"29,79";03/04/2024
977790345;02/04/2024 - 08:23:17;Débito;Pago;1/1;Mastercard;100;"0,7";0;"99,3";03/04/2024
977709619;02/04/2024 - 06:35:22;Débito;Pago;1/1;Mastercard;50;"0,35";0;"49,65";03/04/2024
977713083;02/04/2024 - 06:41:47;Débito;Pago;1/1;Mastercard;"29,8";"0,21";0;"29,59";03/04/2024
977717435;02/04/2024 - 06:48:52;Débito;Pago;1/1;Mastercard;"247,75";"1,73";0;"246,02";03/04/2024
977726329;02/04/2024 - 07:02:56;Débito;Pago;1/1;Mastercard;50;"0,35";0;"49,65";03/04/2024
977728667;02/04/2024 - 07:06:22;Débito;Pago;1/1;Mastercard;155;"1,08";0;"153,92";03/04/2024
977729705;02/04/2024 - 07:07:53;Débito;Pago;1/1;Mastercard;150;"1,05";0;"148,95";03/04/2024
977729963;02/04/2024 - 07:08:17;Débito;Pago;1/1;Mastercard;20;"0,14";0;"19,86";03/04/2024
978223919;02/04/2024 - 15:30:11;Débito;Pago;1/1;Mastercard;100;"0,7";0;"99,3";03/04/2024
978193759;02/04/2024 - 14:59:47;Débito;Pago;1/1;Mastercard;50;"0,35";0;"49,65";03/04/2024
978136213;02/04/2024 - 13:56:46;Débito;Pago;1/1;Mastercard;"318,05";"2,23";0;"315,82";03/04/2024
978118897;02/04/2024 - 13:38:50;Débito;Pago;1/1;Mastercard;30;"0,21";0;"29,79";03/04/2024
978124909;02/04/2024 - 13:44:51;Débito;Pago;1/1;Mastercard;"112,5";"0,79";0;"111,71";03/04/2024
978098487;02/04/2024 - 13:19:24;Débito;Pago;1/1;Mastercard;"17,89";"0,13";0;"17,76";03/04/2024
978024731;02/04/2024 - 12:15:49;Débito;Pago;1/1;Mastercard;15;"0,1";0;"14,9";03/04/2024
978075293;02/04/2024 - 12:58:52;Débito;Pago;1/1;Mastercard;40;"0,28";0;"39,72";03/04/2024
978084335;02/04/2024 - 13:06:50;Débito;Pago;1/1;Mastercard;10;"0,07";0;"9,93";03/04/2024
978002597;02/04/2024 - 11:57:33;Débito;Pago;1/1;Mastercard;20;"0,14";0;"19,86";03/04/2024
977904653;02/04/2024 - 10:25:04;Débito;Pago;1/1;Mastercard;100;"0,7";0;"99,3";03/04/2024
977907939;02/04/2024 - 10:28:27;Débito;Pago;1/1;Mastercard;"218,69";"1,53";0;"217,16";03/04/2024
977946551;02/04/2024 - 11:07:19;Débito;Pago;1/1;Mastercard;20;"0,14";0;"19,86";03/04/2024
977959169;02/04/2024 - 11:18:39;Débito;Pago;1/1;Mastercard;50;"0,35";0;"49,65";03/04/2024
977963707;02/04/2024 - 11:23:00;Débito;Pago;1/1;Mastercard;40;"0,28";0;"39,72";03/04/2024
977987731;02/04/2024 - 11:44:48;Débito;Pago;1/1;Mastercard;"104,9";"0,73";0;"104,17";03/04/2024
977988183;02/04/2024 - 11:45:09;Débito;Pago;1/1;Mastercard;10;"0,07";0;"9,93";03/04/2024
977844111;02/04/2024 - 09:23:22;Débito;Pago;1/1;Mastercard;50;"0,35";0;"49,65";03/04/2024
978600309;02/04/2024 - 21:26:17;Débito;Pago;1/1;Mastercard;50;"0,35";0;"49,65";03/04/2024
978515031;02/04/2024 - 19:24:03;Débito;Pago;1/1;Mastercard;30;"0,21";0;"29,79";03/04/2024
978523307;02/04/2024 - 19:32:44;Débito;Pago;1/1;Mastercard;50;"0,35";0;"49,65";03/04/2024
978528419;02/04/2024 - 19:38:06;Débito;Pago;1/1;Mastercard;100;"0,7";0;"99,3";03/04/2024
1009065272;02/04/2024 - 09:48:12;Débito;Pago;1/1;Mastercard;50;"0,35";0;"49,65";03/04/2024
1009115892;02/04/2024 - 10:39:18;Débito;Pago;1/1;Mastercard;25;"0,18";0;"24,82";03/04/2024
1009121720;02/04/2024 - 10:45:27;Débito;Pago;1/1;Mastercard;100;"0,7";0;"99,3";03/04/2024
1008949684;02/04/2024 - 07:39:29;Débito;Pago;1/1;Mastercard;"230,85";"1,62";0;"229,23";03/04/2024
1009004434;02/04/2024 - 08:42:34;Débito;Pago;1/1;Mastercard;50;"0,35";0;"49,65";03/04/2024
978443217;02/04/2024 - 18:23:27;Débito;Pago;1/1;Mastercard;"266,92";"1,87";0;"265,05";03/04/2024
978489567;02/04/2024 - 19:00:13;Débito;Pago;1/1;Mastercard;50;"0,35";0;"49,65";03/04/2024
978538287;02/04/2024 - 19:49:10;Débito;Pago;1/1;Mastercard;"53,21";"0,37";0;"52,84";03/04/2024
978551707;02/04/2024 - 20:05:07;Débito;Pago;1/1;Mastercard;15;"0,1";0;"14,9";03/04/2024
978554097;02/04/2024 - 20:08:15;Débito;Pago;1/1;Mastercard;24;"0,17";0;"23,83";03/04/2024
978575277;02/04/2024 - 20:39:32;Débito;Pago;1/1;Mastercard;100;"0,7";0;"99,3";03/04/2024
978576793;02/04/2024 - 20:41:47;Débito;Pago;1/1;Mastercard;50;"0,35";0;"49,65";03/04/2024
1008911218;02/04/2024 - 06:50:05;Débito;Pago;1/1;Mastercard;70;"0,49";0;"69,51";03/04/2024
1008938316;02/04/2024 - 07:25:29;Débito;Pago;1/1;Mastercard;100;"0,7";0;"99,3";03/04/2024
978449679;02/04/2024 - 18:28:04;Débito;Pago;1/1;Mastercard;100;"0,7";0;"99,3";03/04/2024
978458207;02/04/2024 - 18:34:22;Débito;Pago;1/1;Mastercard;30;"0,21";0;"29,79";03/04/2024
978460049;02/04/2024 - 18:35:41;Débito;Pago;1/1;Mastercard;22;"0,15";0;"21,85";03/04/2024
978461955;02/04/2024 - 18:37:08;Débito;Pago;1/1;Mastercard;50;"0,35";0;"49,65";03/04/2024
978253165;02/04/2024 - 15:57:54;Débito;Pago;1/1;Mastercard;"193,27";"1,35";0;"191,92";03/04/2024
978265419;02/04/2024 - 16:09:10;Débito;Pago;1/1;Mastercard;30;"0,21";0;"29,79";03/04/2024
978282337;02/04/2024 - 16:24:06;Débito;Pago;1/1;Mastercard;20;"0,14";0;"19,86";03/04/2024
978291491;02/04/2024 - 16:32:34;Débito;Pago;1/1;Mastercard;50;"0,35";0;"49,65";03/04/2024
978295011;02/04/2024 - 16:35:28;Débito;Pago;1/1;Mastercard;20;"0,14";0;"19,86";03/04/2024
978316249;02/04/2024 - 16:53:06;Débito;Pago;1/1;Mastercard;"28,66";"0,2";0;"28,46";03/04/2024
978320657;02/04/2024 - 16:56:31;Débito;Pago;1/1;Mastercard;200;"1,4";0;"198,6";03/04/2024
978331011;02/04/2024 - 17:04:41;Débito;Pago;1/1;Mastercard;70;"0,49";0;"69,51";03/04/2024
978337663;02/04/2024 - 17:09:44;Débito;Pago;1/1;Mastercard;30;"0,21";0;"29,79";03/04/2024
978367443;02/04/2024 - 17:31:09;Débito;Pago;1/1;Mastercard;"22,02";"0,15";0;"21,87";03/04/2024
978369283;02/04/2024 - 17:32:31;Débito;Pago;1/1;Mastercard;150;"1,05";0;"148,95";03/04/2024
919573803;06/02/2024 - 19:11:32;Crédito;Pago;2/3;Elo;"88,83";"2,09";"0,2";"86,54";03/04/2024
947519913;04/03/2024 - 06:57:38;Crédito;Pago;1/1;Elo;50;"0,92";0;"49,08";03/04/2024
947545773;04/03/2024 - 07:30:52;Crédito;Pago;1/1;Elo;35;"0,65";0;"34,35";03/04/2024
948241181;04/03/2024 - 18:19:12;Crédito;Pago;1/1;Elo;30;"0,56";0;"29,44";03/04/2024
948248019;04/03/2024 - 18:23:52;Crédito;Pago;1/1;Elo;52;"0,96";0;"51,04";03/04/2024
948310775;04/03/2024 - 19:15:17;Crédito;Pago;1/1;Elo;50;"0,92";0;"49,08";03/04/2024
975724440;04/03/2024 - 09:06:44;Crédito;Pago;1/1;Elo;50;"0,92";0;"49,08";03/04/2024
948368365;04/03/2024 - 20:25:17;Crédito;Pago;1/1;Elo;20;"0,37";0;"19,63";03/04/2024
948966485;05/03/2024 - 15:06:42;Crédito;Pago;1/1;Elo;50;"0,92";"0,02";"49,06";03/04/2024
976758298;05/03/2024 - 09:34:02;Crédito;Pago;1/1;Elo;20;"0,37";"0,01";"19,62";03/04/2024
977055028;05/03/2024 - 13:55:25;Crédito;Pago;1/1;Elo;20;"0,37";"0,01";"19,62";03/04/2024
949940739;06/03/2024 - 14:09:40;Crédito;Pago;1/1;Elo;5;"0,09";0;"4,91";03/04/2024
977657444;06/03/2024 - 06:22:27;Crédito;Pago;1/1;Elo;"130,92";"2,42";"0,12";"128,38";03/04/2024
950393021;06/03/2024 - 19:59:16;Crédito;Pago;1/1;Elo;50;"0,92";"0,05";"49,03";03/04/2024
977696582;06/03/2024 - 07:21:37;Crédito;Pago;1/1;Elo;40;"0,74";"0,04";"39,22";03/04/2024
977981224;06/03/2024 - 11:54:53;Crédito;Pago;1/1;Elo;"90,26";"1,67";"0,08";"88,51";03/04/2024
978596124;06/03/2024 - 19:28:06;Crédito;Pago;1/1;Elo;20;"0,37";"0,02";"19,61";03/04/2024
978612856;06/03/2024 - 19:41:34;Crédito;Pago;1/1;Elo;30;"0,56";"0,03";"29,41";03/04/2024
978614210;06/03/2024 - 19:42:44;Crédito;Pago;1/1;Elo;40;"0,74";"0,04";"39,22";03/04/2024
950694701;07/03/2024 - 09:26:33;Crédito;Pago;1/1;Elo;20;"0,37";"0,05";"19,58";03/04/2024
950552187;07/03/2024 - 06:47:57;Crédito;Pago;1/1;Elo;150;"2,78";"0,34";"146,88";03/04/2024
951005633;07/03/2024 - 13:37:41;Crédito;Pago;1/1;Elo;10;"0,18";"0,02";"9,8";03/04/2024
951233707;07/03/2024 - 16:51:50;Crédito;Pago;1/1;Elo;50;"0,92";"0,11";"48,97";03/04/2024
979528938;07/03/2024 - 17:02:08;Crédito;Pago;1/1;Elo;15;"0,28";"0,03";"14,69";03/04/2024
980000822;08/03/2024 - 06:49:04;Crédito;Pago;1/1;Elo;50;"0,92";"0,11";"48,97";03/04/2024
980538558;08/03/2024 - 14:16:51;Crédito;Pago;1/1;Elo;20;"0,37";"0,05";"19,58";03/04/2024
981189854;08/03/2024 - 21:38:55;Crédito;Pago;1/1;Elo;50;"0,92";"0,11";"48,97";03/04/2024
953809913;09/03/2024 - 16:25:37;Crédito;Pago;1/1;Elo;100;"1,85";"0,23";"97,92";03/04/2024
982020002;09/03/2024 - 14:06:45;Crédito;Pago;1/1;Elo;"177,05";"3,28";"0,4";"173,37";03/04/2024
982301828;09/03/2024 - 17:30:25;Crédito;Pago;1/1;Elo;60;"1,11";"0,14";"58,75";03/04/2024
982335138;09/03/2024 - 17:53:40;Crédito;Pago;1/1;Elo;"82,05";"1,52";"0,19";"80,34";03/04/2024
983337034;10/03/2024 - 15:43:55;Crédito;Pago;1/1;Elo;100;"1,85";"0,27";"97,88";03/04/2024
955580849;11/03/2024 - 12:40:18;Crédito;Pago;1/1;Elo;"138,97";"2,57";"0,44";"135,96";03/04/2024
955502111;11/03/2024 - 11:34:33;Crédito;Pago;1/1;Elo;50;"0,92";"0,16";"48,92";03/04/2024
955259463;11/03/2024 - 07:08:55;Crédito;Pago;1/1;Elo;100;"1,85";"0,32";"97,83";03/04/2024
955798661;11/03/2024 - 16:11:54;Crédito;Pago;1/1;Elo;20;"0,37";"0,06";"19,57";03/04/2024
955824597;11/03/2024 - 16:33:56;Crédito;Pago;1/1;Elo;"127,09";"2,35";"0,4";"124,34";03/04/2024
955826293;11/03/2024 - 16:35:21;Crédito;Pago;1/1;Elo;6;"0,11";"0,02";"5,87";03/04/2024
956021529;11/03/2024 - 18:50:21;Crédito;Pago;1/1;Elo;80;"1,48";"0,25";"78,27";03/04/2024
983864726;11/03/2024 - 08:31:50;Crédito;Pago;1/1;Elo;30;"0,56";"0,1";"29,34";03/04/2024
956226621;12/03/2024 - 06:58:48;Crédito;Pago;1/1;Elo;"77,53";"1,43";"0,28";"75,82";03/04/2024
956706003;12/03/2024 - 14:51:27;Crédito;Pago;1/1;Elo;"255,74";"4,73";"0,93";"250,08";03/04/2024
956736391;12/03/2024 - 15:21:24;Crédito;Pago;1/1;Elo;20;"0,37";"0,07";"19,56";03/04/2024
956503279;12/03/2024 - 11:50:09;Crédito;Pago;1/1;Elo;20;"0,37";"0,07";"19,56";03/04/2024
956992211;12/03/2024 - 18:29:47;Crédito;Pago;1/1;Elo;100;"1,85";"0,36";"97,79";03/04/2024
984880764;12/03/2024 - 07:32:45;Crédito;Pago;1/1;Elo;105;"1,94";"0,38";"102,68";03/04/2024
985426842;12/03/2024 - 16:01:26;Crédito;Pago;1/1;Elo;100;"1,85";"0,36";"97,79";03/04/2024
957241475;13/03/2024 - 06:56:17;Crédito;Pago;1/1;Elo;40;"0,74";"0,16";"39,1";03/04/2024
957273107;13/03/2024 - 07:38:52;Crédito;Pago;1/1;Elo;100;"1,85";"0,41";"97,74";03/04/2024
957612571;13/03/2024 - 13:11:39;Crédito;Pago;1/1;Elo;50;"0,92";"0,2";"48,88";03/04/2024
957295651;13/03/2024 - 08:06:04;Crédito;Pago;1/1;Elo;150;"2,78";"0,61";"146,61";03/04/2024
957810513;13/03/2024 - 16:23:01;Crédito;Pago;1/1;Elo;200;"3,7";"0,82";"195,48";03/04/2024
958018125;13/03/2024 - 18:47:33;Crédito;Pago;1/1;Elo;"115,05";"2,13";"0,47";"112,45";03/04/2024
986122576;13/03/2024 - 10:24:31;Crédito;Pago;1/1;Elo;"233,17";"4,31";"0,95";"227,91";03/04/2024
986153458;13/03/2024 - 10:53:02;Crédito;Pago;1/1;Elo;100;"1,85";"0,41";"97,74";03/04/2024
986252230;13/03/2024 - 12:12:11;Crédito;Pago;1/1;Elo;"176,02";"3,26";"0,72";"172,04";03/04/2024
985960522;13/03/2024 - 07:39:15;Crédito;Pago;1/1;Elo;100;"1,85";"0,41";"97,74";03/04/2024
986557438;13/03/2024 - 16:26:03;Crédito;Pago;1/1;Elo;10;"0,18";"0,04";"9,78";03/04/2024
987028928;14/03/2024 - 06:17:27;Crédito;Pago;1/1;Elo;50;"0,92";"0,27";"48,81";03/04/2024
986859512;13/03/2024 - 19:43:07;Crédito;Pago;1/1;Elo;50;"0,92";"0,2";"48,88";03/04/2024
958318725;14/03/2024 - 08:16:59;Crédito;Pago;1/1;Elo;"56,12";"1,04";"0,31";"54,77";03/04/2024
988036508;14/03/2024 - 17:09:31;Crédito;Pago;1/1;Elo;100;"1,85";"0,55";"97,6";03/04/2024
988501712;14/03/2024 - 21:05:51;Crédito;Pago;1/1;Elo;20;"0,37";"0,11";"19,52";03/04/2024
959079033;15/03/2024 - 11:08:31;Crédito;Pago;1/1;Elo;50;"0,92";"0,27";"48,81";03/04/2024
988307466;14/03/2024 - 18:58:57;Crédito;Pago;1/1;Elo;"18,45";"0,34";"0,1";"18,01";03/04/2024
959182905;15/03/2024 - 12:30:36;Crédito;Pago;1/1;Elo;22;"0,41";"0,12";"21,47";03/04/2024
988754620;15/03/2024 - 08:27:38;Crédito;Pago;1/1;Elo;"137,05";"2,54";"0,75";"133,76";03/04/2024
960177231;16/03/2024 - 08:46:02;Crédito;Pago;1/1;Elo;50;"0,92";"0,27";"48,81";03/04/2024
960362527;16/03/2024 - 10:44:38;Crédito;Pago;1/1;Elo;100;"1,85";"0,55";"97,6";03/04/2024
960438301;16/03/2024 - 11:25:51;Crédito;Pago;1/1;Elo;100;"1,85";"0,55";"97,6";03/04/2024
990946802;16/03/2024 - 16:48:49;Crédito;Pago;1/1;Elo;30;"0,56";"0,16";"29,28";03/04/2024
978271445;02/04/2024 - 16:14:28;Débito;Pago;1/1;Elo;20;"0,21";0;"19,79";03/04/2024
978467499;02/04/2024 - 18:41:31;Débito;Pago;1/1;Elo;"101,61";"1,06";0;"100,55";03/04/2024
978509773;02/04/2024 - 19:18:40;Débito;Pago;1/1;Elo;20;"0,21";0;"19,79";03/04/2024
978448769;02/04/2024 - 18:27:26;Débito;Pago;1/1;Elo;20;"0,21";0;"19,79";03/04/2024
1009143708;02/04/2024 - 11:07:18;Débito;Pago;1/1;Elo;40;"0,42";0;"39,58";03/04/2024
977890535;02/04/2024 - 10:10:11;Débito;Pago;1/1;Elo;"67,99";"0,71";0;"67,28";03/04/2024
977738303;02/04/2024 - 07:19:04;Débito;Pago;1/1;Elo;150;"1,56";0;"148,44";03/04/2024
977710661;02/04/2024 - 06:37:21;Débito;Pago;1/1;Elo;30;"0,31";0;"29,69";03/04/2024
990847790;16/03/2024 - 15:37:02;Crédito;Pago;1/1;American Express;20;"0,54";"0,11";"19,35";03/04/2024
953516927;09/03/2024 - 12:52:37;Crédito;Pago;1/1;American Express;50;"1,35";"0,11";"48,54";03/04/2024
980703698;08/03/2024 - 16:20:41;Crédito;Pago;1/1;American Express;"256,15";"6,92";"0,58";"248,65";03/04/2024
980634176;08/03/2024 - 15:32:12;Crédito;Pago;1/1;Hipercard;"264,18";"3,83";"0,6";"259,75";03/04/2024
1010485314;03/04/2024 - 15:40:47;Crédito;Pago;1/1;Visa;100;"1,45";0;"98,55";04/04/2024
978666051;03/04/2024 - 06:31:36;Crédito;Pago;1/1;Visa;"57,26";"0,83";0;"56,43";04/04/2024
978718323;03/04/2024 - 07:47:23;Crédito;Pago;1/1;Mastercard;20;"0,29";0;"19,71";04/04/2024
978793523;03/04/2024 - 09:13:15;Crédito;Pago;1/1;Mastercard;"63,86";"0,93";0;"62,93";04/04/2024
978728469;03/04/2024 - 07:59:19;Débito;Pago;1/1;Visa;150;"1,05";0;"148,95";04/04/2024
978697169;03/04/2024 - 07:20:18;Débito;Pago;1/1;Visa;"7,99";"0,06";0;"7,93";04/04/2024
978712467;03/04/2024 - 07:40:12;Débito;Pago;1/1;Visa;"294,71";"2,06";0;"292,65";04/04/2024
1010694066;03/04/2024 - 18:08:32;Débito;Pago;1/1;Visa;"89,9";"0,63";0;"89,27";04/04/2024
1010636440;03/04/2024 - 17:33:41;Débito;Pago;1/1;Visa;30;"0,21";0;"29,79";04/04/2024
978826621;03/04/2024 - 09:46:37;Débito;Pago;1/1;Visa;"165,88";"1,16";0;"164,72";04/04/2024
979061793;03/04/2024 - 13:14:59;Débito;Pago;1/1;Visa;50;"0,35";0;"49,65";04/04/2024
979406029;03/04/2024 - 18:06:42;Débito;Pago;1/1;Visa;50;"0,35";0;"49,65";04/04/2024
979493373;03/04/2024 - 19:09:52;Débito;Pago;1/1;Visa;50;"0,35";0;"49,65";04/04/2024
979331991;03/04/2024 - 17:19:37;Débito;Pago;1/1;Visa;100;"0,7";0;"99,3";04/04/2024
979360219;03/04/2024 - 17:37:43;Débito;Pago;1/1;Visa;20;"0,14";0;"19,86";04/04/2024
979547659;03/04/2024 - 20:03:16;Débito;Pago;1/1;Visa;26;"0,18";0;"25,82";04/04/2024
1009978736;03/04/2024 - 07:40:05;Débito;Pago;1/1;Visa;50;"0,35";0;"49,65";04/04/2024
1009983878;03/04/2024 - 07:45:39;Débito;Pago;1/1;Visa;50;"0,35";0;"49,65";04/04/2024
1010011776;03/04/2024 - 08:17:01;Débito;Pago;1/1;Visa;"171,56";"1,2";0;"170,36";04/04/2024
1010001642;03/04/2024 - 08:05:28;Débito;Pago;1/1;Visa;30;"0,21";0;"29,79";04/04/2024
1010114600;03/04/2024 - 10:05:31;Débito;Pago;1/1;Visa;50;"0,35";0;"49,65";04/04/2024
1010159650;03/04/2024 - 10:49:45;Débito;Pago;1/1;Visa;60;"0,42";0;"59,58";04/04/2024
1010447496;03/04/2024 - 15:06:17;Débito;Pago;1/1;Visa;50;"0,35";0;"49,65";04/04/2024
978661109;03/04/2024 - 06:19:55;Débito;Pago;1/1;Visa;50;"0,35";0;"49,65";04/04/2024
978659775;03/04/2024 - 06:15:50;Débito;Pago;1/1;Mastercard;50;"0,35";0;"49,65";04/04/2024
1010161286;03/04/2024 - 10:51:16;Débito;Pago;1/1;Mastercard;18;"0,13";0;"17,87";04/04/2024
1010167392;03/04/2024 - 10:57:21;Débito;Pago;1/1;Mastercard;"144,9";"1,01";0;"143,89";04/04/2024
1010118908;03/04/2024 - 10:09:47;Débito;Pago;1/1;Mastercard;70;"0,49";0;"69,51";04/04/2024
1010126816;03/04/2024 - 10:17:26;Débito;Pago;1/1;Mastercard;90;"0,63";0;"89,37";04/04/2024
1010128218;03/04/2024 - 10:18:47;Débito;Pago;1/1;Mastercard;100;"0,7";0;"99,3";04/04/2024
1010159120;03/04/2024 - 10:49:18;Débito;Pago;1/1;Mastercard;20;"0,14";0;"19,86";04/04/2024
1010007370;03/04/2024 - 08:12:02;Débito;Pago;1/1;Mastercard;25;"0,18";0;"24,82";04/04/2024
979037297;03/04/2024 - 12:55:01;Débito;Pago;1/1;Mastercard;50;"0,35";0;"49,65";04/04/2024
1010100026;03/04/2024 - 09:50:45;Débito;Pago;1/1;Mastercard;10;"0,07";0;"9,93";04/04/2024
1010182708;03/04/2024 - 11:11:50;Débito;Pago;1/1;Mastercard;27;"0,19";0;"26,81";04/04/2024
1010202388;03/04/2024 - 11:29:01;Débito;Pago;1/1;Mastercard;"84,9";"0,59";0;"84,31";04/04/2024
1010219924;03/04/2024 - 11:44:18;Débito;Pago;1/1;Mastercard;10;"0,07";0;"9,93";04/04/2024
1010225704;03/04/2024 - 11:49:14;Débito;Pago;1/1;Mastercard;50;"0,35";0;"49,65";04/04/2024
1010230162;03/04/2024 - 11:52:41;Débito;Pago;1/1;Mastercard;50;"0,35";0;"49,65";04/04/2024
1010284208;03/04/2024 - 12:35:27;Débito;Pago;1/1;Mastercard;"30,86";"0,22";0;"30,64";04/04/2024
1010310934;03/04/2024 - 12:57:00;Débito;Pago;1/1;Mastercard;50;"0,35";0;"49,65";04/04/2024
1010321192;03/04/2024 - 13:05:45;Débito;Pago;1/1;Mastercard;"197,21";"1,38";0;"195,83";04/04/2024
1010379134;03/04/2024 - 13:58:17;Débito;Pago;1/1;Mastercard;150;"1,05";0;"148,95";04/04/2024
1010419244;03/04/2024 - 14:38:09;Débito;Pago;1/1;Mastercard;100;"0,7";0;"99,3";04/04/2024
1010019568;03/04/2024 - 08:25:36;Débito;Pago;1/1;Mastercard;20;"0,14";0;"19,86";04/04/2024
1010060520;03/04/2024 - 09:09:42;Débito;Pago;1/1;Mastercard;60;"0,42";0;"59,58";04/04/2024
1009996810;03/04/2024 - 08:00:16;Débito;Pago;1/1;Mastercard;50;"0,35";0;"49,65";04/04/2024
979559047;03/04/2024 - 20:17:07;Débito;Pago;1/1;Mastercard;30;"0,21";0;"29,79";04/04/2024
979376363;03/04/2024 - 17:47:40;Débito;Pago;1/1;Mastercard;100;"0,7";0;"99,3";04/04/2024
979577067;03/04/2024 - 20:41:03;Débito;Pago;1/1;Mastercard;50;"0,35";0;"49,65";04/04/2024
979581053;03/04/2024 - 20:47:00;Débito;Pago;1/1;Mastercard;30;"0,21";0;"29,79";04/04/2024
979583627;03/04/2024 - 20:50:49;Débito;Pago;1/1;Mastercard;50;"0,35";0;"49,65";04/04/2024
979588463;03/04/2024 - 20:58:18;Débito;Pago;1/1;Mastercard;30;"0,21";0;"29,79";04/04/2024
979589211;03/04/2024 - 20:59:35;Débito;Pago;1/1;Mastercard;30;"0,21";0;"29,79";04/04/2024
1009976600;03/04/2024 - 07:37:52;Débito;Pago;1/1;Mastercard;50;"0,35";0;"49,65";04/04/2024
979541949;03/04/2024 - 19:56:41;Débito;Pago;1/1;Mastercard;"148,17";"1,04";0;"147,13";04/04/2024
979542673;03/04/2024 - 19:57:27;Débito;Pago;1/1;Mastercard;80;"0,56";0;"79,44";04/04/2024
979545161;03/04/2024 - 20:00:19;Débito;Pago;1/1;Mastercard;30;"0,21";0;"29,79";04/04/2024
979444107;03/04/2024 - 18:32:20;Débito;Pago;1/1;Mastercard;20;"0,14";0;"19,86";04/04/2024
979464115;03/04/2024 - 18:46:42;Débito;Pago;1/1;Mastercard;"28,43";"0,2";0;"28,23";04/04/2024
979474443;03/04/2024 - 18:54:37;Débito;Pago;1/1;Mastercard;50;"0,35";0;"49,65";04/04/2024
979118459;03/04/2024 - 14:10:31;Débito;Pago;1/1;Mastercard;25;"0,18";0;"24,82";04/04/2024
979126195;03/04/2024 - 14:18:54;Débito;Pago;1/1;Mastercard;"74,03";"0,52";0;"73,51";04/04/2024
979280785;03/04/2024 - 16:44:21;Débito;Pago;1/1;Mastercard;"11,67";"0,08";0;"11,59";04/04/2024
979298043;03/04/2024 - 16:56:54;Débito;Pago;1/1;Mastercard;50;"0,35";0;"49,65";04/04/2024
979312695;03/04/2024 - 17:07:06;Débito;Pago;1/1;Mastercard;"36,01";"0,25";0;"35,76";04/04/2024
979315425;03/04/2024 - 17:08:52;Débito;Pago;1/1;Mastercard;25;"0,18";0;"24,82";04/04/2024
978851673;03/04/2024 - 10:11:17;Débito;Pago;1/1;Mastercard;20;"0,14";0;"19,86";04/04/2024
978866655;03/04/2024 - 10:26:28;Débito;Pago;1/1;Mastercard;20;"0,14";0;"19,86";04/04/2024
978900269;03/04/2024 - 11:00:23;Débito;Pago;1/1;Mastercard;10;"0,07";0;"9,93";04/04/2024
978948697;03/04/2024 - 11:43:39;Débito;Pago;1/1;Mastercard;20;"0,14";0;"19,86";04/04/2024
978803163;03/04/2024 - 09:23:16;Débito;Pago;1/1;Mastercard;150;"1,05";0;"148,95";04/04/2024
978820495;03/04/2024 - 09:40:36;Débito;Pago;1/1;Mastercard;30;"0,21";0;"29,79";04/04/2024
1010607096;03/04/2024 - 17:15:07;Débito;Pago;1/1;Mastercard;70;"0,49";0;"69,51";04/04/2024
1010734180;03/04/2024 - 18:33:39;Débito;Pago;1/1;Mastercard;"56,74";"0,4";0;"56,34";04/04/2024
1010761006;03/04/2024 - 18:51:58;Débito;Pago;1/1;Mastercard;"11,23";"0,08";0;"11,15";04/04/2024
1010767890;03/04/2024 - 18:56:55;Débito;Pago;1/1;Mastercard;"49,8";"0,35";0;"49,45";04/04/2024
1010779082;03/04/2024 - 19:05:15;Débito;Pago;1/1;Mastercard;100;"0,7";0;"99,3";04/04/2024
1010784144;03/04/2024 - 19:09:16;Débito;Pago;1/1;Mastercard;30;"0,21";0;"29,79";04/04/2024
979590955;03/04/2024 - 21:02:18;Débito;Pago;1/1;Mastercard;10;"0,07";0;"9,93";04/04/2024
979601161;03/04/2024 - 21:19:47;Débito;Pago;1/1;Mastercard;44;"0,31";0;"43,69";04/04/2024
1010493686;03/04/2024 - 15:48:09;Débito;Pago;1/1;Mastercard;"17,66";"0,12";0;"17,54";04/04/2024
1010519034;03/04/2024 - 16:10:06;Débito;Pago;1/1;Mastercard;20;"0,14";0;"19,86";04/04/2024
1010525508;03/04/2024 - 16:15:11;Débito;Pago;1/1;Mastercard;50;"0,35";0;"49,65";04/04/2024
978700689;03/04/2024 - 07:24:41;Débito;Pago;1/1;Mastercard;20;"0,14";0;"19,86";04/04/2024
978694029;03/04/2024 - 07:16:00;Débito;Pago;1/1;Mastercard;50;"0,35";0;"49,65";04/04/2024
978694589;03/04/2024 - 07:16:47;Débito;Pago;1/1;Mastercard;70;"0,49";0;"69,51";04/04/2024
978786101;03/04/2024 - 09:05:31;Débito;Pago;1/1;Mastercard;30;"0,21";0;"29,79";04/04/2024
1010542534;03/04/2024 - 16:28:09;Débito;Pago;1/1;Elo;"11,98";"0,12";0;"11,86";04/04/2024
1010594994;03/04/2024 - 17:07:23;Débito;Pago;1/1;Elo;20;"0,21";0;"19,79";04/04/2024
1010602974;03/04/2024 - 17:12:32;Débito;Pago;1/1;Elo;50;"0,52";0;"49,48";04/04/2024
1010514370;03/04/2024 - 16:06:07;Débito;Pago;1/1;Elo;30;"0,31";0;"29,69";04/04/2024
979616953;03/04/2024 - 21:50:12;Débito;Pago;1/1;Elo;50;"0,52";0;"49,48";04/04/2024
1010664488;03/04/2024 - 17:50:53;Débito;Pago;1/1;Elo;50;"0,52";0;"49,48";04/04/2024
1010691946;03/04/2024 - 18:07:15;Débito;Pago;1/1;Elo;100;"1,04";0;"98,96";04/04/2024
979023145;03/04/2024 - 12:43:19;Débito;Pago;1/1;Elo;50;"0,52";0;"49,48";04/04/2024
979571727;03/04/2024 - 20:33:25;Débito;Pago;1/1;Elo;50;"0,52";0;"49,48";04/04/2024
1009999616;03/04/2024 - 08:03:17;Débito;Pago;1/1;Elo;30;"0,31";0;"29,69";04/04/2024
1010066902;03/04/2024 - 09:16:38;Débito;Pago;1/1;Elo;20;"0,21";0;"19,79";04/04/2024
1010180816;03/04/2024 - 11:10:08;Débito;Pago;1/1;Elo;40;"0,42";0;"39,58";04/04/2024
979679917;04/04/2024 - 06:24:46;Crédito;Pago;1/1;Visa;"104,1";"1,51";0;"102,59";05/04/2024
1011383428;04/04/2024 - 13:04:36;Crédito;Pago;1/1;Visa;50;"0,72";0;"49,28";05/04/2024
979678695;04/04/2024 - 06:22:09;Crédito;Pago;1/1;Mastercard;"209,59";"3,04";0;"206,55";05/04/2024
980369793;04/04/2024 - 17:21:45;Crédito;Pago;1/1;Mastercard;50;"0,72";0;"49,28";05/04/2024
1011472398;04/04/2024 - 14:25:56;Débito;Pago;1/1;Visa;"40,69";"0,28";0;"40,41";05/04/2024
1011776778;04/04/2024 - 18:13:37;Débito;Pago;1/1;Visa;20;"0,14";0;"19,86";05/04/2024
1011721442;04/04/2024 - 17:40:48;Débito;Pago;1/1;Visa;"237,27";"1,66";0;"235,61";05/04/2024
1011722040;04/04/2024 - 17:41:10;Débito;Pago;1/1;Visa;100;"0,7";0;"99,3";05/04/2024
1011909966;04/04/2024 - 19:51:46;Débito;Pago;1/1;Visa;60;"0,42";0;"59,58";05/04/2024
1011975336;04/04/2024 - 21:06:27;Débito;Pago;1/1;Visa;12;"0,08";0;"11,92";05/04/2024
980371591;04/04/2024 - 17:22:51;Débito;Pago;1/1;Visa;100;"0,7";0;"99,3";05/04/2024
980398899;04/04/2024 - 17:40:10;Débito;Pago;1/1;Visa;"152,07";"1,06";0;"151,01";05/04/2024
980410611;04/04/2024 - 17:47:19;Débito;Pago;1/1;Visa;4;"0,03";0;"3,97";05/04/2024
980419347;04/04/2024 - 17:52:53;Débito;Pago;1/1;Visa;70;"0,49";0;"69,51";05/04/2024
980470525;04/04/2024 - 18:26:40;Débito;Pago;1/1;Visa;40;"0,28";0;"39,72";05/04/2024
980522939;04/04/2024 - 19:05:14;Débito;Pago;1/1;Visa;"149,38";"1,05";0;"148,33";05/04/2024
980573951;04/04/2024 - 19:51:13;Débito;Pago;1/1;Visa;"212,49";"1,49";0;211;05/04/2024
1011001678;04/04/2024 - 06:51:52;Débito;Pago;1/1;Visa;50;"0,35";0;"49,65";05/04/2024
1011010794;04/04/2024 - 07:05:14;Débito;Pago;1/1;Visa;50;"0,35";0;"49,65";05/04/2024
1011124862;04/04/2024 - 09:15:54;Débito;Pago;1/1;Visa;30;"0,21";0;"29,79";05/04/2024
1011032962;04/04/2024 - 07:32:47;Débito;Pago;1/1;Visa;20;"0,14";0;"19,86";05/04/2024
1011283988;04/04/2024 - 11:46:39;Débito;Pago;1/1;Visa;50;"0,35";0;"49,65";05/04/2024
1011332442;04/04/2024 - 12:24:52;Débito;Pago;1/1;Visa;50;"0,35";0;"49,65";05/04/2024
979687525;04/04/2024 - 06:39:40;Débito;Pago;1/1;Visa;"271,65";"1,9";0;"269,75";05/04/2024
979688333;04/04/2024 - 06:41:17;Débito;Pago;1/1;Visa;150;"1,05";0;"148,95";05/04/2024
979738931;04/04/2024 - 07:48:19;Débito;Pago;1/1;Visa;30;"0,21";0;"29,79";05/04/2024
979821533;04/04/2024 - 09:19:26;Débito;Pago;1/1;Visa;25;"0,18";0;"24,82";05/04/2024
979826897;04/04/2024 - 09:24:59;Débito;Pago;1/1;Visa;40;"0,28";0;"39,72";05/04/2024
979860731;04/04/2024 - 09:59:11;Débito;Pago;1/1;Visa;100;"0,7";0;"99,3";05/04/2024
979892581;04/04/2024 - 10:30:26;Débito;Pago;1/1;Visa;120;"0,84";0;"119,16";05/04/2024
980075079;04/04/2024 - 13:04:57;Débito;Pago;1/1;Visa;"16,33";"0,11";0;"16,22";05/04/2024
980175993;04/04/2024 - 14:40:03;Débito;Pago;1/1;Visa;"23,96";"0,17";0;"23,79";05/04/2024
980182647;04/04/2024 - 14:46:52;Débito;Pago;1/1;Visa;100;"0,7";0;"99,3";05/04/2024
980212275;04/04/2024 - 15:16:35;Débito;Pago;1/1;Visa;30;"0,21";0;"29,79";05/04/2024
980295005;04/04/2024 - 16:29:46;Débito;Pago;1/1;Visa;"135,64";"0,95";0;"134,69";05/04/2024
979675373;04/04/2024 - 06:12:56;Débito;Pago;1/1;Visa;"84,99";"0,59";0;"84,4";05/04/2024
979678043;04/04/2024 - 06:20:38;Débito;Pago;1/1;Visa;50;"0,35";0;"49,65";05/04/2024
980415231;04/04/2024 - 17:50:21;Débito;Pago;1/1;Mastercard;"29,07";"0,2";0;"28,87";05/04/2024
980300585;04/04/2024 - 16:34:03;Débito;Pago;1/1;Mastercard;"98,9";"0,69";0;"98,21";05/04/2024
980361823;04/04/2024 - 17:16:39;Débito;Pago;1/1;Mastercard;"79,5";"0,56";0;"78,94";05/04/2024
980250187;04/04/2024 - 15:51:46;Débito;Pago;1/1;Mastercard;50;"0,35";0;"49,65";05/04/2024
980293987;04/04/2024 - 16:28:58;Débito;Pago;1/1;Mastercard;50;"0,35";0;"49,65";05/04/2024
980162927;04/04/2024 - 14:26:32;Débito;Pago;1/1;Mastercard;50;"0,35";0;"49,65";05/04/2024
980172351;04/04/2024 - 14:36:14;Débito;Pago;1/1;Mastercard;40;"0,28";0;"39,72";05/04/2024
980187117;04/04/2024 - 14:51:32;Débito;Pago;1/1;Mastercard;50;"0,35";0;"49,65";05/04/2024
980189973;04/04/2024 - 14:54:22;Débito;Pago;1/1;Mastercard;20;"0,14";0;"19,86";05/04/2024
980193651;04/04/2024 - 14:58:15;Débito;Pago;1/1;Mastercard;100;"0,7";0;"99,3";05/04/2024
980201089;04/04/2024 - 15:05:52;Débito;Pago;1/1;Mastercard;100;"0,7";0;"99,3";05/04/2024
980106099;04/04/2024 - 13:31:18;Débito;Pago;1/1;Mastercard;12;"0,08";0;"11,92";05/04/2024
980129645;04/04/2024 - 13:52:52;Débito;Pago;1/1;Mastercard;20;"0,14";0;"19,86";05/04/2024
980132449;04/04/2024 - 13:55:22;Débito;Pago;1/1;Mastercard;50;"0,35";0;"49,65";05/04/2024
979990675;04/04/2024 - 11:59:29;Débito;Pago;1/1;Mastercard;"133,8";"0,94";0;"132,86";05/04/2024
980005505;04/04/2024 - 12:10:39;Débito;Pago;1/1;Mastercard;100;"0,7";0;"99,3";05/04/2024
980009455;04/04/2024 - 12:13:40;Débito;Pago;1/1;Mastercard;10;"0,07";0;"9,93";05/04/2024
979837079;04/04/2024 - 09:35:14;Débito;Pago;1/1;Mastercard;25;"0,18";0;"24,82";05/04/2024
979841129;04/04/2024 - 09:39:10;Débito;Pago;1/1;Mastercard;50;"0,35";0;"49,65";05/04/2024
979743813;04/04/2024 - 07:54:02;Débito;Pago;1/1;Mastercard;30;"0,21";0;"29,79";05/04/2024
979731743;04/04/2024 - 07:40:09;Débito;Pago;1/1;Mastercard;15;"0,1";0;"14,9";05/04/2024
979737327;04/04/2024 - 07:46:19;Débito;Pago;1/1;Mastercard;20;"0,14";0;"19,86";05/04/2024
1011342468;04/04/2024 - 12:32:21;Débito;Pago;1/1;Mastercard;50;"0,35";0;"49,65";05/04/2024
979684653;04/04/2024 - 06:34:11;Débito;Pago;1/1;Mastercard;30;"0,21";0;"29,79";05/04/2024
1011303544;04/04/2024 - 12:02:22;Débito;Pago;1/1;Mastercard;20;"0,14";0;"19,86";05/04/2024
1011331102;04/04/2024 - 12:23:49;Débito;Pago;1/1;Mastercard;50;"0,35";0;"49,65";05/04/2024
1011189856;04/04/2024 - 10:20:50;Débito;Pago;1/1;Mastercard;"46,78";"0,33";0;"46,45";05/04/2024
1011194698;04/04/2024 - 10:25:26;Débito;Pago;1/1;Mastercard;50;"0,35";0;"49,65";05/04/2024
1011209674;04/04/2024 - 10:39:50;Débito;Pago;1/1;Mastercard;50;"0,35";0;"49,65";05/04/2024
1011242034;04/04/2024 - 11:09:46;Débito;Pago;1/1;Mastercard;50;"0,35";0;"49,65";05/04/2024
1011251172;04/04/2024 - 11:17:58;Débito;Pago;1/1;Mastercard;70;"0,49";0;"69,51";05/04/2024
1011260556;04/04/2024 - 11:26:32;Débito;Pago;1/1;Mastercard;20;"0,14";0;"19,86";05/04/2024
1011043276;04/04/2024 - 07:44:47;Débito;Pago;1/1;Mastercard;"18,88";"0,13";0;"18,75";05/04/2024
1011049236;04/04/2024 - 07:51:46;Débito;Pago;1/1;Mastercard;20;"0,14";0;"19,86";05/04/2024
1011066044;04/04/2024 - 08:11:08;Débito;Pago;1/1;Mastercard;"24,55";"0,17";0;"24,38";05/04/2024
1011080740;04/04/2024 - 08:27:40;Débito;Pago;1/1;Mastercard;50;"0,35";0;"49,65";05/04/2024
1011094930;04/04/2024 - 08:43:37;Débito;Pago;1/1;Mastercard;50;"0,35";0;"49,65";05/04/2024
1011113506;04/04/2024 - 09:04:00;Débito;Pago;1/1;Mastercard;50;"0,35";0;"49,65";05/04/2024
1011012382;04/04/2024 - 07:07:21;Débito;Pago;1/1;Mastercard;"24,38";"0,17";0;"24,21";05/04/2024
980526255;04/04/2024 - 19:07:53;Débito;Pago;1/1;Mastercard;20;"0,14";0;"19,86";05/04/2024
980531909;04/04/2024 - 19:12:38;Débito;Pago;1/1;Mastercard;50;"0,35";0;"49,65";05/04/2024
980570107;04/04/2024 - 19:47:36;Débito;Pago;1/1;Mastercard;50;"0,35";0;"49,65";05/04/2024
980477067;04/04/2024 - 18:31:14;Débito;Pago;1/1;Mastercard;50;"0,35";0;"49,65";05/04/2024
980440161;04/04/2024 - 18:06:31;Débito;Pago;1/1;Mastercard;"143,19";1;0;"142,19";05/04/2024
980458285;04/04/2024 - 18:18:33;Débito;Pago;1/1;Mastercard;150;"1,05";0;"148,95";05/04/2024
980485571;04/04/2024 - 18:37:26;Débito;Pago;1/1;Mastercard;100;"0,7";0;"99,3";05/04/2024
980489133;04/04/2024 - 18:40:02;Débito;Pago;1/1;Mastercard;"19,98";"0,14";0;"19,84";05/04/2024
980511635;04/04/2024 - 18:56:25;Débito;Pago;1/1;Mastercard;"45,57";"0,32";0;"45,25";05/04/2024
980518085;04/04/2024 - 19:01:29;Débito;Pago;1/1;Mastercard;"214,92";"1,5";0;"213,42";05/04/2024
980383405;04/04/2024 - 17:30:19;Débito;Pago;1/1;Mastercard;40;"0,28";0;"39,72";05/04/2024
980392741;04/04/2024 - 17:36:17;Débito;Pago;1/1;Mastercard;20;"0,14";0;"19,86";05/04/2024
1011983008;04/04/2024 - 21:16:47;Débito;Pago;1/1;Mastercard;20;"0,14";0;"19,86";05/04/2024
1011990386;04/04/2024 - 21:28:06;Débito;Pago;1/1;Mastercard;100;"0,7";0;"99,3";05/04/2024
1011994190;04/04/2024 - 21:33:54;Débito;Pago;1/1;Mastercard;50;"0,35";0;"49,65";05/04/2024
1011921512;04/04/2024 - 20:02:45;Débito;Pago;1/1;Mastercard;60;"0,42";0;"59,58";05/04/2024
1011927382;04/04/2024 - 20:08:50;Débito;Pago;1/1;Mastercard;50;"0,35";0;"49,65";05/04/2024
1011931092;04/04/2024 - 20:12:44;Débito;Pago;1/1;Mastercard;30;"0,21";0;"29,79";05/04/2024
1011935548;04/04/2024 - 20:17:44;Débito;Pago;1/1;Mastercard;100;"0,7";0;"99,3";05/04/2024
1011950482;04/04/2024 - 20:35:04;Débito;Pago;1/1;Mastercard;10;"0,07";0;"9,93";05/04/2024
1011960386;04/04/2024 - 20:47:34;Débito;Pago;1/1;Mastercard;"231,14";"1,62";0;"229,52";05/04/2024
1011754210;04/04/2024 - 18:00:08;Débito;Pago;1/1;Mastercard;50;"0,35";0;"49,65";05/04/2024
1011881144;04/04/2024 - 19:25:25;Débito;Pago;1/1;Mastercard;50;"0,35";0;"49,65";05/04/2024
1011778024;04/04/2024 - 18:14:18;Débito;Pago;1/1;Mastercard;20;"0,14";0;"19,86";05/04/2024
1011778876;04/04/2024 - 18:14:47;Débito;Pago;1/1;Mastercard;20;"0,14";0;"19,86";05/04/2024
1011784448;04/04/2024 - 18:18:07;Débito;Pago;1/1;Mastercard;"89,5";"0,63";0;"88,87";05/04/2024
1011805168;04/04/2024 - 18:31:25;Débito;Pago;1/1;Mastercard;100;"0,7";0;"99,3";05/04/2024
1011563774;04/04/2024 - 15:50:12;Débito;Pago;1/1;Mastercard;50;"0,35";0;"49,65";05/04/2024
1011456336;04/04/2024 - 14:10:18;Débito;Pago;1/1;Mastercard;100;"0,7";0;"99,3";05/04/2024
1011631418;04/04/2024 - 16:42:38;Débito;Pago;1/1;Mastercard;100;"0,7";0;"99,3";05/04/2024
1011638702;04/04/2024 - 16:48:02;Débito;Pago;1/1;Mastercard;"131,99";"0,92";0;"131,07";05/04/2024
1011663280;04/04/2024 - 17:04:58;Débito;Pago;1/1;Mastercard;"138,21";"0,97";0;"137,24";05/04/2024
979679683;04/04/2024 - 06:24:17;Débito;Pago;1/1;Mastercard;100;"0,7";0;"99,3";05/04/2024
1011636674;04/04/2024 - 16:46:29;Débito;Pago;1/1;Elo;12;"0,12";0;"11,88";05/04/2024
1011603216;04/04/2024 - 16:21:29;Débito;Pago;1/1;Elo;"21,37";"0,22";0;"21,15";05/04/2024
1011849812;04/04/2024 - 19:01:43;Débito;Pago;1/1;Elo;20;"0,21";0;"19,79";05/04/2024
980413335;04/04/2024 - 17:49:04;Débito;Pago;1/1;Elo;25;"0,26";0;"24,74";05/04/2024
980480667;04/04/2024 - 18:33:48;Débito;Pago;1/1;Elo;25;"0,26";0;"24,74";05/04/2024
1011039144;04/04/2024 - 07:39:41;Débito;Pago;1/1;Elo;100;"1,04";0;"98,96";05/04/2024
979724087;04/04/2024 - 07:30:41;Débito;Pago;1/1;Elo;50;"0,52";0;"49,48";05/04/2024
979946777;04/04/2024 - 11:23:22;Débito;Pago;1/1;Elo;80;"0,83";0;"79,17";05/04/2024
980147659;04/04/2024 - 14:10:39;Débito;Pago;1/1;Elo;50;"0,52";0;"49,48";05/04/2024
980120655;04/04/2024 - 13:44:29;Débito;Pago;1/1;Elo;50;"0,52";0;"49,48";05/04/2024
981404825;05/04/2024 - 16:08:38;Crédito;Pago;1/1;Visa;"100,45";"1,46";0;"98,99";08/04/2024
980995957;05/04/2024 - 10:56:08;Crédito;Pago;1/1;Visa;70;"1,02";0;"68,98";08/04/2024
981206485;05/04/2024 - 13:28:37;Crédito;Pago;1/1;Visa;"131,3";"1,9";0;"129,4";08/04/2024
983861925;07/04/2024 - 13:27:02;Crédito;Pago;1/1;Visa;20;"0,29";0;"19,71";08/04/2024
981189431;05/04/2024 - 13:15:39;Crédito;Pago;1/1;Visa;"157,62";"2,29";0;"155,33";08/04/2024
982044231;06/04/2024 - 06:13:27;Crédito;Pago;1/1;Mastercard;80;"1,16";0;"78,84";08/04/2024
982672145;06/04/2024 - 13:32:02;Crédito;Pago;1/1;Mastercard;"209,77";"3,04";0;"206,73";08/04/2024
983035711;06/04/2024 - 17:57:16;Crédito;Pago;1/1;Mastercard;"20,44";"0,3";0;"20,14";08/04/2024
983949467;07/04/2024 - 15:01:08;Crédito;Pago;1/1;Mastercard;50;"0,72";0;"49,28";08/04/2024
982596701;06/04/2024 - 12:48:25;Crédito;Pago;1/1;Mastercard;"99,51";"1,44";0;"98,07";08/04/2024
981427269;05/04/2024 - 16:23:36;Crédito;Pago;1/1;Mastercard;50;"0,72";0;"49,28";08/04/2024
983879683;07/04/2024 - 13:44:11;Débito;Pago;1/1;Visa;50;"0,35";0;"49,65";08/04/2024
983879915;07/04/2024 - 13:44:28;Débito;Pago;1/1;Visa;5;"0,04";0;"4,96";08/04/2024
982602711;06/04/2024 - 12:51:35;Débito;Pago;1/1;Visa;50;"0,35";0;"49,65";08/04/2024
982655949;06/04/2024 - 13:22:10;Débito;Pago;1/1;Visa;30;"0,21";0;"29,79";08/04/2024
1015016374;07/04/2024 - 08:21:31;Débito;Pago;1/1;Visa;"41,63";"0,29";0;"41,34";08/04/2024
1015562616;07/04/2024 - 15:50:12;Débito;Pago;1/1;Visa;50;"0,35";0;"49,65";08/04/2024
1015591586;07/04/2024 - 16:22:41;Débito;Pago;1/1;Visa;50;"0,35";0;"49,65";08/04/2024
1015212654;07/04/2024 - 11:08:29;Débito;Pago;1/1;Visa;30;"0,21";0;"29,79";08/04/2024
1015265786;07/04/2024 - 11:40:32;Débito;Pago;1/1;Visa;50;"0,35";0;"49,65";08/04/2024
1015182914;07/04/2024 - 10:49:22;Débito;Pago;1/1;Visa;"8,55";"0,06";0;"8,49";08/04/2024
1015333626;07/04/2024 - 12:21:06;Débito;Pago;1/1;Visa;20;"0,14";0;"19,86";08/04/2024
1015396344;07/04/2024 - 13:05:01;Débito;Pago;1/1;Visa;100;"0,7";0;"99,3";08/04/2024
1013495342;06/04/2024 - 06:54:12;Débito;Pago;1/1;Visa;"166,18";"1,16";0;"165,02";08/04/2024
1013857014;06/04/2024 - 11:18:42;Débito;Pago;1/1;Visa;80;"0,56";0;"79,44";08/04/2024
1014085290;06/04/2024 - 13:08:21;Débito;Pago;1/1;Visa;30;"0,21";0;"29,79";08/04/2024
1014090294;06/04/2024 - 13:11:05;Débito;Pago;1/1;Visa;100;"0,7";0;"99,3";08/04/2024
1014110042;06/04/2024 - 13:22:16;Débito;Pago;1/1;Visa;"101,32";"0,71";0;"100,61";08/04/2024
1014127136;06/04/2024 - 13:32:04;Débito;Pago;1/1;Visa;120;"0,84";0;"119,16";08/04/2024
1013740574;06/04/2024 - 10:19:18;Débito;Pago;1/1;Visa;40;"0,28";0;"39,72";08/04/2024
1013811516;06/04/2024 - 10:56:13;Débito;Pago;1/1;Visa;160;"1,12";0;"158,88";08/04/2024
1014226988;06/04/2024 - 14:36:38;Débito;Pago;1/1;Visa;"121,6";"0,85";0;"120,75";08/04/2024
1014434156;06/04/2024 - 17:01:14;Débito;Pago;1/1;Visa;"56,45";"0,4";0;"56,05";08/04/2024
1014710556;06/04/2024 - 20:12:48;Débito;Pago;1/1;Visa;50;"0,35";0;"49,65";08/04/2024
983445921;07/04/2024 - 07:07:26;Débito;Pago;1/1;Visa;50;"0,35";0;"49,65";08/04/2024
1014425380;06/04/2024 - 16:54:51;Débito;Pago;1/1;Visa;"169,99";"1,19";0;"168,8";08/04/2024
983726761;07/04/2024 - 11:47:22;Débito;Pago;1/1;Visa;4;"0,03";0;"3,97";08/04/2024
983852489;07/04/2024 - 13:18:33;Débito;Pago;1/1;Visa;80;"0,56";0;"79,44";08/04/2024
983679219;07/04/2024 - 11:17:13;Débito;Pago;1/1;Visa;"144,49";"1,01";0;"143,48";08/04/2024
982685415;06/04/2024 - 13:40:16;Débito;Pago;1/1;Visa;40;"0,28";0;"39,72";08/04/2024
982750055;06/04/2024 - 14:24:30;Débito;Pago;1/1;Visa;12;"0,08";0;"11,92";08/04/2024
982966343;06/04/2024 - 17:06:29;Débito;Pago;1/1;Visa;"172,37";"1,21";0;"171,16";08/04/2024
982977011;06/04/2024 - 17:14:46;Débito;Pago;1/1;Visa;100;"0,7";0;"99,3";08/04/2024
982053229;06/04/2024 - 06:40:09;Débito;Pago;1/1;Visa;"37,87";"0,27";0;"37,6";08/04/2024
982065045;06/04/2024 - 07:05:46;Débito;Pago;1/1;Visa;100;"0,7";0;"99,3";08/04/2024
982084831;06/04/2024 - 07:36:08;Débito;Pago;1/1;Visa;100;"0,7";0;"99,3";08/04/2024
982088185;06/04/2024 - 07:40:50;Débito;Pago;1/1;Visa;50;"0,35";0;"49,65";08/04/2024
982096419;06/04/2024 - 07:50:39;Débito;Pago;1/1;Visa;"34,64";"0,24";0;"34,4";08/04/2024
982105269;06/04/2024 - 08:01:08;Débito;Pago;1/1;Visa;50;"0,35";0;"49,65";08/04/2024
982292929;06/04/2024 - 10:16:19;Débito;Pago;1/1;Visa;100;"0,7";0;"99,3";08/04/2024
982338309;06/04/2024 - 10:40:51;Débito;Pago;1/1;Visa;"30,05";"0,21";0;"29,84";08/04/2024
982151425;06/04/2024 - 08:43:52;Débito;Pago;1/1;Visa;30;"0,21";0;"29,79";08/04/2024
982231413;06/04/2024 - 09:40:22;Débito;Pago;1/1;Visa;80;"0,56";0;"79,44";08/04/2024
982584211;06/04/2024 - 12:42:02;Débito;Pago;1/1;Visa;50;"0,35";0;"49,65";08/04/2024
981065951;05/04/2024 - 11:50:12;Débito;Pago;1/1;Visa;70;"0,49";0;"69,51";08/04/2024
981164295;05/04/2024 - 12:57:32;Débito;Pago;1/1;Visa;"21,94";"0,15";0;"21,79";08/04/2024
981170573;05/04/2024 - 13:01:59;Débito;Pago;1/1;Visa;10;"0,07";0;"9,93";08/04/2024
981187589;05/04/2024 - 13:14:15;Débito;Pago;1/1;Visa;20;"0,14";0;"19,86";08/04/2024
981585305;05/04/2024 - 17:53:11;Débito;Pago;1/1;Visa;60;"0,42";0;"59,58";08/04/2024
981601179;05/04/2024 - 18:01:30;Débito;Pago;1/1;Visa;40;"0,28";0;"39,72";08/04/2024
981801405;05/04/2024 - 20:07:31;Débito;Pago;1/1;Visa;"212,94";"1,49";0;"211,45";08/04/2024
981888583;05/04/2024 - 21:25:30;Débito;Pago;1/1;Visa;20;"0,14";0;"19,86";08/04/2024
1012159108;05/04/2024 - 07:57:08;Débito;Pago;1/1;Visa;"97,83";"0,68";0;"97,15";08/04/2024
1012277682;05/04/2024 - 09:54:21;Débito;Pago;1/1;Visa;40;"0,28";0;"39,72";08/04/2024
1012247612;05/04/2024 - 09:27:40;Débito;Pago;1/1;Visa;60;"0,42";0;"59,58";08/04/2024
1012252402;05/04/2024 - 09:32:01;Débito;Pago;1/1;Visa;50;"0,35";0;"49,65";08/04/2024
1012252968;05/04/2024 - 09:32:38;Débito;Pago;1/1;Visa;50;"0,35";0;"49,65";08/04/2024
1012464236;05/04/2024 - 12:19:31;Débito;Pago;1/1;Visa;80;"0,56";0;"79,44";08/04/2024
1012636306;05/04/2024 - 14:23:45;Débito;Pago;1/1;Visa;"182,7";"1,28";0;"181,42";08/04/2024
1012697186;05/04/2024 - 15:12:06;Débito;Pago;1/1;Visa;"121,01";"0,85";0;"120,16";08/04/2024
1012648762;05/04/2024 - 14:34:12;Débito;Pago;1/1;Visa;"241,1";"1,69";0;"239,41";08/04/2024
1012916520;05/04/2024 - 17:26:13;Débito;Pago;1/1;Visa;20;"0,14";0;"19,86";08/04/2024
1012927720;05/04/2024 - 17:31:33;Débito;Pago;1/1;Visa;40;"0,28";0;"39,72";08/04/2024
1012959716;05/04/2024 - 17:47:16;Débito;Pago;1/1;Visa;50;"0,35";0;"49,65";08/04/2024
1012972330;05/04/2024 - 17:53:31;Débito;Pago;1/1;Visa;50;"0,35";0;"49,65";08/04/2024
1013058042;05/04/2024 - 18:37:28;Débito;Pago;1/1;Visa;50;"0,35";0;"49,65";08/04/2024
1013089918;05/04/2024 - 18:54:29;Débito;Pago;1/1;Visa;"49,5";"0,35";0;"49,15";08/04/2024
1013118900;05/04/2024 - 19:11:05;Débito;Pago;1/1;Visa;40;"0,28";0;"39,72";08/04/2024
1013124796;05/04/2024 - 19:14:24;Débito;Pago;1/1;Visa;100;"0,7";0;"99,3";08/04/2024
1013127248;05/04/2024 - 19:15:53;Débito;Pago;1/1;Visa;100;"0,7";0;"99,3";08/04/2024
1013008696;05/04/2024 - 18:11:48;Débito;Pago;1/1;Visa;50;"0,35";0;"49,65";08/04/2024
1013030738;05/04/2024 - 18:23:17;Débito;Pago;1/1;Visa;55;"0,38";0;"54,62";08/04/2024
1013186742;05/04/2024 - 19:54:11;Débito;Pago;1/1;Visa;15;"0,1";0;"14,9";08/04/2024
1013254112;05/04/2024 - 20:44:40;Débito;Pago;1/1;Visa;100;"0,7";0;"99,3";08/04/2024
980792131;05/04/2024 - 07:38:45;Débito;Pago;1/1;Visa;50;"0,35";0;"49,65";08/04/2024
980842987;05/04/2024 - 08:35:08;Débito;Pago;1/1;Mastercard;60;"0,42";0;"59,58";08/04/2024
980845931;05/04/2024 - 08:38:03;Débito;Pago;1/1;Mastercard;8;"0,06";0;"7,94";08/04/2024
980970915;05/04/2024 - 10:34:23;Débito;Pago;1/1;Mastercard;50;"0,35";0;"49,65";08/04/2024
980816795;05/04/2024 - 08:07:00;Débito;Pago;1/1;Mastercard;50;"0,35";0;"49,65";08/04/2024
980833369;05/04/2024 - 08:24:48;Débito;Pago;1/1;Mastercard;30;"0,21";0;"29,79";08/04/2024
980862119;05/04/2024 - 08:54:28;Débito;Pago;1/1;Mastercard;100;"0,7";0;"99,3";08/04/2024
980866923;05/04/2024 - 08:59:32;Débito;Pago;1/1;Mastercard;"138,73";"0,97";0;"137,76";08/04/2024
980876515;05/04/2024 - 09:09:25;Débito;Pago;1/1;Mastercard;50;"0,35";0;"49,65";08/04/2024
980753173;05/04/2024 - 06:49:50;Débito;Pago;1/1;Mastercard;40;"0,28";0;"39,72";08/04/2024
980778335;05/04/2024 - 07:22:43;Débito;Pago;1/1;Mastercard;100;"0,7";0;"99,3";08/04/2024
981783831;05/04/2024 - 19:54:27;Débito;Pago;1/1;Mastercard;"158,07";"1,11";0;"156,96";08/04/2024
1013282884;05/04/2024 - 21:08:45;Débito;Pago;1/1;Mastercard;30;"0,21";0;"29,79";08/04/2024
1013219142;05/04/2024 - 20:17:26;Débito;Pago;1/1;Mastercard;10;"0,07";0;"9,93";08/04/2024
1013238874;05/04/2024 - 20:32:27;Débito;Pago;1/1;Mastercard;50;"0,35";0;"49,65";08/04/2024
1013036752;05/04/2024 - 18:26:24;Débito;Pago;1/1;Mastercard;"134,56";"0,94";0;"133,62";08/04/2024
1013137820;05/04/2024 - 19:22:29;Débito;Pago;1/1;Mastercard;10;"0,07";0;"9,93";08/04/2024
1013140940;05/04/2024 - 19:24:19;Débito;Pago;1/1;Mastercard;30;"0,21";0;"29,79";08/04/2024
1012974720;05/04/2024 - 17:54:46;Débito;Pago;1/1;Mastercard;100;"0,7";0;"99,3";08/04/2024
1012680460;05/04/2024 - 14:59:02;Débito;Pago;1/1;Mastercard;100;"0,7";0;"99,3";08/04/2024
1012894578;05/04/2024 - 17:14:58;Débito;Pago;1/1;Mastercard;"262,97";"1,84";0;"261,13";08/04/2024
1012903022;05/04/2024 - 17:19:23;Débito;Pago;1/1;Mastercard;30;"0,21";0;"29,79";08/04/2024
1012700314;05/04/2024 - 15:14:23;Débito;Pago;1/1;Mastercard;"17,97";"0,13";0;"17,84";08/04/2024
1012720656;05/04/2024 - 15:29:26;Débito;Pago;1/1;Mastercard;50;"0,35";0;"49,65";08/04/2024
1012637664;05/04/2024 - 14:24:59;Débito;Pago;1/1;Mastercard;40;"0,28";0;"39,72";08/04/2024
981907609;05/04/2024 - 21:45:36;Débito;Pago;1/1;Mastercard;100;"0,7";0;"99,3";08/04/2024
1012081480;05/04/2024 - 06:08:10;Débito;Pago;1/1;Mastercard;30;"0,21";0;"29,79";08/04/2024
1012485960;05/04/2024 - 12:33:47;Débito;Pago;1/1;Mastercard;50;"0,35";0;"49,65";08/04/2024
1012601874;05/04/2024 - 13:56:22;Débito;Pago;1/1;Mastercard;30;"0,21";0;"29,79";08/04/2024
1012620344;05/04/2024 - 14:11:11;Débito;Pago;1/1;Mastercard;50;"0,35";0;"49,65";08/04/2024
1012267578;05/04/2024 - 09:45:07;Débito;Pago;1/1;Mastercard;50;"0,35";0;"49,65";08/04/2024
1012296008;05/04/2024 - 10:10:18;Débito;Pago;1/1;Mastercard;80;"0,56";0;"79,44";08/04/2024
1012305032;05/04/2024 - 10:18:05;Débito;Pago;1/1;Mastercard;50;"0,35";0;"49,65";08/04/2024
1012323974;05/04/2024 - 10:34:20;Débito;Pago;1/1;Mastercard;150;"1,05";0;"148,95";08/04/2024
1012329098;05/04/2024 - 10:38:56;Débito;Pago;1/1;Mastercard;50;"0,35";0;"49,65";08/04/2024
1012337884;05/04/2024 - 10:46:30;Débito;Pago;1/1;Mastercard;"129,07";"0,9";0;"128,17";08/04/2024
1012340022;05/04/2024 - 10:48:18;Débito;Pago;1/1;Mastercard;18;"0,13";0;"17,87";08/04/2024
1012370136;05/04/2024 - 11:12:55;Débito;Pago;1/1;Mastercard;20;"0,14";0;"19,86";08/04/2024
1012378798;05/04/2024 - 11:19:41;Débito;Pago;1/1;Mastercard;"124,9";"0,87";0;"124,03";08/04/2024
1012420676;05/04/2024 - 11:50:21;Débito;Pago;1/1;Mastercard;150;"1,05";0;"148,95";08/04/2024
1012432268;05/04/2024 - 11:58:25;Débito;Pago;1/1;Mastercard;50;"0,35";0;"49,65";08/04/2024
1012445284;05/04/2024 - 12:06:57;Débito;Pago;1/1;Mastercard;50;"0,35";0;"49,65";08/04/2024
1012449498;05/04/2024 - 12:09:44;Débito;Pago;1/1;Mastercard;"200,86";"1,41";0;"199,45";08/04/2024
1012160944;05/04/2024 - 07:59:10;Débito;Pago;1/1;Mastercard;20;"0,14";0;"19,86";08/04/2024
1012167240;05/04/2024 - 08:06:22;Débito;Pago;1/1;Mastercard;50;"0,35";0;"49,65";08/04/2024
1012232818;05/04/2024 - 09:13:49;Débito;Pago;1/1;Mastercard;"144,75";"1,01";0;"143,74";08/04/2024
1012102168;05/04/2024 - 06:48:59;Débito;Pago;1/1;Mastercard;100;"0,7";0;"99,3";08/04/2024
1012122620;05/04/2024 - 07:14:58;Débito;Pago;1/1;Mastercard;50;"0,35";0;"49,65";08/04/2024
1012124438;05/04/2024 - 07:17:09;Débito;Pago;1/1;Mastercard;100;"0,7";0;"99,3";08/04/2024
1012129078;05/04/2024 - 07:22:44;Débito;Pago;1/1;Mastercard;40;"0,28";0;"39,72";08/04/2024
1012154632;05/04/2024 - 07:51:49;Débito;Pago;1/1;Mastercard;50;"0,35";0;"49,65";08/04/2024
981885361;05/04/2024 - 21:22:14;Débito;Pago;1/1;Mastercard;20;"0,14";0;"19,86";08/04/2024
981756059;05/04/2024 - 19:34:49;Débito;Pago;1/1;Mastercard;50;"0,35";0;"49,65";08/04/2024
981756597;05/04/2024 - 19:35:10;Débito;Pago;1/1;Mastercard;200;"1,4";0;"198,6";08/04/2024
981759423;05/04/2024 - 19:37:10;Débito;Pago;1/1;Mastercard;20;"0,14";0;"19,86";08/04/2024
981616583;05/04/2024 - 18:09:53;Débito;Pago;1/1;Mastercard;25;"0,18";0;"24,82";08/04/2024
981681837;05/04/2024 - 18:46:13;Débito;Pago;1/1;Mastercard;50;"0,35";0;"49,65";08/04/2024
981597207;05/04/2024 - 17:59:25;Débito;Pago;1/1;Mastercard;"225,87";"1,58";0;"224,29";08/04/2024
981554293;05/04/2024 - 17:37:09;Débito;Pago;1/1;Mastercard;20;"0,14";0;"19,86";08/04/2024
981580749;05/04/2024 - 17:50:50;Débito;Pago;1/1;Mastercard;"70,41";"0,49";0;"69,92";08/04/2024
981456113;05/04/2024 - 16:41:51;Débito;Pago;1/1;Mastercard;"285,1";2;0;"283,1";08/04/2024
981460527;05/04/2024 - 16:44:33;Débito;Pago;1/1;Mastercard;20;"0,14";0;"19,86";08/04/2024
981486093;05/04/2024 - 17:00:01;Débito;Pago;1/1;Mastercard;50;"0,35";0;"49,65";08/04/2024
981178147;05/04/2024 - 13:07:29;Débito;Pago;1/1;Mastercard;20;"0,14";0;"19,86";08/04/2024
981183537;05/04/2024 - 13:11:23;Débito;Pago;1/1;Mastercard;50;"0,35";0;"49,65";08/04/2024
981105965;05/04/2024 - 12:17:36;Débito;Pago;1/1;Mastercard;100;"0,7";0;"99,3";08/04/2024
981130539;05/04/2024 - 12:34:14;Débito;Pago;1/1;Mastercard;150;"1,05";0;"148,95";08/04/2024
981138555;05/04/2024 - 12:39:41;Débito;Pago;1/1;Mastercard;50;"0,35";0;"49,65";08/04/2024
983022927;06/04/2024 - 17:48:12;Débito;Pago;1/1;Mastercard;20;"0,14";0;"19,86";08/04/2024
981146861;05/04/2024 - 12:45:28;Débito;Pago;1/1;Mastercard;100;"0,7";0;"99,3";08/04/2024
980999241;05/04/2024 - 10:58:58;Débito;Pago;1/1;Mastercard;20;"0,14";0;"19,86";08/04/2024
981012349;05/04/2024 - 11:09:48;Débito;Pago;1/1;Mastercard;70;"0,49";0;"69,51";08/04/2024
981025163;05/04/2024 - 11:19:47;Débito;Pago;1/1;Mastercard;50;"0,35";0;"49,65";08/04/2024
981033943;05/04/2024 - 11:26:52;Débito;Pago;1/1;Mastercard;120;"0,84";0;"119,16";08/04/2024
982491997;06/04/2024 - 11:56:14;Débito;Pago;1/1;Mastercard;30;"0,21";0;"29,79";08/04/2024
982505497;06/04/2024 - 12:02:38;Débito;Pago;1/1;Mastercard;15;"0,1";0;"14,9";08/04/2024
981344773;05/04/2024 - 15:24:18;Débito;Pago;1/1;Mastercard;50;"0,35";0;"49,65";08/04/2024
981354195;05/04/2024 - 15:31:45;Débito;Pago;1/1;Mastercard;20;"0,14";0;"19,86";08/04/2024
981384621;05/04/2024 - 15:54:31;Débito;Pago;1/1;Mastercard;30;"0,21";0;"29,79";08/04/2024
981398711;05/04/2024 - 16:04:31;Débito;Pago;1/1;Mastercard;70;"0,49";0;"69,51";08/04/2024
981401071;05/04/2024 - 16:06:09;Débito;Pago;1/1;Mastercard;50;"0,35";0;"49,65";08/04/2024
981211603;05/04/2024 - 13:32:30;Débito;Pago;1/1;Mastercard;50;"0,35";0;"49,65";08/04/2024
981223423;05/04/2024 - 13:42:05;Débito;Pago;1/1;Mastercard;30;"0,21";0;"29,79";08/04/2024
981234855;05/04/2024 - 13:51:23;Débito;Pago;1/1;Mastercard;20;"0,14";0;"19,86";08/04/2024
981237419;05/04/2024 - 13:53:34;Débito;Pago;1/1;Mastercard;50;"0,35";0;"49,65";08/04/2024
982283351;06/04/2024 - 10:11:10;Débito;Pago;1/1;Mastercard;100;"0,7";0;"99,3";08/04/2024
982167627;06/04/2024 - 08:56:27;Débito;Pago;1/1;Mastercard;20;"0,14";0;"19,86";08/04/2024
982182223;06/04/2024 - 09:07:23;Débito;Pago;1/1;Mastercard;50;"0,35";0;"49,65";08/04/2024
982425461;06/04/2024 - 11:24:48;Débito;Pago;1/1;Mastercard;30;"0,21";0;"29,79";08/04/2024
982443515;06/04/2024 - 11:33:31;Débito;Pago;1/1;Mastercard;"20,79";"0,15";0;"20,64";08/04/2024
982445795;06/04/2024 - 11:34:37;Débito;Pago;1/1;Mastercard;"235,83";"1,65";0;"234,18";08/04/2024
982455277;06/04/2024 - 11:39:02;Débito;Pago;1/1;Mastercard;120;"0,84";0;"119,16";08/04/2024
982472493;06/04/2024 - 11:47:11;Débito;Pago;1/1;Mastercard;50;"0,35";0;"49,65";08/04/2024
982140803;06/04/2024 - 08:34:55;Débito;Pago;1/1;Mastercard;70;"0,49";0;"69,51";08/04/2024
982146343;06/04/2024 - 08:39:30;Débito;Pago;1/1;Mastercard;50;"0,35";0;"49,65";08/04/2024
982096805;06/04/2024 - 07:51:12;Débito;Pago;1/1;Mastercard;100;"0,7";0;"99,3";08/04/2024
982085875;06/04/2024 - 07:37:45;Débito;Pago;1/1;Mastercard;50;"0,35";0;"49,65";08/04/2024
982081793;06/04/2024 - 07:31:41;Débito;Pago;1/1;Mastercard;60;"0,42";0;"59,58";08/04/2024
982056765;06/04/2024 - 06:48:44;Débito;Pago;1/1;Mastercard;"61,58";"0,43";0;"61,15";08/04/2024
1014707372;06/04/2024 - 20:10:21;Débito;Pago;1/1;Mastercard;100;"0,7";0;"99,3";08/04/2024
982960947;06/04/2024 - 17:02:19;Débito;Pago;1/1;Mastercard;120;"0,84";0;"119,16";08/04/2024
982990209;06/04/2024 - 17:24:34;Débito;Pago;1/1;Mastercard;"215,21";"1,51";0;"213,7";08/04/2024
982753431;06/04/2024 - 14:27:04;Débito;Pago;1/1;Mastercard;50;"0,35";0;"49,65";08/04/2024
982765893;06/04/2024 - 14:36:20;Débito;Pago;1/1;Mastercard;100;"0,7";0;"99,3";08/04/2024
982802823;06/04/2024 - 15:04:08;Débito;Pago;1/1;Mastercard;35;"0,24";0;"34,76";08/04/2024
982860363;06/04/2024 - 15:48:02;Débito;Pago;1/1;Mastercard;100;"0,7";0;"99,3";08/04/2024
982880647;06/04/2024 - 16:03:17;Débito;Pago;1/1;Mastercard;50;"0,35";0;"49,65";08/04/2024
982916947;06/04/2024 - 16:30:11;Débito;Pago;1/1;Mastercard;30;"0,21";0;"29,79";08/04/2024
982924295;06/04/2024 - 16:35:36;Débito;Pago;1/1;Mastercard;"33,06";"0,23";0;"32,83";08/04/2024
982944445;06/04/2024 - 16:50:00;Débito;Pago;1/1;Mastercard;50;"0,35";0;"49,65";08/04/2024
982729721;06/04/2024 - 14:10:12;Débito;Pago;1/1;Mastercard;30;"0,21";0;"29,79";08/04/2024
982739045;06/04/2024 - 14:16:53;Débito;Pago;1/1;Mastercard;100;"0,7";0;"99,3";08/04/2024
983726333;07/04/2024 - 11:47:08;Débito;Pago;1/1;Mastercard;"46,9";"0,33";0;"46,57";08/04/2024
983859281;07/04/2024 - 13:24:34;Débito;Pago;1/1;Mastercard;80;"0,56";0;"79,44";08/04/2024
982676609;06/04/2024 - 13:34:46;Débito;Pago;1/1;Mastercard;50;"0,35";0;"49,65";08/04/2024
982681633;06/04/2024 - 13:37:49;Débito;Pago;1/1;Mastercard;100;"0,7";0;"99,3";08/04/2024
983734833;07/04/2024 - 11:52:20;Débito;Pago;1/1;Mastercard;50;"0,35";0;"49,65";08/04/2024
983760371;07/04/2024 - 12:07:59;Débito;Pago;1/1;Mastercard;70;"0,49";0;"69,51";08/04/2024
1014429430;06/04/2024 - 16:57:51;Débito;Pago;1/1;Mastercard;100;"0,7";0;"99,3";08/04/2024
1014803442;06/04/2024 - 21:36:57;Débito;Pago;1/1;Mastercard;40;"0,28";0;"39,72";08/04/2024
1014806828;06/04/2024 - 21:40:29;Débito;Pago;1/1;Mastercard;10;"0,07";0;"9,93";08/04/2024
983446067;07/04/2024 - 07:07:49;Débito;Pago;1/1;Mastercard;70;"0,49";0;"69,51";08/04/2024
983447507;07/04/2024 - 07:12:00;Débito;Pago;1/1;Mastercard;"55,06";"0,39";0;"54,67";08/04/2024
983448005;07/04/2024 - 07:13:36;Débito;Pago;1/1;Mastercard;50;"0,35";0;"49,65";08/04/2024
983449777;07/04/2024 - 07:18:56;Débito;Pago;1/1;Mastercard;100;"0,7";0;"99,3";08/04/2024
983503117;07/04/2024 - 08:50:46;Débito;Pago;1/1;Mastercard;30;"0,21";0;"29,79";08/04/2024
983521493;07/04/2024 - 09:11:05;Débito;Pago;1/1;Mastercard;50;"0,35";0;"49,65";08/04/2024
983584011;07/04/2024 - 10:09:02;Débito;Pago;1/1;Mastercard;100;"0,7";0;"99,3";08/04/2024
983615983;07/04/2024 - 10:33:56;Débito;Pago;1/1;Mastercard;"66,35";"0,46";0;"65,89";08/04/2024
983622293;07/04/2024 - 10:38:26;Débito;Pago;1/1;Mastercard;"106,59";"0,75";0;"105,84";08/04/2024
983638839;07/04/2024 - 10:49:36;Débito;Pago;1/1;Mastercard;50;"0,35";0;"49,65";08/04/2024
1014716600;06/04/2024 - 20:17:54;Débito;Pago;1/1;Mastercard;30;"0,21";0;"29,79";08/04/2024
1014733188;06/04/2024 - 20:32:09;Débito;Pago;1/1;Mastercard;100;"0,7";0;"99,3";08/04/2024
1014734126;06/04/2024 - 20:32:53;Débito;Pago;1/1;Mastercard;30;"0,21";0;"29,79";08/04/2024
1014734924;06/04/2024 - 20:33:32;Débito;Pago;1/1;Mastercard;20;"0,14";0;"19,86";08/04/2024
1014743018;06/04/2024 - 20:40:58;Débito;Pago;1/1;Mastercard;20;"0,14";0;"19,86";08/04/2024
1014749682;06/04/2024 - 20:47:02;Débito;Pago;1/1;Mastercard;"154,54";"1,08";0;"153,46";08/04/2024
1014441558;06/04/2024 - 17:06:18;Débito;Pago;1/1;Mastercard;50;"0,35";0;"49,65";08/04/2024
1014493488;06/04/2024 - 17:41:01;Débito;Pago;1/1;Mastercard;100;"0,7";0;"99,3";08/04/2024
1014531790;06/04/2024 - 18:06:41;Débito;Pago;1/1;Mastercard;50;"0,35";0;"49,65";08/04/2024
1014583726;06/04/2024 - 18:41:50;Débito;Pago;1/1;Mastercard;50;"0,35";0;"49,65";08/04/2024
1014671806;06/04/2024 - 19:43:33;Débito;Pago;1/1;Mastercard;"162,64";"1,14";0;"161,5";08/04/2024
1014689530;06/04/2024 - 19:56:24;Débito;Pago;1/1;Mastercard;30;"0,21";0;"29,79";08/04/2024
1014285812;06/04/2024 - 15:17:29;Débito;Pago;1/1;Mastercard;50;"0,35";0;"49,65";08/04/2024
1014322038;06/04/2024 - 15:43:25;Débito;Pago;1/1;Mastercard;100;"0,7";0;"99,3";08/04/2024
984044727;07/04/2024 - 16:53:49;Débito;Pago;1/1;Mastercard;30;"0,21";0;"29,79";08/04/2024
1015354406;07/04/2024 - 12:34:42;Débito;Pago;1/1;Mastercard;"181,52";"1,27";0;"180,25";08/04/2024
1013822180;06/04/2024 - 11:01:43;Débito;Pago;1/1;Mastercard;50;"0,35";0;"49,65";08/04/2024
1013840902;06/04/2024 - 11:10:58;Débito;Pago;1/1;Mastercard;"57,9";"0,41";0;"57,49";08/04/2024
1014136170;06/04/2024 - 13:37:37;Débito;Pago;1/1;Mastercard;100;"0,7";0;"99,3";08/04/2024
1014143998;06/04/2024 - 13:42:25;Débito;Pago;1/1;Mastercard;80;"0,56";0;"79,44";08/04/2024
1014167018;06/04/2024 - 13:57:02;Débito;Pago;1/1;Mastercard;100;"0,7";0;"99,3";08/04/2024
1014168406;06/04/2024 - 13:57:59;Débito;Pago;1/1;Mastercard;20;"0,14";0;"19,86";08/04/2024
1013958322;06/04/2024 - 12:05:38;Débito;Pago;1/1;Mastercard;30;"0,21";0;"29,79";08/04/2024
1013965604;06/04/2024 - 12:08:53;Débito;Pago;1/1;Mastercard;30;"0,21";0;"29,79";08/04/2024
1013998208;06/04/2024 - 12:24:06;Débito;Pago;1/1;Mastercard;50;"0,35";0;"49,65";08/04/2024
1014007866;06/04/2024 - 12:28:46;Débito;Pago;1/1;Mastercard;"164,9";"1,15";0;"163,75";08/04/2024
1014050830;06/04/2024 - 12:50:13;Débito;Pago;1/1;Mastercard;150;"1,05";0;"148,95";08/04/2024
1014061458;06/04/2024 - 12:55:37;Débito;Pago;1/1;Mastercard;"139,81";"0,98";0;"138,83";08/04/2024
1014070570;06/04/2024 - 13:00:29;Débito;Pago;1/1;Mastercard;4;"0,03";0;"3,97";08/04/2024
1014071612;06/04/2024 - 13:01:01;Débito;Pago;1/1;Mastercard;100;"0,7";0;"99,3";08/04/2024
1013514312;06/04/2024 - 07:25:01;Débito;Pago;1/1;Mastercard;50;"0,35";0;"49,65";08/04/2024
1013515812;06/04/2024 - 07:26:58;Débito;Pago;1/1;Mastercard;20;"0,14";0;"19,86";08/04/2024
1013526968;06/04/2024 - 07:41:04;Débito;Pago;1/1;Mastercard;150;"1,05";0;"148,95";08/04/2024
1013532340;06/04/2024 - 07:47:31;Débito;Pago;1/1;Mastercard;250;"1,75";0;"248,25";08/04/2024
1013542490;06/04/2024 - 07:58:39;Débito;Pago;1/1;Mastercard;50;"0,35";0;"49,65";08/04/2024
1013646728;06/04/2024 - 09:23:03;Débito;Pago;1/1;Mastercard;"181,52";"1,27";0;"180,25";08/04/2024
1015415548;07/04/2024 - 13:21:18;Débito;Pago;1/1;Mastercard;15;"0,1";0;"14,9";08/04/2024
1015422448;07/04/2024 - 13:27:09;Débito;Pago;1/1;Mastercard;22;"0,15";0;"21,85";08/04/2024
1015436034;07/04/2024 - 13:39:11;Débito;Pago;1/1;Mastercard;100;"0,7";0;"99,3";08/04/2024
1015189106;07/04/2024 - 10:53:25;Débito;Pago;1/1;Mastercard;50;"0,35";0;"49,65";08/04/2024
1015293864;07/04/2024 - 11:56:49;Débito;Pago;1/1;Mastercard;15;"0,1";0;"14,9";08/04/2024
1015294546;07/04/2024 - 11:57:09;Débito;Pago;1/1;Mastercard;30;"0,21";0;"29,79";08/04/2024
1015300466;07/04/2024 - 12:00:33;Débito;Pago;1/1;Mastercard;"29,01";"0,2";0;"28,81";08/04/2024
983038419;06/04/2024 - 17:59:29;Débito;Pago;1/1;Mastercard;30;"0,21";0;"29,79";08/04/2024
983040321;06/04/2024 - 18:01:01;Débito;Pago;1/1;Mastercard;50;"0,35";0;"49,65";08/04/2024
983048113;06/04/2024 - 18:06:44;Débito;Pago;1/1;Mastercard;50;"0,35";0;"49,65";08/04/2024
983051341;06/04/2024 - 18:08:59;Débito;Pago;1/1;Mastercard;45;"0,32";0;"44,68";08/04/2024
983058941;06/04/2024 - 18:14:30;Débito;Pago;1/1;Mastercard;50;"0,35";0;"49,65";08/04/2024
983115935;06/04/2024 - 18:56:48;Débito;Pago;1/1;Mastercard;20;"0,14";0;"19,86";08/04/2024
983126399;06/04/2024 - 19:05:04;Débito;Pago;1/1;Mastercard;100;"0,7";0;"99,3";08/04/2024
983140599;06/04/2024 - 19:16:41;Débito;Pago;1/1;Mastercard;"32,89";"0,23";0;"32,66";08/04/2024
983163181;06/04/2024 - 19:34:42;Débito;Pago;1/1;Mastercard;"163,63";"1,15";0;"162,48";08/04/2024
983177613;06/04/2024 - 19:46:30;Débito;Pago;1/1;Mastercard;"34,9";"0,24";0;"34,66";08/04/2024
983243579;06/04/2024 - 20:47:44;Débito;Pago;1/1;Mastercard;20;"0,14";0;"19,86";08/04/2024
1013484410;06/04/2024 - 06:32:24;Débito;Pago;1/1;Mastercard;50;"0,35";0;"49,65";08/04/2024
1013487504;06/04/2024 - 06:39:43;Débito;Pago;1/1;Mastercard;100;"0,7";0;"99,3";08/04/2024
1015028150;07/04/2024 - 08:37:12;Débito;Pago;1/1;Mastercard;70;"0,49";0;"69,51";08/04/2024
1015055788;07/04/2024 - 09:08:07;Débito;Pago;1/1;Mastercard;"322,91";"2,26";0;"320,65";08/04/2024
1015071546;07/04/2024 - 09:23:57;Débito;Pago;1/1;Mastercard;100;"0,7";0;"99,3";08/04/2024
1015103370;07/04/2024 - 09:52:14;Débito;Pago;1/1;Mastercard;"63,39";"0,44";0;"62,95";08/04/2024
983995989;07/04/2024 - 15:54:59;Débito;Pago;1/1;Mastercard;"234,03";"1,64";0;"232,39";08/04/2024
984013949;07/04/2024 - 16:17:34;Débito;Pago;1/1;Mastercard;50;"0,35";0;"49,65";08/04/2024
982638717;06/04/2024 - 13:11:51;Débito;Pago;1/1;Mastercard;"255,51";"1,79";0;"253,72";08/04/2024
982641943;06/04/2024 - 13:13:51;Débito;Pago;1/1;Mastercard;30;"0,21";0;"29,79";08/04/2024
982651399;06/04/2024 - 13:19:14;Débito;Pago;1/1;Mastercard;50;"0,35";0;"49,65";08/04/2024
983885775;07/04/2024 - 13:50:29;Débito;Pago;1/1;Mastercard;50;"0,35";0;"49,65";08/04/2024
983900409;07/04/2024 - 14:05:48;Débito;Pago;1/1;Mastercard;10;"0,07";0;"9,93";08/04/2024
983900963;07/04/2024 - 14:06:24;Débito;Pago;1/1;Mastercard;20;"0,14";0;"19,86";08/04/2024
983904459;07/04/2024 - 14:10:04;Débito;Pago;1/1;Mastercard;40;"0,28";0;"39,72";08/04/2024
981194845;05/04/2024 - 13:19:45;Débito;Pago;1/1;Elo;"194,08";"2,02";0;"192,06";08/04/2024
983874401;07/04/2024 - 13:38:49;Débito;Pago;1/1;Elo;100;"1,04";0;"98,96";08/04/2024
983875871;07/04/2024 - 13:40:12;Débito;Pago;1/1;Elo;100;"1,04";0;"98,96";08/04/2024
983925101;07/04/2024 - 14:33:12;Débito;Pago;1/1;Elo;"222,57";"2,31";0;"220,26";08/04/2024
982605123;06/04/2024 - 12:52:58;Débito;Pago;1/1;Elo;60;"0,62";0;"59,38";08/04/2024
982617141;06/04/2024 - 12:59:37;Débito;Pago;1/1;Elo;150;"1,56";0;"148,44";08/04/2024
984017777;07/04/2024 - 16:22:08;Débito;Pago;1/1;Elo;100;"1,04";0;"98,96";08/04/2024
984008635;07/04/2024 - 16:10:47;Débito;Pago;1/1;Elo;100;"1,04";0;"98,96";08/04/2024
1015204026;07/04/2024 - 11:02:58;Débito;Pago;1/1;Elo;"63,95";"0,67";0;"63,28";08/04/2024
1015342372;07/04/2024 - 12:26:39;Débito;Pago;1/1;Elo;"23,44";"0,24";0;"23,2";08/04/2024
1015343904;07/04/2024 - 12:27:41;Débito;Pago;1/1;Elo;30;"0,31";0;"29,69";08/04/2024
1015547422;07/04/2024 - 15:33:45;Débito;Pago;1/1;Elo;50;"0,52";0;"49,48";08/04/2024
1014703102;06/04/2024 - 20:06:58;Débito;Pago;1/1;Elo;"123,35";"1,28";0;"122,07";08/04/2024
983278657;06/04/2024 - 21:25:45;Débito;Pago;1/1;Elo;50;"0,52";0;"49,48";08/04/2024
983778349;07/04/2024 - 12:20:07;Débito;Pago;1/1;Elo;"70,06";"0,73";0;"69,33";08/04/2024
982958635;06/04/2024 - 17:00:35;Débito;Pago;1/1;Elo;100;"1,04";0;"98,96";08/04/2024
982778167;06/04/2024 - 14:45:13;Débito;Pago;1/1;Elo;50;"0,52";0;"49,48";08/04/2024
982793755;06/04/2024 - 14:57:01;Débito;Pago;1/1;Elo;50;"0,52";0;"49,48";08/04/2024
983003677;06/04/2024 - 17:34:31;Débito;Pago;1/1;Elo;12;"0,12";0;"11,88";08/04/2024
982479401;06/04/2024 - 11:50:22;Débito;Pago;1/1;Elo;50;"0,52";0;"49,48";08/04/2024
981320591;05/04/2024 - 15:04:49;Débito;Pago;1/1;Elo;20;"0,21";0;"19,79";08/04/2024
982520853;06/04/2024 - 12:09:56;Débito;Pago;1/1;Elo;100;"1,04";0;"98,96";08/04/2024
981140961;05/04/2024 - 12:41:17;Débito;Pago;1/1;Elo;"115,8";"1,2";0;"114,6";08/04/2024
981110969;05/04/2024 - 12:21:03;Débito;Pago;1/1;Elo;"252,21";"2,62";0;"249,59";08/04/2024
981077231;05/04/2024 - 11:58:02;Débito;Pago;1/1;Elo;10;"0,1";0;"9,9";08/04/2024
981518821;05/04/2024 - 17:17:55;Débito;Pago;1/1;Elo;100;"1,04";0;"98,96";08/04/2024
981551175;05/04/2024 - 17:35:36;Débito;Pago;1/1;Elo;50;"0,52";0;"49,48";08/04/2024
981729885;05/04/2024 - 19:17:12;Débito;Pago;1/1;Elo;120;"1,25";0;"118,75";08/04/2024
981769493;05/04/2024 - 19:44:05;Débito;Pago;1/1;Elo;50;"0,52";0;"49,48";08/04/2024
981906917;05/04/2024 - 21:44:50;Débito;Pago;1/1;Elo;50;"0,52";0;"49,48";08/04/2024
1012157164;05/04/2024 - 07:54:39;Débito;Pago;1/1;Elo;50;"0,52";0;"49,48";08/04/2024
1012099478;05/04/2024 - 06:45:06;Débito;Pago;1/1;Elo;50;"0,52";0;"49,48";08/04/2024
1012737194;05/04/2024 - 15:41:20;Débito;Pago;1/1;Elo;100;"1,04";0;"98,96";08/04/2024
980877405;05/04/2024 - 09:10:17;Débito;Pago;1/1;Elo;"31,95";"0,33";0;"31,62";08/04/2024
980839189;05/04/2024 - 08:31:09;Débito;Pago;1/1;Elo;30;"0,31";0;"29,69";08/04/2024
980792653;05/04/2024 - 07:39:24;Débito;Pago;1/1;Elo;50;"0,52";0;"49,48";08/04/2024
980972625;05/04/2024 - 10:35:54;Débito;Pago;1/1;Elo;50;"0,52";0;"49,48";08/04/2024
980856449;05/04/2024 - 08:48:47;Débito;Pago;1/1;Elo;50;"0,52";0;"49,48";08/04/2024
984368071;08/04/2024 - 06:27:53;Crédito;Enviado;1/1;Visa;"116,61";"1,69";0;"114,92";09/04/2024
984759985;08/04/2024 - 13:06:47;Crédito;Enviado;1/1;Visa;70;"1,02";0;"68,98";09/04/2024
984962377;08/04/2024 - 16:17:51;Crédito;Enviado;1/1;Mastercard;"10,66";"0,15";0;"10,51";09/04/2024
985019727;08/04/2024 - 17:02:52;Crédito;Enviado;1/1;Mastercard;50;"0,72";0;"49,28";09/04/2024
984819961;08/04/2024 - 14:01:50;Débito;Pago;1/1;Visa;150;"1,05";0;"148,95";09/04/2024
984869935;08/04/2024 - 14:52:38;Débito;Pago;1/1;Visa;100;"0,7";0;"99,3";09/04/2024
984982645;08/04/2024 - 16:34:24;Débito;Pago;1/1;Visa;"216,66";"1,52";0;"215,14";09/04/2024
984992757;08/04/2024 - 16:42:21;Débito;Pago;1/1;Visa;50;"0,35";0;"49,65";09/04/2024
984915691;08/04/2024 - 15:37:01;Débito;Pago;1/1;Visa;40;"0,28";0;"39,72";09/04/2024
985043509;08/04/2024 - 17:19:10;Débito;Pago;1/1;Visa;50;"0,35";0;"49,65";09/04/2024
985070715;08/04/2024 - 17:37:01;Débito;Pago;1/1;Visa;50;"0,35";0;"49,65";09/04/2024
985083837;08/04/2024 - 17:45:25;Débito;Pago;1/1;Visa;100;"0,7";0;"99,3";09/04/2024
985086881;08/04/2024 - 17:47:28;Débito;Pago;1/1;Visa;"32,95";"0,23";0;"32,72";09/04/2024
985109697;08/04/2024 - 18:02:34;Débito;Pago;1/1;Visa;150;"1,05";0;"148,95";09/04/2024
985112233;08/04/2024 - 18:04:17;Débito;Pago;1/1;Visa;100;"0,7";0;"99,3";09/04/2024
985023947;08/04/2024 - 17:05:52;Débito;Pago;1/1;Visa;20;"0,14";0;"19,86";09/04/2024
985148531;08/04/2024 - 18:30:41;Débito;Pago;1/1;Visa;20;"0,14";0;"19,86";09/04/2024
985266237;08/04/2024 - 20:40:36;Débito;Pago;1/1;Visa;50;"0,35";0;"49,65";09/04/2024
1016017188;08/04/2024 - 07:22:10;Débito;Pago;1/1;Visa;25;"0,18";0;"24,82";09/04/2024
1016150716;08/04/2024 - 09:47:48;Débito;Pago;1/1;Visa;100;"0,7";0;"99,3";09/04/2024
1016189102;08/04/2024 - 10:24:33;Débito;Pago;1/1;Visa;10;"0,07";0;"9,93";09/04/2024
1016214362;08/04/2024 - 10:49:25;Débito;Pago;1/1;Visa;"301,78";"2,11";0;"299,67";09/04/2024
1016351792;08/04/2024 - 12:43:01;Débito;Pago;1/1;Visa;50;"0,35";0;"49,65";09/04/2024
1016768240;08/04/2024 - 18:13:05;Débito;Pago;1/1;Visa;30;"0,21";0;"29,79";09/04/2024
1016585464;08/04/2024 - 16:13:02;Débito;Pago;1/1;Visa;20;"0,14";0;"19,86";09/04/2024
984389935;08/04/2024 - 07:02:40;Débito;Pago;1/1;Visa;"100,78";"0,71";0;"100,07";09/04/2024
984394395;08/04/2024 - 07:08:24;Débito;Pago;1/1;Visa;40;"0,28";0;"39,72";09/04/2024
984457149;08/04/2024 - 08:24:02;Débito;Pago;1/1;Visa;20;"0,14";0;"19,86";09/04/2024
984462727;08/04/2024 - 08:31:08;Débito;Pago;1/1;Visa;"31,75";"0,22";0;"31,53";09/04/2024
984484223;08/04/2024 - 08:56:07;Débito;Pago;1/1;Visa;"31,5";"0,22";0;"31,28";09/04/2024
984509065;08/04/2024 - 09:21:58;Débito;Pago;1/1;Visa;10;"0,07";0;"9,93";09/04/2024
984602327;08/04/2024 - 10:53:40;Débito;Pago;1/1;Visa;"172,77";"1,21";0;"171,56";09/04/2024
984527195;08/04/2024 - 09:40:10;Débito;Pago;1/1;Visa;20;"0,14";0;"19,86";09/04/2024
984737699;08/04/2024 - 12:48:04;Débito;Pago;1/1;Visa;"36,42";"0,25";0;"36,17";09/04/2024
984356859;08/04/2024 - 05:57:59;Débito;Pago;1/1;Mastercard;100;"0,7";0;"99,3";09/04/2024
984357795;08/04/2024 - 06:02:04;Débito;Pago;1/1;Mastercard;"29,41";"0,21";0;"29,2";09/04/2024
984758379;08/04/2024 - 13:05:25;Débito;Pago;1/1;Mastercard;50;"0,35";0;"49,65";09/04/2024
984572313;08/04/2024 - 10:24:36;Débito;Pago;1/1;Mastercard;100;"0,7";0;"99,3";09/04/2024
984789759;08/04/2024 - 13:32:49;Débito;Pago;1/1;Mastercard;150;"1,05";0;"148,95";09/04/2024
984718355;08/04/2024 - 12:32:28;Débito;Pago;1/1;Mastercard;50;"0,35";0;"49,65";09/04/2024
984605961;08/04/2024 - 10:57:25;Débito;Pago;1/1;Mastercard;70;"0,49";0;"69,51";09/04/2024
984641675;08/04/2024 - 11:30:19;Débito;Pago;1/1;Mastercard;160;"1,12";0;"158,88";09/04/2024
984512257;08/04/2024 - 09:25:10;Débito;Pago;1/1;Mastercard;50;"0,35";0;"49,65";09/04/2024
984518459;08/04/2024 - 09:31:23;Débito;Pago;1/1;Mastercard;35;"0,24";0;"34,76";09/04/2024
984520013;08/04/2024 - 09:32:59;Débito;Pago;1/1;Mastercard;15;"0,1";0;"14,9";09/04/2024
984405485;08/04/2024 - 07:21:56;Débito;Pago;1/1;Mastercard;50;"0,35";0;"49,65";09/04/2024
984415891;08/04/2024 - 07:35:17;Débito;Pago;1/1;Mastercard;"56,16";"0,39";0;"55,77";09/04/2024
984430733;08/04/2024 - 07:53:25;Débito;Pago;1/1;Mastercard;"49,1";"0,34";0;"48,76";09/04/2024
984371207;08/04/2024 - 06:34:24;Débito;Pago;1/1;Mastercard;"36,67";"0,26";0;"36,41";09/04/2024
984386571;08/04/2024 - 06:58:10;Débito;Pago;1/1;Mastercard;50;"0,35";0;"49,65";09/04/2024
984387375;08/04/2024 - 06:59:16;Débito;Pago;1/1;Mastercard;50;"0,35";0;"49,65";09/04/2024
1016674188;08/04/2024 - 17:16:15;Débito;Pago;1/1;Mastercard;20;"0,14";0;"19,86";09/04/2024
1016691368;08/04/2024 - 17:26:47;Débito;Pago;1/1;Mastercard;20;"0,14";0;"19,86";09/04/2024
1016708832;08/04/2024 - 17:37:25;Débito;Pago;1/1;Mastercard;35;"0,24";0;"34,76";09/04/2024
1016730058;08/04/2024 - 17:49:42;Débito;Pago;1/1;Mastercard;50;"0,35";0;"49,65";09/04/2024
1016749216;08/04/2024 - 18:01:23;Débito;Pago;1/1;Mastercard;6;"0,04";0;"5,96";09/04/2024
1016763008;08/04/2024 - 18:09:39;Débito;Pago;1/1;Mastercard;100;"0,7";0;"99,3";09/04/2024
1016864668;08/04/2024 - 19:26:31;Débito;Pago;1/1;Mastercard;19;"0,13";0;"18,87";09/04/2024
985282843;08/04/2024 - 21:13:36;Débito;Pago;1/1;Mastercard;25;"0,18";0;"24,82";09/04/2024
1016944548;08/04/2024 - 21:17:47;Débito;Pago;1/1;Mastercard;50;"0,35";0;"49,65";09/04/2024
1016953830;08/04/2024 - 21:38:23;Débito;Pago;1/1;Mastercard;10;"0,07";0;"9,93";09/04/2024
1016380974;08/04/2024 - 13:06:56;Débito;Pago;1/1;Mastercard;"120,32";"0,84";0;"119,48";09/04/2024
1016445080;08/04/2024 - 14:05:15;Débito;Pago;1/1;Mastercard;20;"0,14";0;"19,86";09/04/2024
1016550330;08/04/2024 - 15:43:40;Débito;Pago;1/1;Mastercard;50;"0,35";0;"49,65";09/04/2024
1016555456;08/04/2024 - 15:48:07;Débito;Pago;1/1;Mastercard;80;"0,56";0;"79,44";09/04/2024
1016572558;08/04/2024 - 16:02:30;Débito;Pago;1/1;Mastercard;30;"0,21";0;"29,79";09/04/2024
1016238656;08/04/2024 - 11:11:33;Débito;Pago;1/1;Mastercard;30;"0,21";0;"29,79";09/04/2024
1016282506;08/04/2024 - 11:48:21;Débito;Pago;1/1;Mastercard;"36,88";"0,26";0;"36,62";09/04/2024
1016290818;08/04/2024 - 11:55:01;Débito;Pago;1/1;Mastercard;50;"0,35";0;"49,65";09/04/2024
1016293590;08/04/2024 - 11:57:23;Débito;Pago;1/1;Mastercard;30;"0,21";0;"29,79";09/04/2024
1016341942;08/04/2024 - 12:35:10;Débito;Pago;1/1;Mastercard;100;"0,7";0;"99,3";09/04/2024
1016217800;08/04/2024 - 10:52:34;Débito;Pago;1/1;Mastercard;100;"0,7";0;"99,3";09/04/2024
1016219916;08/04/2024 - 10:54:33;Débito;Pago;1/1;Mastercard;20;"0,14";0;"19,86";09/04/2024
1016205996;08/04/2024 - 10:40:52;Débito;Pago;1/1;Mastercard;100;"0,7";0;"99,3";09/04/2024
1016212856;08/04/2024 - 10:47:50;Débito;Pago;1/1;Mastercard;"47,38";"0,33";0;"47,05";09/04/2024
1016156504;08/04/2024 - 09:53:11;Débito;Pago;1/1;Mastercard;"78,11";"0,55";0;"77,56";09/04/2024
1016097512;08/04/2024 - 08:52:17;Débito;Pago;1/1;Mastercard;20;"0,14";0;"19,86";09/04/2024
1016109368;08/04/2024 - 09:05:29;Débito;Pago;1/1;Mastercard;50;"0,35";0;"49,65";09/04/2024
1016116366;08/04/2024 - 09:13:14;Débito;Pago;1/1;Mastercard;30;"0,21";0;"29,79";09/04/2024
1016019758;08/04/2024 - 07:25:12;Débito;Pago;1/1;Mastercard;50;"0,35";0;"49,65";09/04/2024
1016029300;08/04/2024 - 07:35:52;Débito;Pago;1/1;Mastercard;"134,9";"0,94";0;"133,96";09/04/2024
1016036828;08/04/2024 - 07:44:07;Débito;Pago;1/1;Mastercard;40;"0,28";0;"39,72";09/04/2024
1016039414;08/04/2024 - 07:47:14;Débito;Pago;1/1;Mastercard;100;"0,7";0;"99,3";09/04/2024
1016079502;08/04/2024 - 08:32:53;Débito;Pago;1/1;Mastercard;10;"0,07";0;"9,93";09/04/2024
985268487;08/04/2024 - 20:44:14;Débito;Pago;1/1;Mastercard;100;"0,7";0;"99,3";09/04/2024
1016004912;08/04/2024 - 07:07:01;Débito;Pago;1/1;Mastercard;30;"0,21";0;"29,79";09/04/2024
985162925;08/04/2024 - 18:41:57;Débito;Pago;1/1;Mastercard;100;"0,7";0;"99,3";09/04/2024
985187669;08/04/2024 - 19:02:40;Débito;Pago;1/1;Mastercard;100;"0,7";0;"99,3";09/04/2024
985029919;08/04/2024 - 17:09:50;Débito;Pago;1/1;Mastercard;30;"0,21";0;"29,79";09/04/2024
985034669;08/04/2024 - 17:13:09;Débito;Pago;1/1;Mastercard;70;"0,49";0;"69,51";09/04/2024
985121257;08/04/2024 - 18:10:37;Débito;Pago;1/1;Mastercard;30;"0,21";0;"29,79";09/04/2024
985126503;08/04/2024 - 18:14:27;Débito;Pago;1/1;Mastercard;150;"1,05";0;"148,95";09/04/2024
985140535;08/04/2024 - 18:24:47;Débito;Pago;1/1;Mastercard;50;"0,35";0;"49,65";09/04/2024
985145027;08/04/2024 - 18:28:06;Débito;Pago;1/1;Mastercard;"51,88";"0,36";0;"51,52";09/04/2024
984943113;08/04/2024 - 16:01:53;Débito;Pago;1/1;Mastercard;"14,99";"0,1";0;"14,89";09/04/2024
984958839;08/04/2024 - 16:15:06;Débito;Pago;1/1;Mastercard;100;"0,7";0;"99,3";09/04/2024
984902209;08/04/2024 - 15:24:17;Débito;Pago;1/1;Mastercard;20;"0,14";0;"19,86";09/04/2024
984904317;08/04/2024 - 15:26:16;Débito;Pago;1/1;Mastercard;"55,58";"0,39";0;"55,19";09/04/2024
984888361;08/04/2024 - 15:11:02;Débito;Pago;1/1;Mastercard;200;"1,4";0;"198,6";09/04/2024
984888759;08/04/2024 - 15:11:24;Débito;Pago;1/1;Mastercard;50;"0,35";0;"49,65";09/04/2024
984763623;08/04/2024 - 13:09:59;Débito;Pago;1/1;Mastercard;50;"0,35";0;"49,65";09/04/2024
984779121;08/04/2024 - 13:23:26;Débito;Pago;1/1;Mastercard;30;"0,21";0;"29,79";09/04/2024
984973975;08/04/2024 - 16:27:16;Débito;Pago;1/1;Mastercard;70;"0,49";0;"69,51";09/04/2024
984787433;08/04/2024 - 13:30:46;Débito;Pago;1/1;Elo;100;"1,04";0;"98,96";09/04/2024
984899543;08/04/2024 - 15:21:50;Débito;Pago;1/1;Elo;50;"0,52";0;"49,48";09/04/2024
1016014112;08/04/2024 - 07:18:21;Débito;Pago;1/1;Elo;100;"1,04";0;"98,96";09/04/2024
1016092878;08/04/2024 - 08:47:10;Débito;Pago;1/1;Elo;50;"0,52";0;"49,48";09/04/2024
1016019332;08/04/2024 - 07:24:39;Débito;Pago;1/1;Elo;"42,9";"0,45";0;"42,45";09/04/2024
1016167312;08/04/2024 - 10:03:41;Débito;Pago;1/1;Elo;100;"1,04";0;"98,96";09/04/2024
1016222142;08/04/2024 - 10:56:45;Débito;Pago;1/1;Elo;30;"0,31";0;"29,69";09/04/2024
984708211;08/04/2024 - 12:24:02;Débito;Pago;1/1;Elo;100;"1,04";0;"98,96";09/04/2024
1017009994;09/04/2024 - 06:15:13;Crédito;Pago;1/1;Mastercard;"284,23";"4,12";0;"280,11";10/04/2024
1017136066;09/04/2024 - 08:58:17;Débito;Pago;1/1;Visa;50;"0,35";0;"49,65";10/04/2024
1017146824;09/04/2024 - 09:09:43;Débito;Pago;1/1;Visa;"55,29";"0,39";0;"54,9";10/04/2024
1017203560;09/04/2024 - 10:06:01;Débito;Pago;1/1;Visa;30;"0,21";0;"29,79";10/04/2024
1017575248;09/04/2024 - 15:34:17;Débito;Pago;1/1;Visa;"180,01";"1,26";0;"178,75";10/04/2024
1017775246;09/04/2024 - 17:55:09;Débito;Pago;1/1;Visa;50;"0,35";0;"49,65";10/04/2024
1017424862;09/04/2024 - 13:13:53;Débito;Pago;1/1;Visa;50;"0,35";0;"49,65";10/04/2024
1017522800;09/04/2024 - 14:46:19;Débito;Pago;1/1;Visa;100;"0,7";0;"99,3";10/04/2024
1017539460;09/04/2024 - 15:01:49;Débito;Pago;1/1;Visa;100;"0,7";0;"99,3";10/04/2024
1017929432;09/04/2024 - 19:51:10;Débito;Pago;1/1;Visa;40;"0,28";0;"39,72";10/04/2024
1017934392;09/04/2024 - 19:56:53;Débito;Pago;1/1;Visa;50;"0,35";0;"49,65";10/04/2024
985422219;09/04/2024 - 08:10:43;Débito;Pago;1/1;Visa;50;"0,35";0;"49,65";10/04/2024
985516025;09/04/2024 - 09:51:20;Débito;Pago;1/1;Visa;10;"0,07";0;"9,93";10/04/2024
985937521;09/04/2024 - 16:13:36;Débito;Pago;1/1;Visa;"306,09";"2,14";0;"303,95";10/04/2024
986061241;09/04/2024 - 17:41:58;Débito;Pago;1/1;Visa;50;"0,35";0;"49,65";10/04/2024
986081937;09/04/2024 - 17:54:51;Débito;Pago;1/1;Visa;40;"0,28";0;"39,72";10/04/2024
986112421;09/04/2024 - 18:15:30;Débito;Pago;1/1;Visa;"144,6";"1,01";0;"143,59";10/04/2024
986040763;09/04/2024 - 17:29:13;Débito;Pago;1/1;Visa;40;"0,28";0;"39,72";10/04/2024
141684;10/04/2024 - 01:19:33;Cobrança de equipamentos;Pago;19/24;Mastercard;"-89,98";0;0;"-89,98";10/04/2024
986053821;09/04/2024 - 17:37:27;Débito;Pago;1/1;Mastercard;50;"0,35";0;"49,65";10/04/2024
986124809;09/04/2024 - 18:23:55;Débito;Pago;1/1;Mastercard;123;"0,86";0;"122,14";10/04/2024
986195511;09/04/2024 - 19:19:56;Débito;Pago;1/1;Mastercard;100;"0,7";0;"99,3";10/04/2024
986093565;09/04/2024 - 18:02:30;Débito;Pago;1/1;Mastercard;10;"0,07";0;"9,93";10/04/2024
986101945;09/04/2024 - 18:08:07;Débito;Pago;1/1;Mastercard;50;"0,35";0;"49,65";10/04/2024
986107005;09/04/2024 - 18:11:40;Débito;Pago;1/1;Mastercard;30;"0,21";0;"29,79";10/04/2024
985554525;09/04/2024 - 10:29:11;Débito;Pago;1/1;Mastercard;30;"0,21";0;"29,79";10/04/2024
985964741;09/04/2024 - 16:35:59;Débito;Pago;1/1;Mastercard;70;"0,49";0;"69,51";10/04/2024
985991863;09/04/2024 - 16:56:12;Débito;Pago;1/1;Mastercard;50;"0,35";0;"49,65";10/04/2024
986010875;09/04/2024 - 17:09:35;Débito;Pago;1/1;Mastercard;70;"0,49";0;"69,51";10/04/2024
986017155;09/04/2024 - 17:13:50;Débito;Pago;1/1;Mastercard;25;"0,18";0;"24,82";10/04/2024
985565933;09/04/2024 - 10:40:52;Débito;Pago;1/1;Mastercard;30;"0,21";0;"29,79";10/04/2024
985605825;09/04/2024 - 11:19:07;Débito;Pago;1/1;Mastercard;"129,29";"0,91";0;"128,38";10/04/2024
985606803;09/04/2024 - 11:19:55;Débito;Pago;1/1;Mastercard;"59,9";"0,42";0;"59,48";10/04/2024
985626251;09/04/2024 - 11:36:42;Débito;Pago;1/1;Mastercard;50;"0,35";0;"49,65";10/04/2024
985703949;09/04/2024 - 12:38:21;Débito;Pago;1/1;Mastercard;70;"0,49";0;"69,51";10/04/2024
985721019;09/04/2024 - 12:51:56;Débito;Pago;1/1;Mastercard;20;"0,14";0;"19,86";10/04/2024
985728507;09/04/2024 - 12:57:47;Débito;Pago;1/1;Mastercard;40;"0,28";0;"39,72";10/04/2024
985736197;09/04/2024 - 13:04:16;Débito;Pago;1/1;Mastercard;15;"0,1";0;"14,9";10/04/2024
985750761;09/04/2024 - 13:16:31;Débito;Pago;1/1;Mastercard;50;"0,35";0;"49,65";10/04/2024
985801601;09/04/2024 - 14:04:33;Débito;Pago;1/1;Mastercard;30;"0,21";0;"29,79";10/04/2024
985904829;09/04/2024 - 15:46:09;Débito;Pago;1/1;Mastercard;"35,2";"0,25";0;"34,95";10/04/2024
985934775;09/04/2024 - 16:11:26;Débito;Pago;1/1;Mastercard;30;"0,21";0;"29,79";10/04/2024
985434199;09/04/2024 - 08:24:27;Débito;Pago;1/1;Mastercard;20;"0,14";0;"19,86";10/04/2024
985434927;09/04/2024 - 08:25:13;Débito;Pago;1/1;Mastercard;5;"0,04";0;"4,96";10/04/2024
985437615;09/04/2024 - 08:28:11;Débito;Pago;1/1;Mastercard;"122,9";"0,86";0;"122,04";10/04/2024
985378355;09/04/2024 - 07:16:55;Débito;Pago;1/1;Mastercard;"214,23";"1,5";0;"212,73";10/04/2024
985388791;09/04/2024 - 07:30:02;Débito;Pago;1/1;Mastercard;40;"0,28";0;"39,72";10/04/2024
985395297;09/04/2024 - 07:37:47;Débito;Pago;1/1;Mastercard;40;"0,28";0;"39,72";10/04/2024
985406595;09/04/2024 - 07:51:50;Débito;Pago;1/1;Mastercard;20;"0,14";0;"19,86";10/04/2024
1017910332;09/04/2024 - 19:31:32;Débito;Pago;1/1;Mastercard;30;"0,21";0;"29,79";10/04/2024
1017916450;09/04/2024 - 19:37:34;Débito;Pago;1/1;Mastercard;20;"0,14";0;"19,86";10/04/2024
1017954202;09/04/2024 - 20:21:00;Débito;Pago;1/1;Mastercard;"264,72";"1,85";0;"262,87";10/04/2024
1017968668;09/04/2024 - 20:42:26;Débito;Pago;1/1;Mastercard;30;"0,21";0;"29,79";10/04/2024
1017981434;09/04/2024 - 21:01:49;Débito;Pago;1/1;Mastercard;50;"0,35";0;"49,65";10/04/2024
1017572082;09/04/2024 - 15:31:23;Débito;Pago;1/1;Mastercard;80;"0,56";0;"79,44";10/04/2024
1017477140;09/04/2024 - 14:02:06;Débito;Pago;1/1;Mastercard;30;"0,21";0;"29,79";10/04/2024
1017786226;09/04/2024 - 18:02:00;Débito;Pago;1/1;Mastercard;50;"0,35";0;"49,65";10/04/2024
1017809396;09/04/2024 - 18:16:10;Débito;Pago;1/1;Mastercard;30;"0,21";0;"29,79";10/04/2024
1017825990;09/04/2024 - 18:26:39;Débito;Pago;1/1;Mastercard;30;"0,21";0;"29,79";10/04/2024
1017834008;09/04/2024 - 18:32:08;Débito;Pago;1/1;Mastercard;20;"0,14";0;"19,86";10/04/2024
1017843170;09/04/2024 - 18:38:16;Débito;Pago;1/1;Mastercard;100;"0,7";0;"99,3";10/04/2024
1017860372;09/04/2024 - 18:50:35;Débito;Pago;1/1;Mastercard;150;"1,05";0;"148,95";10/04/2024
1017209684;09/04/2024 - 10:11:51;Débito;Pago;1/1;Mastercard;"32,37";"0,23";0;"32,14";10/04/2024
1017212880;09/04/2024 - 10:14:44;Débito;Pago;1/1;Mastercard;30;"0,21";0;"29,79";10/04/2024
1017257116;09/04/2024 - 10:57:12;Débito;Pago;1/1;Mastercard;30;"0,21";0;"29,79";10/04/2024
1017317496;09/04/2024 - 11:50:16;Débito;Pago;1/1;Mastercard;35;"0,24";0;"34,76";10/04/2024
1017392828;09/04/2024 - 12:48:27;Débito;Pago;1/1;Mastercard;30;"0,21";0;"29,79";10/04/2024
1017422218;09/04/2024 - 13:11:47;Débito;Pago;1/1;Mastercard;50;"0,35";0;"49,65";10/04/2024
1017155608;09/04/2024 - 09:18:32;Débito;Pago;1/1;Mastercard;30;"0,21";0;"29,79";10/04/2024
1017144494;09/04/2024 - 09:07:19;Débito;Pago;1/1;Mastercard;"28,43";"0,2";0;"28,23";10/04/2024
1017017288;09/04/2024 - 06:32:19;Débito;Pago;1/1;Mastercard;70;"0,49";0;"69,51";10/04/2024
1017036556;09/04/2024 - 07:02:24;Débito;Pago;1/1;Mastercard;10;"0,07";0;"9,93";10/04/2024
1017038418;09/04/2024 - 07:05:02;Débito;Pago;1/1;Mastercard;100;"0,7";0;"99,3";10/04/2024
1017053314;09/04/2024 - 07:23:57;Débito;Pago;1/1;Mastercard;20;"0,14";0;"19,86";10/04/2024
1017119304;09/04/2024 - 08:40:14;Débito;Pago;1/1;Mastercard;50;"0,35";0;"49,65";10/04/2024
1017135536;09/04/2024 - 08:57:42;Débito;Pago;1/1;Elo;"12,91";"0,13";0;"12,78";10/04/2024
1017899042;09/04/2024 - 19:21:09;Débito;Pago;1/1;Elo;30;"0,31";0;"29,69";10/04/2024
1017995648;09/04/2024 - 21:26:28;Débito;Pago;1/1;Elo;20;"0,21";0;"19,79";10/04/2024
985559089;09/04/2024 - 10:33:50;Débito;Pago;1/1;Elo;20;"0,21";0;"19,79";10/04/2024
985954913;09/04/2024 - 16:28:00;Débito;Pago;1/1;Elo;70;"0,73";0;"69,27";10/04/2024
986274187;09/04/2024 - 20:59:40;Débito;Pago;1/1;Elo;"134,05";"1,39";0;"132,66";10/04/2024
1018070272;10/04/2024 - 06:20:03;Crédito;Pago;1/1;Mastercard;150;"2,18";0;"147,82";11/04/2024
1018774656;10/04/2024 - 17:14:13;Crédito;Pago;1/1;Mastercard;50;"0,72";0;"49,28";11/04/2024
1018137938;10/04/2024 - 07:49:34;Débito;Pago;1/1;Visa;30;"0,21";0;"29,79";11/04/2024
1018174910;10/04/2024 - 08:30:59;Débito;Pago;1/1;Visa;20;"0,14";0;"19,86";11/04/2024
1018200980;10/04/2024 - 09:00:35;Débito;Pago;1/1;Visa;"259,91";"1,82";0;"258,09";11/04/2024
1018680720;10/04/2024 - 16:07:21;Débito;Pago;1/1;Visa;100;"0,7";0;"99,3";11/04/2024
1018711620;10/04/2024 - 16:30:55;Débito;Pago;1/1;Visa;"257,99";"1,81";0;"256,18";11/04/2024
1018796922;10/04/2024 - 17:27:26;Débito;Pago;1/1;Visa;50;"0,35";0;"49,65";11/04/2024
1018919990;10/04/2024 - 18:43:11;Débito;Pago;1/1;Visa;50;"0,35";0;"49,65";11/04/2024
1018947180;10/04/2024 - 19:02:50;Débito;Pago;1/1;Visa;20;"0,14";0;"19,86";11/04/2024
1018814048;10/04/2024 - 17:37:50;Débito;Pago;1/1;Visa;20;"0,14";0;"19,86";11/04/2024
1018841848;10/04/2024 - 17:54:26;Débito;Pago;1/1;Visa;"22,81";"0,16";0;"22,65";11/04/2024
1018872928;10/04/2024 - 18:12:51;Débito;Pago;1/1;Visa;50;"0,35";0;"49,65";11/04/2024
986364367;10/04/2024 - 06:44:57;Débito;Pago;1/1;Visa;100;"0,7";0;"99,3";11/04/2024
986357371;10/04/2024 - 06:31:42;Débito;Pago;1/1;Visa;50;"0,35";0;"49,65";11/04/2024
986517459;10/04/2024 - 09:44:17;Débito;Pago;1/1;Visa;"18,24";"0,13";0;"18,11";11/04/2024
986537933;10/04/2024 - 10:03:55;Débito;Pago;1/1;Visa;"74,9";"0,52";0;"74,38";11/04/2024
986575523;10/04/2024 - 10:40:57;Débito;Pago;1/1;Visa;30;"0,21";0;"29,79";11/04/2024
986682729;10/04/2024 - 12:14:22;Débito;Pago;1/1;Visa;50;"0,35";0;"49,65";11/04/2024
986724867;10/04/2024 - 12:47:20;Débito;Pago;1/1;Visa;50;"0,35";0;"49,65";11/04/2024
986627063;10/04/2024 - 11:30:35;Débito;Pago;1/1;Visa;30;"0,21";0;"29,79";11/04/2024
986647243;10/04/2024 - 11:47:08;Débito;Pago;1/1;Visa;50;"0,35";0;"49,65";11/04/2024
986758965;10/04/2024 - 13:15:21;Débito;Pago;1/1;Visa;"155,09";"1,09";0;154;11/04/2024
986935623;10/04/2024 - 16:04:03;Débito;Pago;1/1;Visa;15;"0,1";0;"14,9";11/04/2024
986820359;10/04/2024 - 14:13:09;Débito;Pago;1/1;Visa;100;"0,7";0;"99,3";11/04/2024
987180191;10/04/2024 - 18:53:53;Débito;Pago;1/1;Visa;"201,14";"1,41";0;"199,73";11/04/2024
987198723;10/04/2024 - 19:09:02;Débito;Pago;1/1;Visa;50;"0,35";0;"49,65";11/04/2024
987207063;10/04/2024 - 19:16:28;Débito;Pago;1/1;Visa;"81,48";"0,57";0;"80,91";11/04/2024
987245223;10/04/2024 - 19:53:55;Débito;Pago;1/1;Visa;50;"0,35";0;"49,65";11/04/2024
987254655;10/04/2024 - 20:04:10;Débito;Pago;1/1;Mastercard;60;"0,42";0;"59,58";11/04/2024
987280783;10/04/2024 - 20:37:49;Débito;Pago;1/1;Mastercard;100;"0,7";0;"99,3";11/04/2024
987286429;10/04/2024 - 20:45:19;Débito;Pago;1/1;Mastercard;"122,98";"0,86";0;"122,12";11/04/2024
986858289;10/04/2024 - 14:51:52;Débito;Pago;1/1;Mastercard;50;"0,35";0;"49,65";11/04/2024
986879811;10/04/2024 - 15:13:11;Débito;Pago;1/1;Mastercard;150;"1,05";0;"148,95";11/04/2024
986905389;10/04/2024 - 15:37:22;Débito;Pago;1/1;Mastercard;100;"0,7";0;"99,3";11/04/2024
986913605;10/04/2024 - 15:44:49;Débito;Pago;1/1;Mastercard;"17,04";"0,12";0;"16,92";11/04/2024
986916065;10/04/2024 - 15:47:02;Débito;Pago;1/1;Mastercard;"255,28";"1,79";0;"253,49";11/04/2024
986923089;10/04/2024 - 15:53:16;Débito;Pago;1/1;Mastercard;50;"0,35";0;"49,65";11/04/2024
986939345;10/04/2024 - 16:07:10;Débito;Pago;1/1;Mastercard;20;"0,14";0;"19,86";11/04/2024
986985509;10/04/2024 - 16:43:46;Débito;Pago;1/1;Mastercard;6;"0,04";0;"5,96";11/04/2024
986988019;10/04/2024 - 16:45:48;Débito;Pago;1/1;Mastercard;50;"0,35";0;"49,65";11/04/2024
987009179;10/04/2024 - 17:01:41;Débito;Pago;1/1;Mastercard;20;"0,14";0;"19,86";11/04/2024
987010593;10/04/2024 - 17:02:42;Débito;Pago;1/1;Mastercard;20;"0,14";0;"19,86";11/04/2024
987022827;10/04/2024 - 17:10:54;Débito;Pago;1/1;Mastercard;25;"0,18";0;"24,82";11/04/2024
987028075;10/04/2024 - 17:14:17;Débito;Pago;1/1;Mastercard;50;"0,35";0;"49,65";11/04/2024
987032945;10/04/2024 - 17:17:37;Débito;Pago;1/1;Mastercard;70;"0,49";0;"69,51";11/04/2024
987048043;10/04/2024 - 17:27:26;Débito;Pago;1/1;Mastercard;20;"0,14";0;"19,86";11/04/2024
987139503;10/04/2024 - 18:25:11;Débito;Pago;1/1;Mastercard;150;"1,05";0;"148,95";11/04/2024
987145353;10/04/2024 - 18:29:09;Débito;Pago;1/1;Mastercard;"99,01";"0,69";0;"98,32";11/04/2024
987165909;10/04/2024 - 18:43:42;Débito;Pago;1/1;Mastercard;"28,95";"0,2";0;"28,75";11/04/2024
987175587;10/04/2024 - 18:50:37;Débito;Pago;1/1;Mastercard;"140,12";"0,98";0;"139,14";11/04/2024
986774311;10/04/2024 - 13:29:05;Débito;Pago;1/1;Mastercard;100;"0,7";0;"99,3";11/04/2024
986737067;10/04/2024 - 12:57:08;Débito;Pago;1/1;Mastercard;100;"0,7";0;"99,3";11/04/2024
986754755;10/04/2024 - 13:11:46;Débito;Pago;1/1;Mastercard;20;"0,14";0;"19,86";11/04/2024
986584149;10/04/2024 - 10:49:33;Débito;Pago;1/1;Mastercard;10;"0,07";0;"9,93";11/04/2024
986601919;10/04/2024 - 11:07:18;Débito;Pago;1/1;Mastercard;50;"0,35";0;"49,65";11/04/2024
986609643;10/04/2024 - 11:14:25;Débito;Pago;1/1;Mastercard;"18,88";"0,13";0;"18,75";11/04/2024
986621095;10/04/2024 - 11:25:00;Débito;Pago;1/1;Mastercard;"171,2";"1,2";0;170;11/04/2024
986367773;10/04/2024 - 06:50:38;Débito;Pago;1/1;Mastercard;100;"0,7";0;"99,3";11/04/2024
986391743;10/04/2024 - 07:23:22;Débito;Pago;1/1;Mastercard;100;"0,7";0;"99,3";11/04/2024
986431987;10/04/2024 - 08:12:48;Débito;Pago;1/1;Mastercard;"200,16";"1,4";0;"198,76";11/04/2024
986461475;10/04/2024 - 08:46:01;Débito;Pago;1/1;Mastercard;70;"0,49";0;"69,51";11/04/2024
986468441;10/04/2024 - 08:53:37;Débito;Pago;1/1;Mastercard;100;"0,7";0;"99,3";11/04/2024
986474831;10/04/2024 - 09:00:35;Débito;Pago;1/1;Mastercard;"42,21";"0,3";0;"41,91";11/04/2024
986494513;10/04/2024 - 09:21:37;Débito;Pago;1/1;Mastercard;15;"0,1";0;"14,9";11/04/2024
986509215;10/04/2024 - 09:36:10;Débito;Pago;1/1;Mastercard;100;"0,7";0;"99,3";11/04/2024
986511343;10/04/2024 - 09:38:17;Débito;Pago;1/1;Mastercard;"117,83";"0,82";0;"117,01";11/04/2024
986516333;10/04/2024 - 09:43:12;Débito;Pago;1/1;Mastercard;50;"0,35";0;"49,65";11/04/2024
987311757;10/04/2024 - 21:24:48;Débito;Pago;1/1;Mastercard;"237,62";"1,66";0;"235,96";11/04/2024
987301129;10/04/2024 - 21:07:13;Débito;Pago;1/1;Mastercard;30;"0,21";0;"29,79";11/04/2024
1018842526;10/04/2024 - 17:54:52;Débito;Pago;1/1;Mastercard;50;"0,35";0;"49,65";11/04/2024
1018859694;10/04/2024 - 18:05:06;Débito;Pago;1/1;Mastercard;20;"0,14";0;"19,86";11/04/2024
1018817236;10/04/2024 - 17:39:47;Débito;Pago;1/1;Mastercard;"53,15";"0,37";0;"52,78";11/04/2024
1018838098;10/04/2024 - 17:52:13;Débito;Pago;1/1;Mastercard;60;"0,42";0;"59,58";11/04/2024
1018950950;10/04/2024 - 19:05:36;Débito;Pago;1/1;Mastercard;40;"0,28";0;"39,72";11/04/2024
1018957054;10/04/2024 - 19:10:31;Débito;Pago;1/1;Mastercard;30;"0,21";0;"29,79";11/04/2024
1018983278;10/04/2024 - 19:32:08;Débito;Pago;1/1;Mastercard;50;"0,35";0;"49,65";11/04/2024
1018990904;10/04/2024 - 19:39:10;Débito;Pago;1/1;Mastercard;30;"0,21";0;"29,79";11/04/2024
1018996546;10/04/2024 - 19:44:16;Débito;Pago;1/1;Mastercard;"246,89";"1,73";0;"245,16";11/04/2024
1018806890;10/04/2024 - 17:33:31;Débito;Pago;1/1;Mastercard;30;"0,21";0;"29,79";11/04/2024
1018736618;10/04/2024 - 16:49:04;Débito;Pago;1/1;Mastercard;70;"0,49";0;"69,51";11/04/2024
1018699844;10/04/2024 - 16:22:08;Débito;Pago;1/1;Mastercard;"5,4";"0,04";0;"5,36";11/04/2024
1018406102;10/04/2024 - 12:10:49;Débito;Pago;1/1;Mastercard;50;"0,35";0;"49,65";11/04/2024
1018419842;10/04/2024 - 12:21:23;Débito;Pago;1/1;Mastercard;50;"0,35";0;"49,65";11/04/2024
1018511036;10/04/2024 - 13:33:52;Débito;Pago;1/1;Mastercard;30;"0,21";0;"29,79";11/04/2024
1018516868;10/04/2024 - 13:38:57;Débito;Pago;1/1;Mastercard;150;"1,05";0;"148,95";11/04/2024
1018547438;10/04/2024 - 14:07:42;Débito;Pago;1/1;Mastercard;"20,61";"0,14";0;"20,47";11/04/2024
1018554762;10/04/2024 - 14:14:20;Débito;Pago;1/1;Mastercard;10;"0,07";0;"9,93";11/04/2024
1018146380;10/04/2024 - 07:58:36;Débito;Pago;1/1;Mastercard;50;"0,35";0;"49,65";11/04/2024
1018151854;10/04/2024 - 08:04:37;Débito;Pago;1/1;Mastercard;80;"0,56";0;"79,44";11/04/2024
1018098458;10/04/2024 - 07:06:08;Débito;Pago;1/1;Mastercard;"182,85";"1,28";0;"181,57";11/04/2024
1018099736;10/04/2024 - 07:07:46;Débito;Pago;1/1;Mastercard;100;"0,7";0;"99,3";11/04/2024
1018100426;10/04/2024 - 07:08:36;Débito;Pago;1/1;Mastercard;100;"0,7";0;"99,3";11/04/2024
1018118134;10/04/2024 - 07:28:38;Débito;Pago;1/1;Mastercard;"93,63";"0,66";0;"92,97";11/04/2024
1018124988;10/04/2024 - 07:36:08;Débito;Pago;1/1;Mastercard;200;"1,4";0;"198,6";11/04/2024
1018283460;10/04/2024 - 10:23:17;Débito;Pago;1/1;Elo;100;"1,04";0;"98,96";11/04/2024
1018393572;10/04/2024 - 12:01:14;Débito;Pago;1/1;Elo;30;"0,31";0;"29,69";11/04/2024
1019005920;10/04/2024 - 19:53:09;Débito;Pago;1/1;Elo;180;"1,87";0;"178,13";11/04/2024
987306513;10/04/2024 - 21:15:41;Débito;Pago;1/1;Elo;15;"0,16";0;"14,84";11/04/2024
1018904260;10/04/2024 - 18:32:24;Débito;Pago;1/1;Elo;100;"1,04";0;"98,96";11/04/2024
986358203;10/04/2024 - 06:33:48;Débito;Pago;1/1;Elo;25;"0,26";0;"24,74";11/04/2024
986660255;10/04/2024 - 11:57:30;Débito;Pago;1/1;Elo;50;"0,52";0;"49,48";11/04/2024
1019964526;11/04/2024 - 18:04:43;Crédito;Pago;1/1;Visa;10;"0,14";0;"9,86";12/04/2024
988006669;11/04/2024 - 16:25:18;Crédito;Pago;1/1;Visa;50;"0,72";0;"49,28";12/04/2024
1019352316;11/04/2024 - 09:52:44;Crédito;Pago;1/1;Mastercard;50;"0,72";0;"49,28";12/04/2024
1020026810;11/04/2024 - 18:44:00;Débito;Pago;1/1;Visa;150;"1,05";0;"148,95";12/04/2024
988347175;11/04/2024 - 21:01:44;Débito;Pago;1/1;Visa;"220,02";"1,54";0;"218,48";12/04/2024
1020064050;11/04/2024 - 19:11:49;Débito;Pago;1/1;Visa;"150,29";"1,05";0;"149,24";12/04/2024
1020079782;11/04/2024 - 19:24:39;Débito;Pago;1/1;Visa;"243,3";"1,7";0;"241,6";12/04/2024
1019746832;11/04/2024 - 15:36:26;Débito;Pago;1/1;Visa;"169,87";"1,19";0;"168,68";12/04/2024
1019631808;11/04/2024 - 13:49:35;Débito;Pago;1/1;Visa;50;"0,35";0;"49,65";12/04/2024
1019632968;11/04/2024 - 13:50:39;Débito;Pago;1/1;Visa;100;"0,7";0;"99,3";12/04/2024
1019163152;11/04/2024 - 06:02:43;Débito;Pago;1/1;Visa;70;"0,49";0;"69,51";12/04/2024
1019185244;11/04/2024 - 06:49:28;Débito;Pago;1/1;Visa;150;"1,05";0;"148,95";12/04/2024
1019200268;11/04/2024 - 07:09:51;Débito;Pago;1/1;Visa;50;"0,35";0;"49,65";12/04/2024
1019214236;11/04/2024 - 07:26:43;Débito;Pago;1/1;Visa;100;"0,7";0;"99,3";12/04/2024
1019216028;11/04/2024 - 07:28:52;Débito;Pago;1/1;Visa;50;"0,35";0;"49,65";12/04/2024
1019230884;11/04/2024 - 07:45:48;Débito;Pago;1/1;Visa;30;"0,21";0;"29,79";12/04/2024
1019241018;11/04/2024 - 07:56:34;Débito;Pago;1/1;Visa;30;"0,21";0;"29,79";12/04/2024
1019303384;11/04/2024 - 09:04:18;Débito;Pago;1/1;Visa;30;"0,21";0;"29,79";12/04/2024
1019223196;11/04/2024 - 07:36:53;Débito;Pago;1/1;Visa;100;"0,7";0;"99,3";12/04/2024
987417965;11/04/2024 - 07:13:09;Débito;Pago;1/1;Visa;"49,45";"0,35";0;"49,1";12/04/2024
987452819;11/04/2024 - 07:56:38;Débito;Pago;1/1;Visa;50;"0,35";0;"49,65";12/04/2024
987466037;11/04/2024 - 08:12:27;Débito;Pago;1/1;Visa;50;"0,35";0;"49,65";12/04/2024
987481945;11/04/2024 - 08:30:46;Débito;Pago;1/1;Visa;150;"1,05";0;"148,95";12/04/2024
987513331;11/04/2024 - 09:05:12;Débito;Pago;1/1;Visa;20;"0,14";0;"19,86";12/04/2024
987551717;11/04/2024 - 09:43:57;Débito;Pago;1/1;Visa;20;"0,14";0;"19,86";12/04/2024
987624383;11/04/2024 - 10:53:58;Débito;Pago;1/1;Visa;100;"0,7";0;"99,3";12/04/2024
987628129;11/04/2024 - 10:57:27;Débito;Pago;1/1;Visa;30;"0,21";0;"29,79";12/04/2024
987706743;11/04/2024 - 12:04:29;Débito;Pago;1/1;Visa;10;"0,07";0;"9,93";12/04/2024
987715935;11/04/2024 - 12:11:31;Débito;Pago;1/1;Visa;40;"0,28";0;"39,72";12/04/2024
987559153;11/04/2024 - 09:51:07;Débito;Pago;1/1;Visa;50;"0,35";0;"49,65";12/04/2024
987758409;11/04/2024 - 12:43:59;Débito;Pago;1/1;Visa;50;"0,35";0;"49,65";12/04/2024
987805127;11/04/2024 - 13:21:21;Débito;Pago;1/1;Visa;50;"0,35";0;"49,65";12/04/2024
987878385;11/04/2024 - 14:30:38;Débito;Pago;1/1;Visa;90;"0,63";0;"89,37";12/04/2024
987878939;11/04/2024 - 14:31:10;Débito;Pago;1/1;Visa;90;"0,63";0;"89,37";12/04/2024
987887731;11/04/2024 - 14:40:08;Débito;Pago;1/1;Visa;100;"0,7";0;"99,3";12/04/2024
987926463;11/04/2024 - 15:17:45;Débito;Pago;1/1;Visa;"4,4";"0,03";0;"4,37";12/04/2024
987945275;11/04/2024 - 15:34:56;Débito;Pago;1/1;Mastercard;20;"0,14";0;"19,86";12/04/2024
987948247;11/04/2024 - 15:37:37;Débito;Pago;1/1;Mastercard;100;"0,7";0;"99,3";12/04/2024
987899309;11/04/2024 - 14:52:02;Débito;Pago;1/1;Mastercard;20;"0,14";0;"19,86";12/04/2024
987812481;11/04/2024 - 13:27:43;Débito;Pago;1/1;Mastercard;50;"0,35";0;"49,65";12/04/2024
987840453;11/04/2024 - 13:52:47;Débito;Pago;1/1;Mastercard;100;"0,7";0;"99,3";12/04/2024
987867045;11/04/2024 - 14:18:51;Débito;Pago;1/1;Mastercard;"276,99";"1,94";0;"275,05";12/04/2024
987596869;11/04/2024 - 10:27:18;Débito;Pago;1/1;Mastercard;50;"0,35";0;"49,65";12/04/2024
987717235;11/04/2024 - 12:12:30;Débito;Pago;1/1;Mastercard;50;"0,35";0;"49,65";12/04/2024
987739229;11/04/2024 - 12:29:15;Débito;Pago;1/1;Mastercard;20;"0,14";0;"19,86";12/04/2024
987752761;11/04/2024 - 12:39:43;Débito;Pago;1/1;Mastercard;"203,17";"1,42";0;"201,75";12/04/2024
987635909;11/04/2024 - 11:05:00;Débito;Pago;1/1;Mastercard;100;"0,7";0;"99,3";12/04/2024
987666467;11/04/2024 - 11:32:09;Débito;Pago;1/1;Mastercard;150;"1,05";0;"148,95";12/04/2024
987673041;11/04/2024 - 11:37:41;Débito;Pago;1/1;Mastercard;9;"0,06";0;"8,94";12/04/2024
987678605;11/04/2024 - 11:42:16;Débito;Pago;1/1;Mastercard;50;"0,35";0;"49,65";12/04/2024
987687609;11/04/2024 - 11:49:36;Débito;Pago;1/1;Mastercard;150;"1,05";0;"148,95";12/04/2024
987698229;11/04/2024 - 11:57:57;Débito;Pago;1/1;Mastercard;20;"0,14";0;"19,86";12/04/2024
987520471;11/04/2024 - 09:12:53;Débito;Pago;1/1;Mastercard;50;"0,35";0;"49,65";12/04/2024
987536901;11/04/2024 - 09:29:33;Débito;Pago;1/1;Mastercard;50;"0,35";0;"49,65";12/04/2024
987510755;11/04/2024 - 09:02:36;Débito;Pago;1/1;Mastercard;30;"0,21";0;"29,79";12/04/2024
987466769;11/04/2024 - 08:13:23;Débito;Pago;1/1;Mastercard;100;"0,7";0;"99,3";12/04/2024
987423619;11/04/2024 - 07:20:23;Débito;Pago;1/1;Mastercard;50;"0,35";0;"49,65";12/04/2024
987424091;11/04/2024 - 07:20:59;Débito;Pago;1/1;Mastercard;150;"1,05";0;"148,95";12/04/2024
987426113;11/04/2024 - 07:23:40;Débito;Pago;1/1;Mastercard;50;"0,35";0;"49,65";12/04/2024
987426579;11/04/2024 - 07:24:16;Débito;Pago;1/1;Mastercard;30;"0,21";0;"29,79";12/04/2024
987406879;11/04/2024 - 06:57:08;Débito;Pago;1/1;Mastercard;"30,57";"0,21";0;"30,36";12/04/2024
987409005;11/04/2024 - 07:00:28;Débito;Pago;1/1;Mastercard;50;"0,35";0;"49,65";12/04/2024
987416359;11/04/2024 - 07:11:08;Débito;Pago;1/1;Mastercard;"245,03";"1,72";0;"243,31";12/04/2024
1019227570;11/04/2024 - 07:41:51;Débito;Pago;1/1;Mastercard;40;"0,28";0;"39,72";12/04/2024
1019324848;11/04/2024 - 09:25:24;Débito;Pago;1/1;Mastercard;50;"0,35";0;"49,65";12/04/2024
1019332980;11/04/2024 - 09:33:31;Débito;Pago;1/1;Mastercard;50;"0,35";0;"49,65";12/04/2024
1019252774;11/04/2024 - 08:09:36;Débito;Pago;1/1;Mastercard;50;"0,35";0;"49,65";12/04/2024
1019284362;11/04/2024 - 08:44:44;Débito;Pago;1/1;Mastercard;100;"0,7";0;"99,3";12/04/2024
1019219970;11/04/2024 - 07:33:21;Débito;Pago;1/1;Mastercard;100;"0,7";0;"99,3";12/04/2024
1019186264;11/04/2024 - 06:50:58;Débito;Pago;1/1;Mastercard;70;"0,49";0;"69,51";12/04/2024
988271995;11/04/2024 - 19:32:50;Débito;Pago;1/1;Mastercard;5;"0,04";0;"4,96";12/04/2024
988331325;11/04/2024 - 20:39:47;Débito;Pago;1/1;Mastercard;30;"0,21";0;"29,79";12/04/2024
1019725314;11/04/2024 - 15:17:53;Débito;Pago;1/1;Mastercard;30;"0,21";0;"29,79";12/04/2024
1019780358;11/04/2024 - 16:04:33;Débito;Pago;1/1;Mastercard;"57,9";"0,41";0;"57,49";12/04/2024
1019822470;11/04/2024 - 16:36:51;Débito;Pago;1/1;Mastercard;19;"0,13";0;"18,87";12/04/2024
1019822898;11/04/2024 - 16:37:11;Débito;Pago;1/1;Mastercard;2;"0,01";0;"1,99";12/04/2024
1019857754;11/04/2024 - 17:01:00;Débito;Pago;1/1;Mastercard;50;"0,35";0;"49,65";12/04/2024
1019890028;11/04/2024 - 17:20:29;Débito;Pago;1/1;Mastercard;70;"0,49";0;"69,51";12/04/2024
1019902030;11/04/2024 - 17:27:57;Débito;Pago;1/1;Mastercard;30;"0,21";0;"29,79";12/04/2024
1019905504;11/04/2024 - 17:30:01;Débito;Pago;1/1;Mastercard;50;"0,35";0;"49,65";12/04/2024
1019923676;11/04/2024 - 17:40:28;Débito;Pago;1/1;Mastercard;30;"0,21";0;"29,79";12/04/2024
988027239;11/04/2024 - 16:40:56;Débito;Pago;1/1;Mastercard;50;"0,35";0;"49,65";12/04/2024
988050939;11/04/2024 - 16:58:37;Débito;Pago;1/1;Mastercard;50;"0,35";0;"49,65";12/04/2024
988089521;11/04/2024 - 17:24:12;Débito;Pago;1/1;Mastercard;20;"0,14";0;"19,86";12/04/2024
988125791;11/04/2024 - 17:46:53;Débito;Pago;1/1;Mastercard;50;"0,35";0;"49,65";12/04/2024
988132173;11/04/2024 - 17:50:37;Débito;Pago;1/1;Mastercard;30;"0,21";0;"29,79";12/04/2024
988133525;11/04/2024 - 17:51:24;Débito;Pago;1/1;Mastercard;20;"0,14";0;"19,86";12/04/2024
988141605;11/04/2024 - 17:56:31;Débito;Pago;1/1;Mastercard;10;"0,07";0;"9,93";12/04/2024
988163101;11/04/2024 - 18:10:22;Débito;Pago;1/1;Mastercard;10;"0,07";0;"9,93";12/04/2024
1019362926;11/04/2024 - 10:03:22;Débito;Pago;1/1;Mastercard;24;"0,17";0;"23,83";12/04/2024
1019388824;11/04/2024 - 10:28:20;Débito;Pago;1/1;Mastercard;30;"0,21";0;"29,79";12/04/2024
1019396048;11/04/2024 - 10:35:10;Débito;Pago;1/1;Mastercard;19;"0,13";0;"18,87";12/04/2024
1019540352;11/04/2024 - 12:34:33;Débito;Pago;1/1;Mastercard;50;"0,35";0;"49,65";12/04/2024
1020130454;11/04/2024 - 20:13:09;Débito;Pago;1/1;Mastercard;50;"0,35";0;"49,65";12/04/2024
988366211;11/04/2024 - 21:33:43;Débito;Pago;1/1;Mastercard;20;"0,14";0;"19,86";12/04/2024
988374841;11/04/2024 - 21:50:19;Débito;Pago;1/1;Mastercard;30;"0,21";0;"29,79";12/04/2024
1020039758;11/04/2024 - 18:53:22;Débito;Pago;1/1;Mastercard;30;"0,21";0;"29,79";12/04/2024
988230903;11/04/2024 - 18:57:20;Débito;Pago;1/1;Elo;"2,52";"0,03";0;"2,49";12/04/2024
1019735238;11/04/2024 - 15:26:27;Débito;Pago;1/1;Elo;20;"0,21";0;"19,79";12/04/2024
987397409;11/04/2024 - 06:41:32;Débito;Pago;1/1;Elo;50;"0,52";0;"49,48";12/04/2024
987558823;11/04/2024 - 09:50:50;Débito;Pago;1/1;Elo;60;"0,62";0;"59,38";12/04/2024
987800625;11/04/2024 - 13:17:43;Débito;Pago;1/1;Elo;100;"1,04";0;"98,96";12/04/2024
987869747;11/04/2024 - 14:21:50;Débito;Pago;1/1;Elo;"166,14";"1,73";0;"164,41";12/04/2024
988514320;14/03/2024 - 21:18:11;Crédito;Pago;1/1;Visa;"180,78";"2,62";0;"178,16";15/04/2024
959310931;15/03/2024 - 14:14:43;Crédito;Pago;1/1;Visa;"210,85";"3,06";0;"207,79";15/04/2024
959292619;15/03/2024 - 13:58:06;Crédito;Pago;1/1;Visa;"208,85";"3,03";0;"205,82";15/04/2024
959778571;15/03/2024 - 19:31:30;Crédito;Pago;1/1;Visa;"219,8";"3,19";0;"216,61";15/04/2024
988910460;15/03/2024 - 10:40:27;Crédito;Pago;1/1;Visa;"211,91";"3,07";0;"208,84";15/04/2024
960195809;16/03/2024 - 09:01:24;Crédito;Pago;1/1;Visa;"249,26";"3,61";0;"245,65";15/04/2024
960211901;16/03/2024 - 09:13:27;Crédito;Pago;1/1;Visa;200;"2,9";0;"197,1";15/04/2024
960155753;16/03/2024 - 08:26:34;Crédito;Pago;1/1;Visa;"268,6";"3,89";0;"264,71";15/04/2024
990386708;16/03/2024 - 11:05:21;Crédito;Pago;1/1;Visa;"184,5";"2,68";0;"181,82";15/04/2024
989158679;12/04/2024 - 16:50:59;Crédito;Pago;1/1;Visa;20;"0,29";0;"19,71";15/04/2024
1021118238;12/04/2024 - 17:41:56;Crédito;Pago;1/1;Visa;10;"0,14";0;"9,86";15/04/2024
1022587540;13/04/2024 - 18:18:56;Crédito;Pago;1/1;Visa;100;"1,45";0;"98,55";15/04/2024
991084593;14/04/2024 - 09:49:22;Crédito;Pago;1/1;Visa;80;"1,16";0;"78,84";15/04/2024
1023003436;14/04/2024 - 08:01:36;Crédito;Pago;1/1;Visa;100;"1,45";0;"98,55";15/04/2024
989034723;12/04/2024 - 15:19:31;Crédito;Pago;1/1;Visa;"87,33";"1,27";0;"86,06";15/04/2024
991168571;14/04/2024 - 10:59:18;Crédito;Pago;1/1;Mastercard;"80,45";"1,17";0;"79,28";15/04/2024
990685771;13/04/2024 - 19:04:11;Crédito;Pago;1/1;Mastercard;"120,9";"1,75";0;"119,15";15/04/2024
990460859;13/04/2024 - 16:11:06;Crédito;Pago;1/1;Mastercard;6;"0,09";0;"5,91";15/04/2024
991136400;16/03/2024 - 19:00:36;Crédito;Pago;1/1;Mastercard;"207,57";"3,01";0;"204,56";15/04/2024
990106108;16/03/2024 - 08:01:44;Crédito;Pago;1/1;Mastercard;"402,19";"5,83";0;"396,36";15/04/2024
989676458;15/03/2024 - 18:57:44;Crédito;Pago;1/1;Mastercard;"312,72";"4,53";0;"308,19";15/04/2024
989574540;15/03/2024 - 18:02:15;Crédito;Pago;1/1;Mastercard;"176,48";"2,56";0;"173,92";15/04/2024
959650493;15/03/2024 - 18:11:10;Crédito;Pago;1/1;Mastercard;"178,6";"2,59";0;"176,01";15/04/2024
959283001;15/03/2024 - 13:49:21;Crédito;Pago;1/1;Mastercard;"235,54";"3,42";0;"232,12";15/04/2024
988103132;14/03/2024 - 17:35:42;Crédito;Pago;1/1;Mastercard;"271,26";"3,93";0;"267,33";15/04/2024
988221436;14/03/2024 - 18:21:51;Crédito;Pago;1/1;Mastercard;"178,04";"2,58";0;"175,46";15/04/2024
987993970;14/03/2024 - 16:51:11;Crédito;Pago;1/1;Mastercard;"237,6";"3,45";0;"234,15";15/04/2024
987753894;14/03/2024 - 14:49:17;Crédito;Pago;1/1;Mastercard;"177,01";"2,57";0;"174,44";15/04/2024
987110448;14/03/2024 - 08:05:59;Crédito;Pago;1/1;Mastercard;"195,57";"2,84";0;"192,73";15/04/2024
987366178;14/03/2024 - 11:12:06;Crédito;Pago;1/1;Mastercard;"217,59";"3,16";0;"214,43";15/04/2024
989105095;12/04/2024 - 16:15:02;Débito;Pago;1/1;Visa;50;"0,35";0;"49,65";15/04/2024
1023080460;14/04/2024 - 09:34:42;Débito;Pago;1/1;Visa;"201,11";"1,41";0;"199,7";15/04/2024
1023098162;14/04/2024 - 09:50:27;Débito;Pago;1/1;Visa;"101,44";"0,71";0;"100,73";15/04/2024
1023235638;14/04/2024 - 11:30:27;Débito;Pago;1/1;Visa;"284,5";"1,99";0;"282,51";15/04/2024
1023367638;14/04/2024 - 13:00:27;Débito;Pago;1/1;Visa;100;"0,7";0;"99,3";15/04/2024
1023355224;14/04/2024 - 12:50:30;Débito;Pago;1/1;Visa;50;"0,35";0;"49,65";15/04/2024
1023559020;14/04/2024 - 16:30:11;Débito;Pago;1/1;Visa;4;"0,03";0;"3,97";15/04/2024
1023567394;14/04/2024 - 16:39:49;Débito;Pago;1/1;Visa;50;"0,35";0;"49,65";15/04/2024
991436273;14/04/2024 - 14:51:52;Débito;Pago;1/1;Visa;"186,15";"1,3";0;"184,85";15/04/2024
991154147;14/04/2024 - 10:48:02;Débito;Pago;1/1;Visa;100;"0,7";0;"99,3";15/04/2024
991164655;14/04/2024 - 10:56:22;Débito;Pago;1/1;Visa;"325,11";"2,28";0;"322,83";15/04/2024
990976815;14/04/2024 - 07:06:11;Débito;Pago;1/1;Visa;50;"0,35";0;"49,65";15/04/2024
991423711;14/04/2024 - 14:34:58;Débito;Pago;1/1;Visa;20;"0,14";0;"19,86";15/04/2024
990541343;13/04/2024 - 17:13:46;Débito;Pago;1/1;Visa;20;"0,14";0;"19,86";15/04/2024
990514565;13/04/2024 - 16:53:05;Débito;Pago;1/1;Visa;30;"0,21";0;"29,79";15/04/2024
990628195;13/04/2024 - 18:19:02;Débito;Pago;1/1;Visa;100;"0,7";0;"99,3";15/04/2024
990642907;13/04/2024 - 18:30:15;Débito;Pago;1/1;Visa;"225,75";"1,58";0;"224,17";15/04/2024
1021666480;13/04/2024 - 08:23:49;Débito;Pago;1/1;Visa;15;"0,1";0;"14,9";15/04/2024
1021724512;13/04/2024 - 09:11:23;Débito;Pago;1/1;Visa;"12,04";"0,08";0;"11,96";15/04/2024
1021725378;13/04/2024 - 09:12:03;Débito;Pago;1/1;Visa;150;"1,05";0;"148,95";15/04/2024
1021774752;13/04/2024 - 09:45:24;Débito;Pago;1/1;Visa;20;"0,14";0;"19,86";15/04/2024
1021781364;13/04/2024 - 09:49:39;Débito;Pago;1/1;Visa;100;"0,7";0;"99,3";15/04/2024
1021837248;13/04/2024 - 10:23:46;Débito;Pago;1/1;Visa;30;"0,21";0;"29,79";15/04/2024
1021841386;13/04/2024 - 10:26:20;Débito;Pago;1/1;Visa;"144,09";"1,01";0;"143,08";15/04/2024
1022134434;13/04/2024 - 12:59:37;Débito;Pago;1/1;Visa;70;"0,49";0;"69,51";15/04/2024
1022139264;13/04/2024 - 13:02:29;Débito;Pago;1/1;Visa;"99,12";"0,69";0;"98,43";15/04/2024
1022141724;13/04/2024 - 13:03:52;Débito;Pago;1/1;Visa;30;"0,21";0;"29,79";15/04/2024
1021734466;13/04/2024 - 09:18:37;Débito;Pago;1/1;Visa;30;"0,21";0;"29,79";15/04/2024
1022191444;13/04/2024 - 13:34:00;Débito;Pago;1/1;Visa;60;"0,42";0;"59,58";15/04/2024
1022200212;13/04/2024 - 13:39:36;Débito;Pago;1/1;Visa;4;"0,03";0;"3,97";15/04/2024
1022232408;13/04/2024 - 14:01:36;Débito;Pago;1/1;Visa;30;"0,21";0;"29,79";15/04/2024
1022281954;13/04/2024 - 14:37:32;Débito;Pago;1/1;Visa;100;"0,7";0;"99,3";15/04/2024
1022297310;13/04/2024 - 14:49:02;Débito;Pago;1/1;Visa;50;"0,35";0;"49,65";15/04/2024
1022314508;13/04/2024 - 15:01:57;Débito;Pago;1/1;Visa;120;"0,84";0;"119,16";15/04/2024
1022443582;13/04/2024 - 16:36:49;Débito;Pago;1/1;Visa;50;"0,35";0;"49,65";15/04/2024
1022514340;13/04/2024 - 17:27:23;Débito;Pago;1/1;Visa;"108,56";"0,76";0;"107,8";15/04/2024
1021174296;12/04/2024 - 18:12:07;Débito;Pago;1/1;Visa;"30,73";"0,22";0;"30,51";15/04/2024
989672475;13/04/2024 - 06:23:42;Débito;Pago;1/1;Visa;50;"0,35";0;"49,65";15/04/2024
989673289;13/04/2024 - 06:26:19;Débito;Pago;1/1;Visa;"49,8";"0,35";0;"49,45";15/04/2024
989675629;13/04/2024 - 06:32:43;Débito;Pago;1/1;Visa;100;"0,7";0;"99,3";15/04/2024
989688961;13/04/2024 - 07:02:49;Débito;Pago;1/1;Visa;50;"0,35";0;"49,65";15/04/2024
989852593;13/04/2024 - 09:46:08;Débito;Pago;1/1;Visa;6;"0,04";0;"5,96";15/04/2024
989873767;13/04/2024 - 09:59:48;Débito;Pago;1/1;Visa;"17,01";"0,12";0;"16,89";15/04/2024
989942441;13/04/2024 - 10:40:16;Débito;Pago;1/1;Visa;50;"0,35";0;"49,65";15/04/2024
989944241;13/04/2024 - 10:41:16;Débito;Pago;1/1;Visa;50;"0,35";0;"49,65";15/04/2024
990135609;13/04/2024 - 12:22:05;Débito;Pago;1/1;Visa;50;"0,35";0;"49,65";15/04/2024
990139923;13/04/2024 - 12:24:18;Débito;Pago;1/1;Visa;"119,66";"0,84";0;"118,82";15/04/2024
990141861;13/04/2024 - 12:25:20;Débito;Pago;1/1;Visa;100;"0,7";0;"99,3";15/04/2024
990146173;13/04/2024 - 12:27:32;Débito;Pago;1/1;Visa;30;"0,21";0;"29,79";15/04/2024
990279035;13/04/2024 - 13:49:33;Débito;Pago;1/1;Visa;100;"0,7";0;"99,3";15/04/2024
990430507;13/04/2024 - 15:46:57;Débito;Pago;1/1;Visa;30;"0,21";0;"29,79";15/04/2024
990290921;13/04/2024 - 13:58:10;Débito;Pago;1/1;Visa;100;"0,7";0;"99,3";15/04/2024
989314337;12/04/2024 - 18:23:30;Débito;Pago;1/1;Visa;40;"0,28";0;"39,72";15/04/2024
989510541;12/04/2024 - 20:57:17;Débito;Pago;1/1;Visa;20;"0,14";0;"19,86";15/04/2024
1020351612;12/04/2024 - 07:51:38;Débito;Pago;1/1;Visa;100;"0,7";0;"99,3";15/04/2024
1020361264;12/04/2024 - 08:02:04;Débito;Pago;1/1;Visa;"30,49";"0,21";0;"30,28";15/04/2024
1020400678;12/04/2024 - 08:43:36;Débito;Pago;1/1;Visa;100;"0,7";0;"99,3";15/04/2024
1020407786;12/04/2024 - 08:50:49;Débito;Pago;1/1;Visa;"142,65";1;0;"141,65";15/04/2024
1020462536;12/04/2024 - 09:41:29;Débito;Pago;1/1;Visa;20;"0,14";0;"19,86";15/04/2024
989388075;12/04/2024 - 19:13:32;Débito;Pago;1/1;Visa;50;"0,35";0;"49,65";15/04/2024
1020697390;12/04/2024 - 12:45:16;Débito;Pago;1/1;Visa;20;"0,14";0;"19,86";15/04/2024
1020909914;12/04/2024 - 15:34:37;Débito;Pago;1/1;Visa;43;"0,3";0;"42,7";15/04/2024
1021070288;12/04/2024 - 17:16:54;Débito;Pago;1/1;Visa;50;"0,35";0;"49,65";15/04/2024
988525289;12/04/2024 - 08:07:37;Débito;Pago;1/1;Visa;20;"0,14";0;"19,86";15/04/2024
988684859;12/04/2024 - 10:37:49;Débito;Pago;1/1;Visa;"57,6";"0,4";0;"57,2";15/04/2024
988691737;12/04/2024 - 10:44:01;Débito;Pago;1/1;Visa;125;"0,88";0;"124,12";15/04/2024
988803425;12/04/2024 - 12:11:51;Débito;Pago;1/1;Visa;"15,39";"0,11";0;"15,28";15/04/2024
988819463;12/04/2024 - 12:23:33;Débito;Pago;1/1;Visa;20;"0,14";0;"19,86";15/04/2024
988633223;12/04/2024 - 09:52:54;Débito;Pago;1/1;Visa;100;"0,7";0;"99,3";15/04/2024
988728553;12/04/2024 - 11:14:17;Débito;Pago;1/1;Visa;"17,43";"0,12";0;"17,31";15/04/2024
989016911;12/04/2024 - 15:04:21;Débito;Pago;1/1;Visa;30;"0,21";0;"29,79";15/04/2024
989028835;12/04/2024 - 15:14:18;Débito;Pago;1/1;Mastercard;"90,29";"0,63";0;"89,66";15/04/2024
988746391;12/04/2024 - 11:29:08;Débito;Pago;1/1;Mastercard;100;"0,7";0;"99,3";15/04/2024
988682225;12/04/2024 - 10:35:35;Débito;Pago;1/1;Mastercard;"683,57";"4,78";0;"678,79";15/04/2024
988853811;12/04/2024 - 12:48:16;Débito;Pago;1/1;Mastercard;10;"0,07";0;"9,93";15/04/2024
988855497;12/04/2024 - 12:49:33;Débito;Pago;1/1;Mastercard;"20,67";"0,14";0;"20,53";15/04/2024
988864079;12/04/2024 - 12:55:55;Débito;Pago;1/1;Mastercard;50;"0,35";0;"49,65";15/04/2024
988876649;12/04/2024 - 13:05:29;Débito;Pago;1/1;Mastercard;100;"0,7";0;"99,3";15/04/2024
988909297;12/04/2024 - 13:30:38;Débito;Pago;1/1;Mastercard;30;"0,21";0;"29,79";15/04/2024
988936669;12/04/2024 - 13:54:16;Débito;Pago;1/1;Mastercard;50;"0,35";0;"49,65";15/04/2024
988939269;12/04/2024 - 13:56:25;Débito;Pago;1/1;Mastercard;50;"0,35";0;"49,65";15/04/2024
988954345;12/04/2024 - 14:09:36;Débito;Pago;1/1;Mastercard;10;"0,07";0;"9,93";15/04/2024
988961509;12/04/2024 - 14:15:48;Débito;Pago;1/1;Mastercard;20;"0,14";0;"19,86";15/04/2024
988968541;12/04/2024 - 14:22:03;Débito;Pago;1/1;Mastercard;50;"0,35";0;"49,65";15/04/2024
988973091;12/04/2024 - 14:26:00;Débito;Pago;1/1;Mastercard;15;"0,1";0;"14,9";15/04/2024
988996355;12/04/2024 - 14:46:14;Débito;Pago;1/1;Mastercard;20;"0,14";0;"19,86";15/04/2024
989005201;12/04/2024 - 14:54:10;Débito;Pago;1/1;Mastercard;60;"0,42";0;"59,58";15/04/2024
988713215;12/04/2024 - 11:02:15;Débito;Pago;1/1;Mastercard;50;"0,35";0;"49,65";15/04/2024
988543581;12/04/2024 - 08:27:10;Débito;Pago;1/1;Mastercard;60;"0,42";0;"59,58";15/04/2024
988442979;12/04/2024 - 06:15:49;Débito;Pago;1/1;Mastercard;"25,3";"0,18";0;"25,12";15/04/2024
988520363;12/04/2024 - 08:02:32;Débito;Pago;1/1;Mastercard;"148,61";"1,04";0;"147,57";15/04/2024
988523849;12/04/2024 - 08:06:00;Débito;Pago;1/1;Mastercard;"22,99";"0,16";0;"22,83";15/04/2024
1020349012;12/04/2024 - 07:48:52;Débito;Pago;1/1;Mastercard;40;"0,28";0;"39,72";15/04/2024
1020757064;12/04/2024 - 13:28:59;Débito;Pago;1/1;Mastercard;20;"0,14";0;"19,86";15/04/2024
1020910892;12/04/2024 - 15:35:19;Débito;Pago;1/1;Mastercard;5;"0,04";0;"4,96";15/04/2024
1020935992;12/04/2024 - 15:53:26;Débito;Pago;1/1;Mastercard;50;"0,35";0;"49,65";15/04/2024
1020943546;12/04/2024 - 15:58:58;Débito;Pago;1/1;Mastercard;25;"0,18";0;"24,82";15/04/2024
1020957248;12/04/2024 - 16:08:26;Débito;Pago;1/1;Mastercard;"239,47";"1,68";0;"237,79";15/04/2024
1020961188;12/04/2024 - 16:11:12;Débito;Pago;1/1;Mastercard;"180,76";"1,27";0;"179,49";15/04/2024
1020969638;12/04/2024 - 16:16:38;Débito;Pago;1/1;Mastercard;50;"0,35";0;"49,65";15/04/2024
1020971938;12/04/2024 - 16:18:05;Débito;Pago;1/1;Mastercard;30;"0,21";0;"29,79";15/04/2024
1020988642;12/04/2024 - 16:28:29;Débito;Pago;1/1;Mastercard;10;"0,07";0;"9,93";15/04/2024
1020699396;12/04/2024 - 12:46:37;Débito;Pago;1/1;Mastercard;40;"0,28";0;"39,72";15/04/2024
1020722532;12/04/2024 - 13:03:06;Débito;Pago;1/1;Mastercard;"46,09";"0,32";0;"45,77";15/04/2024
1020725778;12/04/2024 - 13:05:28;Débito;Pago;1/1;Mastercard;50;"0,35";0;"49,65";15/04/2024
1020613038;12/04/2024 - 11:45:10;Débito;Pago;1/1;Mastercard;20;"0,14";0;"19,86";15/04/2024
1020623256;12/04/2024 - 11:53:02;Débito;Pago;1/1;Mastercard;"354,17";"2,48";0;"351,69";15/04/2024
1020692134;12/04/2024 - 12:41:44;Débito;Pago;1/1;Mastercard;"48,85";"0,34";0;"48,51";15/04/2024
1020377502;12/04/2024 - 08:19:13;Débito;Pago;1/1;Mastercard;60;"0,42";0;"59,58";15/04/2024
1020396026;12/04/2024 - 08:38:33;Débito;Pago;1/1;Mastercard;100;"0,7";0;"99,3";15/04/2024
1020277744;12/04/2024 - 06:13:25;Débito;Pago;1/1;Mastercard;80;"0,56";0;"79,44";15/04/2024
1020287516;12/04/2024 - 06:33:49;Débito;Pago;1/1;Mastercard;30;"0,21";0;"29,79";15/04/2024
1020302962;12/04/2024 - 06:56:55;Débito;Pago;1/1;Mastercard;50;"0,35";0;"49,65";15/04/2024
1020320230;12/04/2024 - 07:18:01;Débito;Pago;1/1;Mastercard;40;"0,28";0;"39,72";15/04/2024
1020329908;12/04/2024 - 07:28:56;Débito;Pago;1/1;Mastercard;50;"0,35";0;"49,65";15/04/2024
989406615;12/04/2024 - 19:26:45;Débito;Pago;1/1;Mastercard;200;"1,4";0;"198,6";15/04/2024
989410421;12/04/2024 - 19:29:29;Débito;Pago;1/1;Mastercard;"1,32";"0,01";0;"1,31";15/04/2024
989446909;12/04/2024 - 19:58:36;Débito;Pago;1/1;Mastercard;20;"0,14";0;"19,86";15/04/2024
989477221;12/04/2024 - 20:25:15;Débito;Pago;1/1;Mastercard;"73,88";"0,52";0;"73,36";15/04/2024
989484735;12/04/2024 - 20:32:15;Débito;Pago;1/1;Mastercard;200;"1,4";0;"198,6";15/04/2024
989508811;12/04/2024 - 20:55:32;Débito;Pago;1/1;Mastercard;"216,78";"1,52";0;"215,26";15/04/2024
989352791;12/04/2024 - 18:48:31;Débito;Pago;1/1;Mastercard;40;"0,28";0;"39,72";15/04/2024
990401713;13/04/2024 - 15:23:48;Débito;Pago;1/1;Mastercard;"47,48";"0,33";0;"47,15";15/04/2024
990294705;13/04/2024 - 14:00:53;Débito;Pago;1/1;Mastercard;100;"0,7";0;"99,3";15/04/2024
990312675;13/04/2024 - 14:14:11;Débito;Pago;1/1;Mastercard;100;"0,7";0;"99,3";15/04/2024
990370125;13/04/2024 - 14:58:20;Débito;Pago;1/1;Mastercard;100;"0,7";0;"99,3";15/04/2024
990447965;13/04/2024 - 16:00:50;Débito;Pago;1/1;Mastercard;40;"0,28";0;"39,72";15/04/2024
990450033;13/04/2024 - 16:02:29;Débito;Pago;1/1;Mastercard;20;"0,14";0;"19,86";15/04/2024
990453837;13/04/2024 - 16:05:32;Débito;Pago;1/1;Mastercard;150;"1,05";0;"148,95";15/04/2024
989165183;12/04/2024 - 16:55:03;Débito;Pago;1/1;Mastercard;14;"0,1";0;"13,9";15/04/2024
989229517;12/04/2024 - 17:33:48;Débito;Pago;1/1;Mastercard;"203,58";"1,43";0;"202,15";15/04/2024
989234475;12/04/2024 - 17:36:49;Débito;Pago;1/1;Mastercard;100;"0,7";0;"99,3";15/04/2024
989289155;12/04/2024 - 18:07:55;Débito;Pago;1/1;Mastercard;50;"0,35";0;"49,65";15/04/2024
989307115;12/04/2024 - 18:18:49;Débito;Pago;1/1;Mastercard;20;"0,14";0;"19,86";15/04/2024
990281965;13/04/2024 - 13:51:41;Débito;Pago;1/1;Mastercard;50;"0,35";0;"49,65";15/04/2024
989912049;13/04/2024 - 10:22:58;Débito;Pago;1/1;Mastercard;"36,48";"0,26";0;"36,22";15/04/2024
989922491;13/04/2024 - 10:28:45;Débito;Pago;1/1;Mastercard;30;"0,21";0;"29,79";15/04/2024
989931743;13/04/2024 - 10:34:05;Débito;Pago;1/1;Mastercard;50;"0,35";0;"49,65";15/04/2024
990163155;13/04/2024 - 12:36:30;Débito;Pago;1/1;Mastercard;"20,03";"0,14";0;"19,89";15/04/2024
990185261;13/04/2024 - 12:48:42;Débito;Pago;1/1;Mastercard;15;"0,1";0;"14,9";15/04/2024
990213055;13/04/2024 - 13:05:04;Débito;Pago;1/1;Mastercard;60;"0,42";0;"59,58";15/04/2024
989961461;13/04/2024 - 10:50:59;Débito;Pago;1/1;Mastercard;15;"0,1";0;"14,9";15/04/2024
989979267;13/04/2024 - 11:01:07;Débito;Pago;1/1;Mastercard;"142,62";1;0;"141,62";15/04/2024
989980645;13/04/2024 - 11:01:48;Débito;Pago;1/1;Mastercard;"28,6";"0,2";0;"28,4";15/04/2024
990033789;13/04/2024 - 11:29:53;Débito;Pago;1/1;Mastercard;30;"0,21";0;"29,79";15/04/2024
990110883;13/04/2024 - 12:09:25;Débito;Pago;1/1;Mastercard;20;"0,14";0;"19,86";15/04/2024
990114765;13/04/2024 - 12:11:27;Débito;Pago;1/1;Mastercard;"220,77";"1,55";0;"219,22";15/04/2024
989865179;13/04/2024 - 09:54:25;Débito;Pago;1/1;Mastercard;30;"0,21";0;"29,79";15/04/2024
989763483;13/04/2024 - 08:36:16;Débito;Pago;1/1;Mastercard;"115,8";"0,81";0;"114,99";15/04/2024
989766427;13/04/2024 - 08:39:14;Débito;Pago;1/1;Mastercard;30;"0,21";0;"29,79";15/04/2024
989769723;13/04/2024 - 08:42:00;Débito;Pago;1/1;Mastercard;50;"0,35";0;"49,65";15/04/2024
989678693;13/04/2024 - 06:40:26;Débito;Pago;1/1;Mastercard;100;"0,7";0;"99,3";15/04/2024
989682699;13/04/2024 - 06:50:04;Débito;Pago;1/1;Mastercard;50;"0,35";0;"49,65";15/04/2024
989688651;13/04/2024 - 07:02:11;Débito;Pago;1/1;Mastercard;"21,94";"0,15";0;"21,79";15/04/2024
1021203206;12/04/2024 - 18:28:12;Débito;Pago;1/1;Mastercard;50;"0,35";0;"49,65";15/04/2024
1021214072;12/04/2024 - 18:34:24;Débito;Pago;1/1;Mastercard;15;"0,1";0;"14,9";15/04/2024
1021226304;12/04/2024 - 18:41:48;Débito;Pago;1/1;Mastercard;"35,15";"0,25";0;"34,9";15/04/2024
1021240476;12/04/2024 - 18:50:25;Débito;Pago;1/1;Mastercard;"100,46";"0,7";0;"99,76";15/04/2024
1021195298;12/04/2024 - 18:23:50;Débito;Pago;1/1;Mastercard;15;"0,1";0;"14,9";15/04/2024
991249897;14/04/2024 - 11:54:53;Débito;Pago;1/1;Mastercard;15;"0,1";0;"14,9";15/04/2024
1021133300;12/04/2024 - 17:49:59;Débito;Pago;1/1;Mastercard;"17,2";"0,12";0;"17,08";15/04/2024
1022557434;13/04/2024 - 17:58:15;Débito;Pago;1/1;Mastercard;15;"0,1";0;"14,9";15/04/2024
1022496166;13/04/2024 - 17:14:29;Débito;Pago;1/1;Mastercard;50;"0,35";0;"49,65";15/04/2024
1021261566;12/04/2024 - 19:03:57;Débito;Pago;1/1;Mastercard;"217,3";"1,52";0;"215,78";15/04/2024
1021296902;12/04/2024 - 19:28:23;Débito;Pago;1/1;Mastercard;30;"0,21";0;"29,79";15/04/2024
1021314422;12/04/2024 - 19:40:46;Débito;Pago;1/1;Mastercard;60;"0,42";0;"59,58";15/04/2024
1021316690;12/04/2024 - 19:42:22;Débito;Pago;1/1;Mastercard;20;"0,14";0;"19,86";15/04/2024
1021317448;12/04/2024 - 19:42:54;Débito;Pago;1/1;Mastercard;"110,47";"0,77";0;"109,7";15/04/2024
1021395708;12/04/2024 - 20:48:54;Débito;Pago;1/1;Mastercard;50;"0,35";0;"49,65";15/04/2024
989515007;12/04/2024 - 21:01:59;Débito;Pago;1/1;Mastercard;50;"0,35";0;"49,65";15/04/2024
989541931;12/04/2024 - 21:32:04;Débito;Pago;1/1;Mastercard;20;"0,14";0;"19,86";15/04/2024
989543597;12/04/2024 - 21:33:53;Débito;Pago;1/1;Mastercard;20;"0,14";0;"19,86";15/04/2024
1022381708;13/04/2024 - 15:51:58;Débito;Pago;1/1;Mastercard;"175,67";"1,23";0;"174,44";15/04/2024
1022407702;13/04/2024 - 16:11:03;Débito;Pago;1/1;Mastercard;100;"0,7";0;"99,3";15/04/2024
1022262962;13/04/2024 - 14:23:11;Débito;Pago;1/1;Mastercard;30;"0,21";0;"29,79";15/04/2024
1022272816;13/04/2024 - 14:30:32;Débito;Pago;1/1;Mastercard;50;"0,35";0;"49,65";15/04/2024
1022220988;13/04/2024 - 13:53:38;Débito;Pago;1/1;Mastercard;"19,99";"0,14";0;"19,85";15/04/2024
1022226336;13/04/2024 - 13:57:23;Débito;Pago;1/1;Mastercard;65;"0,46";0;"64,54";15/04/2024
1021844688;13/04/2024 - 10:28:21;Débito;Pago;1/1;Mastercard;50;"0,35";0;"49,65";15/04/2024
1021907572;13/04/2024 - 11:02:29;Débito;Pago;1/1;Mastercard;"29,99";"0,21";0;"29,78";15/04/2024
1021911580;13/04/2024 - 11:04:42;Débito;Pago;1/1;Mastercard;30;"0,21";0;"29,79";15/04/2024
1021927342;13/04/2024 - 11:12:59;Débito;Pago;1/1;Mastercard;10;"0,07";0;"9,93";15/04/2024
1021930174;13/04/2024 - 11:14:31;Débito;Pago;1/1;Mastercard;100;"0,7";0;"99,3";15/04/2024
1021958808;13/04/2024 - 11:29:14;Débito;Pago;1/1;Mastercard;20;"0,14";0;"19,86";15/04/2024
1022111240;13/04/2024 - 12:46:43;Débito;Pago;1/1;Mastercard;10;"0,07";0;"9,93";15/04/2024
1022115348;13/04/2024 - 12:48:54;Débito;Pago;1/1;Mastercard;10;"0,07";0;"9,93";15/04/2024
1021796692;13/04/2024 - 09:59:28;Débito;Pago;1/1;Mastercard;100;"0,7";0;"99,3";15/04/2024
1021811548;13/04/2024 - 10:08:34;Débito;Pago;1/1;Mastercard;50;"0,35";0;"49,65";15/04/2024
1021727250;13/04/2024 - 09:13:28;Débito;Pago;1/1;Mastercard;100;"0,7";0;"99,3";15/04/2024
990679967;13/04/2024 - 18:59:33;Débito;Pago;1/1;Mastercard;15;"0,1";0;"14,9";15/04/2024
990706761;13/04/2024 - 19:21:13;Débito;Pago;1/1;Mastercard;20;"0,14";0;"19,86";15/04/2024
1021687228;13/04/2024 - 08:42:12;Débito;Pago;1/1;Mastercard;50;"0,35";0;"49,65";15/04/2024
1021688138;13/04/2024 - 08:43:00;Débito;Pago;1/1;Mastercard;100;"0,7";0;"99,3";15/04/2024
1021689652;13/04/2024 - 08:44:19;Débito;Pago;1/1;Mastercard;"172,13";"1,2";0;"170,93";15/04/2024
1021705880;13/04/2024 - 08:57:22;Débito;Pago;1/1;Mastercard;50;"0,35";0;"49,65";15/04/2024
990729325;13/04/2024 - 19:40:21;Débito;Pago;1/1;Mastercard;100;"0,7";0;"99,3";15/04/2024
990745563;13/04/2024 - 19:54:56;Débito;Pago;1/1;Mastercard;50;"0,35";0;"49,65";15/04/2024
1021639168;13/04/2024 - 07:56:01;Débito;Pago;1/1;Mastercard;30;"0,21";0;"29,79";15/04/2024
1021641154;13/04/2024 - 07:58:14;Débito;Pago;1/1;Mastercard;50;"0,35";0;"49,65";15/04/2024
1021652322;13/04/2024 - 08:10:06;Débito;Pago;1/1;Mastercard;20;"0,14";0;"19,86";15/04/2024
990646409;13/04/2024 - 18:33:02;Débito;Pago;1/1;Mastercard;"22,9";"0,16";0;"22,74";15/04/2024
990528867;13/04/2024 - 17:04:07;Débito;Pago;1/1;Mastercard;50;"0,35";0;"49,65";15/04/2024
990531467;13/04/2024 - 17:06:12;Débito;Pago;1/1;Mastercard;50;"0,35";0;"49,65";15/04/2024
990599703;13/04/2024 - 17:57:07;Débito;Pago;1/1;Mastercard;40;"0,28";0;"39,72";15/04/2024
990612515;13/04/2024 - 18:07:14;Débito;Pago;1/1;Mastercard;"314,34";"2,2";0;"312,14";15/04/2024
990553253;13/04/2024 - 17:22:52;Débito;Pago;1/1;Mastercard;120;"0,84";0;"119,16";15/04/2024
990555769;13/04/2024 - 17:24:41;Débito;Pago;1/1;Mastercard;50;"0,35";0;"49,65";15/04/2024
991427581;14/04/2024 - 14:40:00;Débito;Pago;1/1;Mastercard;16;"0,11";0;"15,89";15/04/2024
991114371;14/04/2024 - 10:15:55;Débito;Pago;1/1;Mastercard;"157,55";"1,1";0;"156,45";15/04/2024
990999179;14/04/2024 - 08:01:46;Débito;Pago;1/1;Mastercard;150;"1,05";0;"148,95";15/04/2024
991009615;14/04/2024 - 08:20:03;Débito;Pago;1/1;Mastercard;50;"0,35";0;"49,65";15/04/2024
991020411;14/04/2024 - 08:36:16;Débito;Pago;1/1;Mastercard;"35,15";"0,25";0;"34,9";15/04/2024
991045693;14/04/2024 - 09:08:38;Débito;Pago;1/1;Mastercard;50;"0,35";0;"49,65";15/04/2024
991061129;14/04/2024 - 09:25:43;Débito;Pago;1/1;Mastercard;150;"1,05";0;"148,95";15/04/2024
991065461;14/04/2024 - 09:29:47;Débito;Pago;1/1;Mastercard;"22,06";"0,15";0;"21,91";15/04/2024
991075379;14/04/2024 - 09:40:11;Débito;Pago;1/1;Mastercard;100;"0,7";0;"99,3";15/04/2024
991080557;14/04/2024 - 09:45:25;Débito;Pago;1/1;Mastercard;50;"0,35";0;"49,65";15/04/2024
991081743;14/04/2024 - 09:46:34;Débito;Pago;1/1;Mastercard;10;"0,07";0;"9,93";15/04/2024
990470639;13/04/2024 - 16:18:45;Débito;Pago;1/1;Mastercard;80;"0,56";0;"79,44";15/04/2024
991165753;14/04/2024 - 10:57:15;Débito;Pago;1/1;Mastercard;20;"0,14";0;"19,86";15/04/2024
1022588890;13/04/2024 - 18:19:51;Débito;Pago;1/1;Mastercard;100;"0,7";0;"99,3";15/04/2024
1022644468;13/04/2024 - 18:59:04;Débito;Pago;1/1;Mastercard;20;"0,14";0;"19,86";15/04/2024
1022655124;13/04/2024 - 19:07:07;Débito;Pago;1/1;Mastercard;50;"0,35";0;"49,65";15/04/2024
1022672544;13/04/2024 - 19:21:07;Débito;Pago;1/1;Mastercard;20;"0,14";0;"19,86";15/04/2024
1022691532;13/04/2024 - 19:36:04;Débito;Pago;1/1;Mastercard;30;"0,21";0;"29,79";15/04/2024
1022740490;13/04/2024 - 20:16:15;Débito;Pago;1/1;Mastercard;50;"0,35";0;"49,65";15/04/2024
1022817436;13/04/2024 - 21:31:12;Débito;Pago;1/1;Mastercard;"262,92";"1,84";0;"261,08";15/04/2024
1022832238;13/04/2024 - 21:48:21;Débito;Pago;1/1;Mastercard;30;"0,21";0;"29,79";15/04/2024
991457889;14/04/2024 - 15:19:38;Débito;Pago;1/1;Mastercard;30;"0,21";0;"29,79";15/04/2024
991474443;14/04/2024 - 15:41:03;Débito;Pago;1/1;Mastercard;20;"0,14";0;"19,86";15/04/2024
991486399;14/04/2024 - 15:55:57;Débito;Pago;1/1;Mastercard;30;"0,21";0;"29,79";15/04/2024
991488175;14/04/2024 - 15:58:08;Débito;Pago;1/1;Mastercard;45;"0,32";0;"44,68";15/04/2024
1022998830;14/04/2024 - 07:53:00;Débito;Pago;1/1;Mastercard;50;"0,35";0;"49,65";15/04/2024
991085719;14/04/2024 - 09:50:26;Débito;Pago;1/1;Mastercard;50;"0,35";0;"49,65";15/04/2024
991224959;14/04/2024 - 11:38:31;Débito;Pago;1/1;Mastercard;30;"0,21";0;"29,79";15/04/2024
991240385;14/04/2024 - 11:48:22;Débito;Pago;1/1;Mastercard;30;"0,21";0;"29,79";15/04/2024
1023564180;14/04/2024 - 16:36:11;Débito;Pago;1/1;Mastercard;100;"0,7";0;"99,3";15/04/2024
1023358618;14/04/2024 - 12:53:16;Débito;Pago;1/1;Mastercard;"8,92";"0,06";0;"8,86";15/04/2024
1023387300;14/04/2024 - 13:17:16;Débito;Pago;1/1;Mastercard;100;"0,7";0;"99,3";15/04/2024
1023393456;14/04/2024 - 13:23:03;Débito;Pago;1/1;Mastercard;20;"0,14";0;"19,86";15/04/2024
1023397102;14/04/2024 - 13:26:30;Débito;Pago;1/1;Mastercard;50;"0,35";0;"49,65";15/04/2024
1023397928;14/04/2024 - 13:27:14;Débito;Pago;1/1;Mastercard;47;"0,33";0;"46,67";15/04/2024
1023406424;14/04/2024 - 13:35:19;Débito;Pago;1/1;Mastercard;50;"0,35";0;"49,65";15/04/2024
1023417036;14/04/2024 - 13:46:02;Débito;Pago;1/1;Mastercard;20;"0,14";0;"19,86";15/04/2024
1023346946;14/04/2024 - 12:44:06;Débito;Pago;1/1;Mastercard;100;"0,7";0;"99,3";15/04/2024
1023101308;14/04/2024 - 09:53:07;Débito;Pago;1/1;Mastercard;"231,37";"1,62";0;"229,75";15/04/2024
1023026734;14/04/2024 - 08:36:20;Débito;Pago;1/1;Mastercard;20;"0,14";0;"19,86";15/04/2024
989148673;12/04/2024 - 16:44:38;Débito;Pago;1/1;Mastercard;50;"0,35";0;"49,65";15/04/2024
989151807;12/04/2024 - 16:46:37;Débito;Pago;1/1;Mastercard;60;"0,42";0;"59,58";15/04/2024
989154973;12/04/2024 - 16:48:39;Débito;Pago;1/1;Mastercard;30;"0,21";0;"29,79";15/04/2024
989155967;12/04/2024 - 16:49:18;Débito;Pago;1/1;Mastercard;90;"0,63";0;"89,37";15/04/2024
990612810;16/03/2024 - 12:57:20;Crédito;Pago;1/2;Elo;"318,4";"7,48";0;"310,92";15/04/2024
1023093400;14/04/2024 - 09:46:12;Débito;Pago;1/1;Elo;"94,8";"0,99";0;"93,81";15/04/2024
1023119728;14/04/2024 - 10:08:26;Débito;Pago;1/1;Elo;50;"0,52";0;"49,48";15/04/2024
991248979;14/04/2024 - 11:54:14;Débito;Pago;1/1;Elo;50;"0,52";0;"49,48";15/04/2024
991109089;14/04/2024 - 10:11:45;Débito;Pago;1/1;Elo;"167,56";"1,74";0;"165,82";15/04/2024
991123287;14/04/2024 - 10:23:23;Débito;Pago;1/1;Elo;70;"0,73";0;"69,27";15/04/2024
990581601;13/04/2024 - 17:43:42;Débito;Pago;1/1;Elo;50;"0,52";0;"49,48";15/04/2024
990623015;13/04/2024 - 18:15:02;Débito;Pago;1/1;Elo;"62,42";"0,65";0;"61,77";15/04/2024
990661665;13/04/2024 - 18:45:03;Débito;Pago;1/1;Elo;50;"0,52";0;"49,48";15/04/2024
990716541;13/04/2024 - 19:29:24;Débito;Pago;1/1;Elo;20;"0,21";0;"19,79";15/04/2024
1021815044;13/04/2024 - 10:10:44;Débito;Pago;1/1;Elo;50;"0,52";0;"49,48";15/04/2024
1021848934;13/04/2024 - 10:30:45;Débito;Pago;1/1;Elo;70;"0,73";0;"69,27";15/04/2024
1022199428;13/04/2024 - 13:39:04;Débito;Pago;1/1;Elo;50;"0,52";0;"49,48";15/04/2024
1021767792;13/04/2024 - 09:40:56;Débito;Pago;1/1;Elo;150;"1,56";0;"148,44";15/04/2024
1022178646;13/04/2024 - 13:26:10;Débito;Pago;1/1;Elo;150;"1,56";0;"148,44";15/04/2024
1021119386;12/04/2024 - 17:42:34;Débito;Pago;1/1;Elo;50;"0,52";0;"49,48";15/04/2024
1021197812;12/04/2024 - 18:25:10;Débito;Pago;1/1;Elo;50;"0,52";0;"49,48";15/04/2024
1021254164;12/04/2024 - 18:59:16;Débito;Pago;1/1;Elo;20;"0,21";0;"19,79";15/04/2024
989807839;13/04/2024 - 09:14:05;Débito;Pago;1/1;Elo;50;"0,52";0;"49,48";15/04/2024
989898557;13/04/2024 - 10:14:56;Débito;Pago;1/1;Elo;100;"1,04";0;"98,96";15/04/2024
990384891;13/04/2024 - 15:10:26;Débito;Pago;1/1;Elo;10;"0,1";0;"9,9";15/04/2024
990421845;13/04/2024 - 15:39:57;Débito;Pago;1/1;Elo;"37,98";"0,39";0;"37,59";15/04/2024
989371355;12/04/2024 - 19:01:06;Débito;Pago;1/1;Elo;20;"0,21";0;"19,79";15/04/2024
1020332632;12/04/2024 - 07:31:39;Débito;Pago;1/1;Elo;50;"0,52";0;"49,48";15/04/2024
1020606026;12/04/2024 - 11:40:10;Débito;Pago;1/1;Elo;"148,86";"1,55";0;"147,31";15/04/2024
989392751;12/04/2024 - 19:16:51;Débito;Pago;1/1;Elo;100;"1,04";0;"98,96";15/04/2024
1020756160;12/04/2024 - 13:28:22;Débito;Pago;1/1;Elo;60;"0,62";0;"59,38";15/04/2024
988719165;12/04/2024 - 11:07:01;Débito;Pago;1/1;Elo;100;"1,04";0;"98,96";15/04/2024
960351803;16/03/2024 - 10:38:35;Crédito;Pago;1/1;American Express;"292,11";"7,89";0;"284,22";15/04/2024
960430289;16/03/2024 - 11:21:36;Crédito;Pago;1/1;Hipercard;"199,41";"2,89";0;"196,52";15/04/2024
961422543;17/03/2024 - 07:04:22;Crédito;Pago;1/1;Visa;"203,73";"2,95";0;"200,78";16/04/2024
961450611;17/03/2024 - 08:05:54;Crédito;Pago;1/1;Visa;30;"0,44";0;"29,56";16/04/2024
961995333;17/03/2024 - 16:35:23;Crédito;Pago;1/1;Visa;20;"0,29";0;"19,71";16/04/2024
991679594;17/03/2024 - 10:29:22;Crédito;Pago;1/1;Visa;"205,02";"2,97";0;"202,05";16/04/2024
991734126;17/03/2024 - 11:06:03;Crédito;Pago;1/1;Visa;30;"0,44";0;"29,56";16/04/2024
991814430;17/03/2024 - 11:54:11;Crédito;Pago;1/1;Visa;30;"0,44";0;"29,56";16/04/2024
992086348;17/03/2024 - 15:52:28;Crédito;Pago;1/1;Visa;"133,81";"1,94";0;"131,87";16/04/2024
991918936;17/03/2024 - 13:03:27;Crédito;Pago;1/1;Visa;100;"1,45";0;"98,55";16/04/2024
992108929;15/04/2024 - 11:48:30;Crédito;Pago;1/1;Mastercard;20;"0,29";0;"19,71";16/04/2024
992227557;15/04/2024 - 13:31:54;Crédito;Pago;1/1;Mastercard;"318,91";"4,62";0;"314,29";16/04/2024
992302989;15/04/2024 - 14:53:34;Crédito;Pago;1/1;Mastercard;100;"1,45";0;"98,55";16/04/2024
992492011;15/04/2024 - 17:36:34;Crédito;Pago;1/1;Mastercard;"216,49";"3,14";0;"213,35";16/04/2024
992698353;15/04/2024 - 21:11:12;Crédito;Pago;1/1;Mastercard;100;"1,45";0;"98,55";16/04/2024
991933962;17/03/2024 - 13:15:14;Crédito;Pago;1/1;Mastercard;50;"0,72";0;"49,28";16/04/2024
992055692;17/03/2024 - 15:18:47;Crédito;Pago;1/1;Mastercard;"64,9";"0,94";0;"63,96";16/04/2024
991842578;17/03/2024 - 12:11:15;Crédito;Pago;1/1;Mastercard;50;"0,72";0;"49,28";16/04/2024
991857224;17/03/2024 - 12:20:16;Crédito;Pago;1/1;Mastercard;"135,78";"1,97";0;"133,81";16/04/2024
991873542;17/03/2024 - 12:30:59;Crédito;Pago;1/1;Mastercard;50;"0,72";0;"49,28";16/04/2024
991551096;17/03/2024 - 08:39:44;Crédito;Pago;1/1;Mastercard;80;"1,16";0;"78,84";16/04/2024
991584282;17/03/2024 - 09:13:57;Crédito;Pago;1/1;Mastercard;50;"0,72";0;"49,28";16/04/2024
991643298;17/03/2024 - 10:03:14;Crédito;Pago;1/1;Mastercard;"61,73";"0,9";0;"60,83";16/04/2024
991653350;17/03/2024 - 10:10:26;Crédito;Pago;1/1;Mastercard;150;"2,18";0;"147,82";16/04/2024
961485999;17/03/2024 - 08:53:10;Crédito;Pago;1/1;Mastercard;100;"1,45";0;"98,55";16/04/2024
961798443;17/03/2024 - 12:51:00;Crédito;Pago;1/1;Mastercard;100;"1,45";0;"98,55";16/04/2024
961972971;17/03/2024 - 16:08:56;Crédito;Pago;1/1;Mastercard;100;"1,45";0;"98,55";16/04/2024
992532647;15/04/2024 - 18:04:14;Débito;Pago;1/1;Visa;30;"0,21";0;"29,79";16/04/2024
992541265;15/04/2024 - 18:09:57;Débito;Pago;1/1;Visa;30;"0,21";0;"29,79";16/04/2024
1023959176;15/04/2024 - 07:31:18;Débito;Pago;1/1;Visa;70;"0,49";0;"69,51";16/04/2024
1023980712;15/04/2024 - 07:57:13;Débito;Pago;1/1;Visa;50;"0,35";0;"49,65";16/04/2024
1024066846;15/04/2024 - 09:34:05;Débito;Pago;1/1;Visa;30;"0,21";0;"29,79";16/04/2024
1024140712;15/04/2024 - 10:47:46;Débito;Pago;1/1;Visa;60;"0,42";0;"59,58";16/04/2024
1024394010;15/04/2024 - 14:38:57;Débito;Pago;1/1;Visa;100;"0,7";0;"99,3";16/04/2024
1024298810;15/04/2024 - 13:05:57;Débito;Pago;1/1;Visa;50;"0,35";0;"49,65";16/04/2024
1024311444;15/04/2024 - 13:16:47;Débito;Pago;1/1;Visa;20;"0,14";0;"19,86";16/04/2024
1024376948;15/04/2024 - 14:20:59;Débito;Pago;1/1;Visa;50;"0,35";0;"49,65";16/04/2024
1024381680;15/04/2024 - 14:26:00;Débito;Pago;1/1;Visa;"31,15";"0,22";0;"30,93";16/04/2024
1024656274;15/04/2024 - 18:02:10;Débito;Pago;1/1;Visa;50;"0,35";0;"49,65";16/04/2024
1024686340;15/04/2024 - 18:22:02;Débito;Pago;1/1;Visa;121;"0,85";0;"120,15";16/04/2024
1024706706;15/04/2024 - 18:35:36;Débito;Pago;1/1;Visa;100;"0,7";0;"99,3";16/04/2024
1024720240;15/04/2024 - 18:45:10;Débito;Pago;1/1;Visa;20;"0,14";0;"19,86";16/04/2024
1024729268;15/04/2024 - 18:51:41;Débito;Pago;1/1;Visa;70;"0,49";0;"69,51";16/04/2024
1024741688;15/04/2024 - 19:01:16;Débito;Pago;1/1;Visa;30;"0,21";0;"29,79";16/04/2024
992350647;15/04/2024 - 15:42:45;Débito;Pago;1/1;Visa;50;"0,35";0;"49,65";16/04/2024
992430633;15/04/2024 - 16:53:46;Débito;Pago;1/1;Visa;60;"0,42";0;"59,58";16/04/2024
992320727;15/04/2024 - 15:12:19;Débito;Pago;1/1;Visa;30;"0,21";0;"29,79";16/04/2024
992323039;15/04/2024 - 15:15:00;Débito;Pago;1/1;Visa;30;"0,21";0;"29,79";16/04/2024
992331503;15/04/2024 - 15:23:42;Débito;Pago;1/1;Visa;"203,23";"1,42";0;"201,81";16/04/2024
992307381;15/04/2024 - 14:58:16;Débito;Pago;1/1;Visa;"81,75";"0,57";0;"81,18";16/04/2024
991828081;15/04/2024 - 06:25:02;Débito;Pago;1/1;Visa;14;"0,1";0;"13,9";16/04/2024
991834303;15/04/2024 - 06:37:13;Débito;Pago;1/1;Visa;150;"1,05";0;"148,95";16/04/2024
991897561;15/04/2024 - 08:03:21;Débito;Pago;1/1;Visa;100;"0,7";0;"99,3";16/04/2024
991907999;15/04/2024 - 08:16:32;Débito;Pago;1/1;Visa;"163,39";"1,14";0;"162,25";16/04/2024
991950175;15/04/2024 - 09:06:37;Débito;Pago;1/1;Visa;100;"0,7";0;"99,3";16/04/2024
992073215;15/04/2024 - 11:15:43;Débito;Pago;1/1;Visa;100;"0,7";0;"99,3";16/04/2024
58;15/04/2024 - 09:09:48;Cobrança chip de telefonia;Pago;1/1;Mastercard;"-6,9";0;0;"-6,9";16/04/2024
59;15/04/2024 - 09:09:49;Cobrança chip de telefonia;Pago;1/1;Mastercard;"-6,9";0;0;"-6,9";16/04/2024
60;15/04/2024 - 09:09:49;Cobrança chip de telefonia;Pago;1/1;Mastercard;"-6,9";0;0;"-6,9";16/04/2024
991996229;15/04/2024 - 09:56:31;Débito;Pago;1/1;Mastercard;50;"0,35";0;"49,65";16/04/2024
992011455;15/04/2024 - 10:12:36;Débito;Pago;1/1;Mastercard;10;"0,07";0;"9,93";16/04/2024
992014143;15/04/2024 - 10:15:12;Débito;Pago;1/1;Mastercard;100;"0,7";0;"99,3";16/04/2024
992045013;15/04/2024 - 10:47:21;Débito;Pago;1/1;Mastercard;200;"1,4";0;"198,6";16/04/2024
991932955;15/04/2024 - 08:46:39;Débito;Pago;1/1;Mastercard;"60,85";"0,43";0;"60,42";16/04/2024
991946787;15/04/2024 - 09:02:55;Débito;Pago;1/1;Mastercard;30;"0,21";0;"29,79";16/04/2024
991947409;15/04/2024 - 09:03:37;Débito;Pago;1/1;Mastercard;50;"0,35";0;"49,65";16/04/2024
991901235;15/04/2024 - 08:08:08;Débito;Pago;1/1;Mastercard;100;"0,7";0;"99,3";16/04/2024
991903857;15/04/2024 - 08:11:11;Débito;Pago;1/1;Mastercard;"208,56";"1,46";0;"207,1";16/04/2024
991904751;15/04/2024 - 08:12:19;Débito;Pago;1/1;Mastercard;100;"0,7";0;"99,3";16/04/2024
991905959;15/04/2024 - 08:13:58;Débito;Pago;1/1;Mastercard;100;"0,7";0;"99,3";16/04/2024
991837811;15/04/2024 - 06:43:52;Débito;Pago;1/1;Mastercard;20;"0,14";0;"19,86";16/04/2024
991842997;15/04/2024 - 06:52:19;Débito;Pago;1/1;Mastercard;50;"0,35";0;"49,65";16/04/2024
991860465;15/04/2024 - 07:16:37;Débito;Pago;1/1;Mastercard;70;"0,49";0;"69,51";16/04/2024
991864957;15/04/2024 - 07:22:41;Débito;Pago;1/1;Mastercard;20;"0,14";0;"19,86";16/04/2024
991867937;15/04/2024 - 07:26:30;Débito;Pago;1/1;Mastercard;50;"0,35";0;"49,65";16/04/2024
991869489;15/04/2024 - 07:28:19;Débito;Pago;1/1;Mastercard;"218,98";"1,53";0;"217,45";16/04/2024
991832421;15/04/2024 - 06:34:00;Débito;Pago;1/1;Mastercard;20;"0,14";0;"19,86";16/04/2024
992335115;15/04/2024 - 15:27:18;Débito;Pago;1/1;Mastercard;"90,1";"0,63";0;"89,47";16/04/2024
992115193;15/04/2024 - 11:53:48;Débito;Pago;1/1;Mastercard;20;"0,14";0;"19,86";16/04/2024
992129619;15/04/2024 - 12:06:11;Débito;Pago;1/1;Mastercard;10;"0,07";0;"9,93";16/04/2024
992133461;15/04/2024 - 12:09:07;Débito;Pago;1/1;Mastercard;"54,9";"0,38";0;"54,52";16/04/2024
992152181;15/04/2024 - 12:25:11;Débito;Pago;1/1;Mastercard;50;"0,35";0;"49,65";16/04/2024
992176187;15/04/2024 - 12:45:29;Débito;Pago;1/1;Mastercard;60;"0,42";0;"59,58";16/04/2024
992182503;15/04/2024 - 12:50:51;Débito;Pago;1/1;Mastercard;25;"0,18";0;"24,82";16/04/2024
1024751702;15/04/2024 - 19:09:51;Débito;Pago;1/1;Mastercard;20;"0,14";0;"19,86";16/04/2024
1024768194;15/04/2024 - 19:25:30;Débito;Pago;1/1;Mastercard;100;"0,7";0;"99,3";16/04/2024
1024780178;15/04/2024 - 19:37:55;Débito;Pago;1/1;Mastercard;200;"1,4";0;"198,6";16/04/2024
1024782526;15/04/2024 - 19:40:35;Débito;Pago;1/1;Mastercard;120;"0,84";0;"119,16";16/04/2024
1024804812;15/04/2024 - 20:07:56;Débito;Pago;1/1;Mastercard;55;"0,38";0;"54,62";16/04/2024
1024816434;15/04/2024 - 20:25:01;Débito;Pago;1/1;Mastercard;20;"0,14";0;"19,86";16/04/2024
1024722928;15/04/2024 - 18:47:03;Débito;Pago;1/1;Mastercard;30;"0,21";0;"29,79";16/04/2024
1024708126;15/04/2024 - 18:36:34;Débito;Pago;1/1;Mastercard;100;"0,7";0;"99,3";16/04/2024
1024715586;15/04/2024 - 18:41:48;Débito;Pago;1/1;Mastercard;70;"0,49";0;"69,51";16/04/2024
1024697838;15/04/2024 - 18:29:29;Débito;Pago;1/1;Mastercard;"224,88";"1,57";0;"223,31";16/04/2024
1024701478;15/04/2024 - 18:31:58;Débito;Pago;1/1;Mastercard;80;"0,56";0;"79,44";16/04/2024
1024661012;15/04/2024 - 18:05:08;Débito;Pago;1/1;Mastercard;30;"0,21";0;"29,79";16/04/2024
1024682116;15/04/2024 - 18:19:08;Débito;Pago;1/1;Mastercard;20;"0,14";0;"19,86";16/04/2024
1024342730;15/04/2024 - 13:46:38;Débito;Pago;1/1;Mastercard;100;"0,7";0;"99,3";16/04/2024
1024343474;15/04/2024 - 13:47:22;Débito;Pago;1/1;Mastercard;50;"0,35";0;"49,65";16/04/2024
1024456506;15/04/2024 - 15:38:32;Débito;Pago;1/1;Mastercard;10;"0,07";0;"9,93";16/04/2024
1024508262;15/04/2024 - 16:24:40;Débito;Pago;1/1;Mastercard;100;"0,7";0;"99,3";16/04/2024
1024564382;15/04/2024 - 17:05:18;Débito;Pago;1/1;Mastercard;30;"0,21";0;"29,79";16/04/2024
1024575370;15/04/2024 - 17:12:18;Débito;Pago;1/1;Mastercard;30;"0,21";0;"29,79";16/04/2024
1024589788;15/04/2024 - 17:21:47;Débito;Pago;1/1;Mastercard;"68,21";"0,48";0;"67,73";16/04/2024
1024601540;15/04/2024 - 17:28:54;Débito;Pago;1/1;Mastercard;40;"0,28";0;"39,72";16/04/2024
1024631986;15/04/2024 - 17:47:52;Débito;Pago;1/1;Mastercard;200;"1,4";0;"198,6";16/04/2024
1024633820;15/04/2024 - 17:48:55;Débito;Pago;1/1;Mastercard;50;"0,35";0;"49,65";16/04/2024
1024647990;15/04/2024 - 17:57:09;Débito;Pago;1/1;Mastercard;50;"0,35";0;"49,65";16/04/2024
1024650960;15/04/2024 - 17:58:54;Débito;Pago;1/1;Mastercard;30;"0,21";0;"29,79";16/04/2024
1024176298;15/04/2024 - 11:21:46;Débito;Pago;1/1;Mastercard;"57,9";"0,41";0;"57,49";16/04/2024
1024187456;15/04/2024 - 11:32:13;Débito;Pago;1/1;Mastercard;30;"0,21";0;"29,79";16/04/2024
1024210312;15/04/2024 - 11:52:18;Débito;Pago;1/1;Mastercard;50;"0,35";0;"49,65";16/04/2024
1024257598;15/04/2024 - 12:31:17;Débito;Pago;1/1;Mastercard;70;"0,49";0;"69,51";16/04/2024
1024077064;15/04/2024 - 09:44:14;Débito;Pago;1/1;Mastercard;30;"0,21";0;"29,79";16/04/2024
1024118344;15/04/2024 - 10:25:14;Débito;Pago;1/1;Mastercard;25;"0,18";0;"24,82";16/04/2024
992527145;15/04/2024 - 18:00:19;Débito;Pago;1/1;Mastercard;"147,9";"1,04";0;"146,86";16/04/2024
1023981980;15/04/2024 - 07:58:39;Débito;Pago;1/1;Mastercard;20;"0,14";0;"19,86";16/04/2024
1023991004;15/04/2024 - 08:09:50;Débito;Pago;1/1;Mastercard;"189,29";"1,33";0;"187,96";16/04/2024
1024058072;15/04/2024 - 09:24:51;Débito;Pago;1/1;Mastercard;20;"0,14";0;"19,86";16/04/2024
1024059438;15/04/2024 - 09:26:19;Débito;Pago;1/1;Mastercard;50;"0,35";0;"49,65";16/04/2024
1024062012;15/04/2024 - 09:29:05;Débito;Pago;1/1;Mastercard;"224,88";"1,57";0;"223,31";16/04/2024
992561065;15/04/2024 - 18:23:50;Débito;Pago;1/1;Mastercard;20;"0,14";0;"19,86";16/04/2024
992685151;15/04/2024 - 20:43:33;Débito;Pago;1/1;Mastercard;100;"0,7";0;"99,3";16/04/2024
992700201;15/04/2024 - 21:15:20;Débito;Pago;1/1;Mastercard;30;"0,21";0;"29,79";16/04/2024
992703041;15/04/2024 - 21:22:26;Débito;Pago;1/1;Mastercard;"149,12";"1,04";0;"148,08";16/04/2024
1024390374;15/04/2024 - 14:35:08;Débito;Pago;1/1;Elo;20;"0,21";0;"19,79";16/04/2024
1024688360;15/04/2024 - 18:23:22;Débito;Pago;1/1;Elo;20;"0,21";0;"19,79";16/04/2024
1024805864;15/04/2024 - 20:09:29;Débito;Pago;1/1;Elo;80;"0,83";0;"79,17";16/04/2024
1024794074;15/04/2024 - 19:53:51;Débito;Pago;1/1;Elo;30;"0,31";0;"29,69";16/04/2024
992197229;15/04/2024 - 13:04:01;Débito;Pago;1/1;Elo;80;"0,83";0;"79,17";16/04/2024
992311807;15/04/2024 - 15:03:21;Débito;Pago;1/1;Elo;100;"1,04";0;"98,96";16/04/2024
991885313;15/04/2024 - 07:48:51;Débito;Pago;1/1;Elo;100;"1,04";0;"98,96";16/04/2024
930938679;17/02/2024 - 09:51:11;Crédito;Pago;2/3;Visa;"263,46";"5,4";0;"258,06";17/04/2024
962324743;18/03/2024 - 06:08:38;Crédito;Pago;1/1;Visa;200;"2,9";0;"197,1";17/04/2024
962358319;18/03/2024 - 07:09:09;Crédito;Pago;1/1;Visa;"64,27";"0,93";0;"63,34";17/04/2024
962436525;18/03/2024 - 08:41:02;Crédito;Pago;1/1;Visa;25;"0,36";0;"24,64";17/04/2024
962933823;18/03/2024 - 16:37:02;Crédito;Pago;1/1;Visa;50;"0,72";0;"49,28";17/04/2024
962733009;18/03/2024 - 13:21:34;Crédito;Pago;1/1;Visa;40;"0,58";0;"39,42";17/04/2024
992545474;18/03/2024 - 07:39:08;Crédito;Pago;1/1;Visa;"55,35";"0,8";0;"54,55";17/04/2024
962810355;18/03/2024 - 14:40:14;Crédito;Pago;1/1;Visa;"237,56";"3,44";0;"234,12";17/04/2024
992578982;18/03/2024 - 08:16:43;Crédito;Pago;1/1;Visa;20;"0,29";0;"19,71";17/04/2024
992600600;18/03/2024 - 08:40:42;Crédito;Pago;1/1;Visa;"246,02";"3,57";0;"242,45";17/04/2024
992765980;18/03/2024 - 11:21:49;Crédito;Pago;1/1;Visa;200;"2,9";0;"197,1";17/04/2024
993059368;18/03/2024 - 15:41:40;Crédito;Pago;1/1;Visa;10;"0,14";0;"9,86";17/04/2024
993106624;18/03/2024 - 16:21:55;Crédito;Pago;1/1;Visa;50;"0,72";0;"49,28";17/04/2024
993229592;18/03/2024 - 17:44:31;Crédito;Pago;1/1;Visa;"179,26";"2,6";0;"176,66";17/04/2024
993294298;18/03/2024 - 18:24:35;Crédito;Pago;1/1;Visa;"222,34";"3,22";0;"219,12";17/04/2024
993304548;18/03/2024 - 18:31:21;Crédito;Pago;1/1;Visa;50;"0,72";0;"49,28";17/04/2024
993448763;16/04/2024 - 17:50:51;Crédito;Pago;1/1;Mastercard;20;"0,29";0;"19,71";17/04/2024
993458717;16/04/2024 - 17:57:33;Crédito;Pago;1/1;Mastercard;170;"2,46";0;"167,54";17/04/2024
993171150;18/03/2024 - 17:09:01;Crédito;Pago;1/1;Mastercard;100;"1,45";0;"98,55";17/04/2024
993190946;18/03/2024 - 17:21:13;Crédito;Pago;1/1;Mastercard;"21,08";"0,31";0;"20,77";17/04/2024
992784908;18/03/2024 - 11:38:09;Crédito;Pago;1/1;Mastercard;"237,62";"3,45";0;"234,17";17/04/2024
992792560;18/03/2024 - 11:44:27;Crédito;Pago;1/1;Mastercard;50;"0,72";0;"49,28";17/04/2024
992926130;18/03/2024 - 13:32:54;Crédito;Pago;1/1;Mastercard;"228,42";"3,31";0;"225,11";17/04/2024
992990496;18/03/2024 - 14:36:33;Crédito;Pago;1/1;Mastercard;100;"1,45";0;"98,55";17/04/2024
992602034;18/03/2024 - 08:42:18;Crédito;Pago;1/1;Mastercard;"18,01";"0,26";0;"17,75";17/04/2024
992605980;18/03/2024 - 08:46:27;Crédito;Pago;1/1;Mastercard;50;"0,72";0;"49,28";17/04/2024
992672380;18/03/2024 - 09:53:10;Crédito;Pago;1/1;Mastercard;150;"2,18";0;"147,82";17/04/2024
992703064;18/03/2024 - 10:22:31;Crédito;Pago;1/1;Mastercard;50;"0,72";0;"49,28";17/04/2024
992737044;18/03/2024 - 10:54:51;Crédito;Pago;1/1;Mastercard;100;"1,45";0;"98,55";17/04/2024
992599580;18/03/2024 - 08:39:35;Crédito;Pago;1/1;Mastercard;15;"0,22";0;"14,78";17/04/2024
992553424;18/03/2024 - 07:48:34;Crédito;Pago;1/1;Mastercard;50;"0,72";0;"49,28";17/04/2024
992557184;18/03/2024 - 07:52:55;Crédito;Pago;1/1;Mastercard;45;"0,65";0;"44,35";17/04/2024
962789019;18/03/2024 - 14:17:45;Crédito;Pago;1/1;Mastercard;60;"0,87";0;"59,13";17/04/2024
962396799;18/03/2024 - 07:55:24;Crédito;Pago;1/1;Mastercard;"53,09";"0,77";0;"52,32";17/04/2024
962400775;18/03/2024 - 08:00:16;Crédito;Pago;1/1;Mastercard;100;"1,45";0;"98,55";17/04/2024
962937907;18/03/2024 - 16:40:25;Crédito;Pago;1/1;Mastercard;20;"0,29";0;"19,71";17/04/2024
962959341;18/03/2024 - 16:57:33;Crédito;Pago;1/1;Mastercard;40;"0,58";0;"39,42";17/04/2024
962978605;18/03/2024 - 17:11:38;Crédito;Pago;1/1;Mastercard;"173,13";"2,51";0;"170,62";17/04/2024
963094411;18/03/2024 - 18:30:17;Crédito;Pago;1/1;Mastercard;70;"1,02";0;"68,98";17/04/2024
963104019;18/03/2024 - 18:37:14;Crédito;Pago;1/1;Mastercard;150;"2,18";0;"147,82";17/04/2024
963162033;18/03/2024 - 19:28:58;Crédito;Pago;1/1;Mastercard;100;"1,45";0;"98,55";17/04/2024
963188147;18/03/2024 - 19:58:46;Crédito;Pago;1/1;Mastercard;200;"2,9";0;"197,1";17/04/2024
963190981;18/03/2024 - 20:02:37;Crédito;Pago;1/1;Mastercard;52;"0,75";0;"51,25";17/04/2024
992541976;18/03/2024 - 07:35:13;Crédito;Pago;1/1;Mastercard;"115,87";"1,68";0;"114,19";17/04/2024
962518403;18/03/2024 - 10:07:41;Crédito;Pago;1/1;Mastercard;100;"1,45";0;"98,55";17/04/2024
962633693;18/03/2024 - 11:57:30;Crédito;Pago;1/1;Mastercard;10;"0,14";0;"9,86";17/04/2024
962651415;18/03/2024 - 12:11:58;Crédito;Pago;1/1;Mastercard;50;"0,72";0;"49,28";17/04/2024
962662261;18/03/2024 - 12:20:47;Crédito;Pago;1/1;Mastercard;50;"0,72";0;"49,28";17/04/2024
962719069;18/03/2024 - 13:09:07;Crédito;Pago;1/1;Mastercard;80;"1,16";0;"78,84";17/04/2024
962337925;18/03/2024 - 06:38:01;Crédito;Pago;1/1;Mastercard;"198,54";"2,88";0;"195,66";17/04/2024
962344147;18/03/2024 - 06:48:02;Crédito;Pago;1/1;Mastercard;50;"0,72";0;"49,28";17/04/2024
993630501;16/04/2024 - 20:35:07;Débito;Pago;1/1;Visa;20;"0,14";0;"19,86";17/04/2024
1024914760;16/04/2024 - 06:22:21;Débito;Pago;1/1;Visa;50;"0,35";0;"49,65";17/04/2024
1024976170;16/04/2024 - 07:50:22;Débito;Pago;1/1;Visa;30;"0,21";0;"29,79";17/04/2024
1025095326;16/04/2024 - 10:00:21;Débito;Pago;1/1;Visa;40;"0,28";0;"39,72";17/04/2024
1024950624;16/04/2024 - 07:19:29;Débito;Pago;1/1;Visa;100;"0,7";0;"99,3";17/04/2024
1025161398;16/04/2024 - 11:06:29;Débito;Pago;1/1;Visa;100;"0,7";0;"99,3";17/04/2024
1025223586;16/04/2024 - 12:00:47;Débito;Pago;1/1;Visa;"58,59";"0,41";0;"58,18";17/04/2024
1025228430;16/04/2024 - 12:04:31;Débito;Pago;1/1;Visa;10;"0,07";0;"9,93";17/04/2024
1025376064;16/04/2024 - 14:11:03;Débito;Pago;1/1;Visa;50;"0,35";0;"49,65";17/04/2024
1025663590;16/04/2024 - 18:00:02;Débito;Pago;1/1;Visa;50;"0,35";0;"49,65";17/04/2024
1025666594;16/04/2024 - 18:01:50;Débito;Pago;1/1;Visa;15;"0,1";0;"14,9";17/04/2024
1025758218;16/04/2024 - 19:04:16;Débito;Pago;1/1;Visa;80;"0,56";0;"79,44";17/04/2024
1025759108;16/04/2024 - 19:04:57;Débito;Pago;1/1;Visa;"170,4";"1,19";0;"169,21";17/04/2024
1025281124;16/04/2024 - 12:46:51;Débito;Pago;1/1;Visa;"57,9";"0,41";0;"57,49";17/04/2024
1025457598;16/04/2024 - 15:31:09;Débito;Pago;1/1;Visa;30;"0,21";0;"29,79";17/04/2024
1025511872;16/04/2024 - 16:17:26;Débito;Pago;1/1;Visa;"134,9";"0,94";0;"133,96";17/04/2024
992769329;16/04/2024 - 06:45:34;Débito;Pago;1/1;Visa;20;"0,14";0;"19,86";17/04/2024
1025589224;16/04/2024 - 17:13:57;Débito;Pago;1/1;Visa;20;"0,14";0;"19,86";17/04/2024
992843403;16/04/2024 - 08:22:38;Débito;Pago;1/1;Visa;80;"0,56";0;"79,44";17/04/2024
992897813;16/04/2024 - 09:24:28;Débito;Pago;1/1;Visa;"47,01";"0,33";0;"46,68";17/04/2024
993078647;16/04/2024 - 12:21:21;Débito;Pago;1/1;Visa;50;"0,35";0;"49,65";17/04/2024
993065889;16/04/2024 - 12:10:41;Débito;Pago;1/1;Visa;"1070,04";"7,49";0;"1062,55";17/04/2024
993386633;16/04/2024 - 17:08:55;Débito;Pago;1/1;Visa;30;"0,21";0;"29,79";17/04/2024
993441829;16/04/2024 - 17:46:04;Débito;Pago;1/1;Visa;30;"0,21";0;"29,79";17/04/2024
993439107;16/04/2024 - 17:44:18;Débito;Pago;1/1;Mastercard;50;"0,35";0;"49,65";17/04/2024
993410089;16/04/2024 - 17:25:21;Débito;Pago;1/1;Mastercard;15;"0,1";0;"14,9";17/04/2024
993424443;16/04/2024 - 17:34:51;Débito;Pago;1/1;Mastercard;30;"0,21";0;"29,79";17/04/2024
993292991;16/04/2024 - 15:51:24;Débito;Pago;1/1;Mastercard;200;"1,4";0;"198,6";17/04/2024
993325849;16/04/2024 - 16:20:17;Débito;Pago;1/1;Mastercard;"20,03";"0,14";0;"19,89";17/04/2024
993330123;16/04/2024 - 16:24:00;Débito;Pago;1/1;Mastercard;"151,55";"1,06";0;"150,49";17/04/2024
993144109;16/04/2024 - 13:17:43;Débito;Pago;1/1;Mastercard;50;"0,35";0;"49,65";17/04/2024
993146603;16/04/2024 - 13:20:14;Débito;Pago;1/1;Mastercard;55;"0,38";0;"54,62";17/04/2024
993183317;16/04/2024 - 13:57:29;Débito;Pago;1/1;Mastercard;50;"0,35";0;"49,65";17/04/2024
993036847;16/04/2024 - 11:45:33;Débito;Pago;1/1;Mastercard;100;"0,7";0;"99,3";17/04/2024
993037195;16/04/2024 - 11:45:52;Débito;Pago;1/1;Mastercard;20;"0,14";0;"19,86";17/04/2024
993039117;16/04/2024 - 11:47:38;Débito;Pago;1/1;Mastercard;20;"0,14";0;"19,86";17/04/2024
993039811;16/04/2024 - 11:48:16;Débito;Pago;1/1;Mastercard;15;"0,1";0;"14,9";17/04/2024
992899071;16/04/2024 - 09:25:49;Débito;Pago;1/1;Mastercard;50;"0,35";0;"49,65";17/04/2024
992905849;16/04/2024 - 09:33:06;Débito;Pago;1/1;Mastercard;50;"0,35";0;"49,65";17/04/2024
992925149;16/04/2024 - 09:53:00;Débito;Pago;1/1;Mastercard;50;"0,35";0;"49,65";17/04/2024
992939741;16/04/2024 - 10:08:01;Débito;Pago;1/1;Mastercard;30;"0,21";0;"29,79";17/04/2024
992857585;16/04/2024 - 08:39:34;Débito;Pago;1/1;Mastercard;150;"1,05";0;"148,95";17/04/2024
992882349;16/04/2024 - 09:07:38;Débito;Pago;1/1;Mastercard;100;"0,7";0;"99,3";17/04/2024
1025626544;16/04/2024 - 17:36:46;Débito;Pago;1/1;Mastercard;80;"0,56";0;"79,44";17/04/2024
1025651026;16/04/2024 - 17:52:06;Débito;Pago;1/1;Mastercard;50;"0,35";0;"49,65";17/04/2024
992799519;16/04/2024 - 07:29:54;Débito;Pago;1/1;Mastercard;40;"0,28";0;"39,72";17/04/2024
992822557;16/04/2024 - 07:58:15;Débito;Pago;1/1;Mastercard;100;"0,7";0;"99,3";17/04/2024
992836175;16/04/2024 - 08:14:26;Débito;Pago;1/1;Mastercard;30;"0,21";0;"29,79";17/04/2024
992837769;16/04/2024 - 08:16:14;Débito;Pago;1/1;Mastercard;20;"0,14";0;"19,86";17/04/2024
1025870340;16/04/2024 - 21:12:47;Débito;Pago;1/1;Mastercard;20;"0,14";0;"19,86";17/04/2024
1025304764;16/04/2024 - 13:05:41;Débito;Pago;1/1;Mastercard;50;"0,35";0;"49,65";17/04/2024
1025792462;16/04/2024 - 19:33:07;Débito;Pago;1/1;Mastercard;"123,78";"0,87";0;"122,91";17/04/2024
1025839050;16/04/2024 - 20:25:00;Débito;Pago;1/1;Mastercard;45;"0,32";0;"44,68";17/04/2024
1025842424;16/04/2024 - 20:29:16;Débito;Pago;1/1;Mastercard;20;"0,14";0;"19,86";17/04/2024
1025761604;16/04/2024 - 19:06:54;Débito;Pago;1/1;Mastercard;10;"0,07";0;"9,93";17/04/2024
1025762702;16/04/2024 - 19:07:46;Débito;Pago;1/1;Mastercard;50;"0,35";0;"49,65";17/04/2024
1025771246;16/04/2024 - 19:14:39;Débito;Pago;1/1;Mastercard;100;"0,7";0;"99,3";17/04/2024
1025412242;16/04/2024 - 14:47:25;Débito;Pago;1/1;Mastercard;30;"0,21";0;"29,79";17/04/2024
1025422174;16/04/2024 - 14:57:15;Débito;Pago;1/1;Mastercard;250;"1,75";0;"248,25";17/04/2024
1025444378;16/04/2024 - 15:18:38;Débito;Pago;1/1;Mastercard;50;"0,35";0;"49,65";17/04/2024
1025453740;16/04/2024 - 15:27:18;Débito;Pago;1/1;Mastercard;"33,76";"0,24";0;"33,52";17/04/2024
1025230114;16/04/2024 - 12:05:45;Débito;Pago;1/1;Mastercard;20;"0,14";0;"19,86";17/04/2024
1025255632;16/04/2024 - 12:26:17;Débito;Pago;1/1;Mastercard;50;"0,35";0;"49,65";17/04/2024
1025257354;16/04/2024 - 12:27:43;Débito;Pago;1/1;Mastercard;20;"0,14";0;"19,86";17/04/2024
1025165214;16/04/2024 - 11:09:54;Débito;Pago;1/1;Mastercard;50;"0,35";0;"49,65";17/04/2024
1024958734;16/04/2024 - 07:29:46;Débito;Pago;1/1;Mastercard;"356,66";"2,5";0;"354,16";17/04/2024
1024962450;16/04/2024 - 07:34:11;Débito;Pago;1/1;Mastercard;20;"0,14";0;"19,86";17/04/2024
1025114150;16/04/2024 - 10:18:48;Débito;Pago;1/1;Mastercard;100;"0,7";0;"99,3";17/04/2024
1025131218;16/04/2024 - 10:36:31;Débito;Pago;1/1;Mastercard;20;"0,14";0;"19,86";17/04/2024
1025136068;16/04/2024 - 10:41:26;Débito;Pago;1/1;Mastercard;"104,28";"0,73";0;"103,55";17/04/2024
1025137850;16/04/2024 - 10:43:16;Débito;Pago;1/1;Mastercard;50;"0,35";0;"49,65";17/04/2024
1024981742;16/04/2024 - 07:56:36;Débito;Pago;1/1;Mastercard;50;"0,35";0;"49,65";17/04/2024
1024982998;16/04/2024 - 07:58:12;Débito;Pago;1/1;Mastercard;"47,3";"0,33";0;"46,97";17/04/2024
1025093810;16/04/2024 - 09:58:54;Débito;Pago;1/1;Mastercard;50;"0,35";0;"49,65";17/04/2024
1024917234;16/04/2024 - 06:28:16;Débito;Pago;1/1;Mastercard;50;"0,35";0;"49,65";17/04/2024
1024924252;16/04/2024 - 06:41:41;Débito;Pago;1/1;Mastercard;20;"0,14";0;"19,86";17/04/2024
993636123;16/04/2024 - 20:44:37;Débito;Pago;1/1;Mastercard;20;"0,14";0;"19,86";17/04/2024
993626375;16/04/2024 - 20:28:59;Débito;Pago;1/1;Mastercard;20;"0,14";0;"19,86";17/04/2024
993531457;16/04/2024 - 18:49:09;Débito;Pago;1/1;Mastercard;30;"0,21";0;"29,79";17/04/2024
993543269;16/04/2024 - 18:58:34;Débito;Pago;1/1;Mastercard;50;"0,35";0;"49,65";17/04/2024
993584247;16/04/2024 - 19:37:31;Débito;Pago;1/1;Mastercard;30;"0,21";0;"29,79";17/04/2024
993461585;16/04/2024 - 17:59:22;Débito;Pago;1/1;Mastercard;50;"0,35";0;"49,65";17/04/2024
993462801;16/04/2024 - 18:00:14;Débito;Pago;1/1;Mastercard;60;"0,42";0;"59,58";17/04/2024
993480243;16/04/2024 - 18:12:28;Débito;Pago;1/1;Mastercard;50;"0,35";0;"49,65";17/04/2024
993482383;16/04/2024 - 18:14:03;Débito;Pago;1/1;Mastercard;100;"0,7";0;"99,3";17/04/2024
993500213;16/04/2024 - 18:26:28;Débito;Pago;1/1;Mastercard;50;"0,35";0;"49,65";17/04/2024
993503891;16/04/2024 - 18:29:13;Débito;Pago;1/1;Mastercard;30;"0,21";0;"29,79";17/04/2024
993457771;16/04/2024 - 17:56:55;Débito;Pago;1/1;Mastercard;50;"0,35";0;"49,65";17/04/2024
962366257;18/03/2024 - 07:19:09;Crédito;Pago;1/1;Elo;30;"0,56";0;"29,44";17/04/2024
992564858;18/03/2024 - 08:01:24;Crédito;Pago;1/1;Elo;"34,9";"0,65";0;"34,25";17/04/2024
962832097;18/03/2024 - 15:03:41;Crédito;Pago;1/1;Elo;60;"1,11";0;"58,89";17/04/2024
993048254;18/03/2024 - 15:31:20;Crédito;Pago;1/1;Elo;150;"2,78";0;"147,22";17/04/2024
993515235;16/04/2024 - 18:37:08;Débito;Pago;1/1;Elo;100;"1,04";0;"98,96";17/04/2024
993619671;16/04/2024 - 20:19:30;Débito;Pago;1/1;Elo;20;"0,21";0;"19,79";17/04/2024
993544009;16/04/2024 - 18:59:09;Débito;Pago;1/1;Elo;10;"0,1";0;"9,9";17/04/2024
1024929654;16/04/2024 - 06:50:41;Débito;Pago;1/1;Elo;20;"0,21";0;"19,79";17/04/2024
1025170124;16/04/2024 - 11:13:59;Débito;Pago;1/1;Elo;30;"0,31";0;"29,69";17/04/2024
1025780374;16/04/2024 - 19:22:21;Débito;Pago;1/1;Elo;100;"1,04";0;"98,96";17/04/2024
1025857394;16/04/2024 - 20:51:58;Débito;Pago;1/1;Elo;100;"1,04";0;"98,96";17/04/2024
1025539546;16/04/2024 - 16:38:57;Débito;Pago;1/1;Elo;30;"0,31";0;"29,69";17/04/2024
992839373;16/04/2024 - 08:17:58;Débito;Pago;1/1;Elo;50;"0,52";0;"49,48";17/04/2024
992943327;16/04/2024 - 10:11:50;Débito;Pago;1/1;Elo;50;"0,52";0;"49,48";17/04/2024
993270611;16/04/2024 - 15:30:06;Débito;Pago;1/1;Elo;"189,76";"1,97";0;"187,79";17/04/2024
993076765;16/04/2024 - 12:19:44;Débito;Pago;1/1;Elo;50;"0,52";0;"49,48";17/04/2024
993430931;16/04/2024 - 17:39:11;Débito;Pago;1/1;Elo;10;"0,1";0;"9,9";17/04/2024
963352967;19/03/2024 - 07:43:00;Crédito;Pago;1/1;Visa;"109,78";"1,59";0;"108,19";18/04/2024
963437525;19/03/2024 - 09:17:35;Crédito;Pago;1/1;Visa;200;"2,9";0;"197,1";18/04/2024
963502065;19/03/2024 - 10:21:33;Crédito;Pago;1/1;Visa;"152,69";"2,21";0;"150,48";18/04/2024
963729017;19/03/2024 - 13:41:30;Crédito;Pago;1/1;Visa;100;"1,45";0;"98,55";18/04/2024
963812409;19/03/2024 - 15:11:12;Crédito;Pago;1/1;Visa;"141,04";"2,05";0;"138,99";18/04/2024
963837443;19/03/2024 - 15:35:29;Crédito;Pago;1/1;Visa;30;"0,44";0;"29,56";18/04/2024
963925631;19/03/2024 - 16:52:21;Crédito;Pago;1/1;Visa;"130,04";"1,89";0;"128,15";18/04/2024
963939233;19/03/2024 - 17:02:49;Crédito;Pago;1/1;Visa;50;"0,72";0;"49,28";18/04/2024
964001127;19/03/2024 - 17:44:41;Crédito;Pago;1/1;Visa;100;"1,45";0;"98,55";18/04/2024
964006595;19/03/2024 - 17:48:10;Crédito;Pago;1/1;Visa;"67,01";"0,97";0;"66,04";18/04/2024
964048789;19/03/2024 - 18:16:22;Crédito;Pago;1/1;Visa;40;"0,58";0;"39,42";18/04/2024
964056585;19/03/2024 - 18:21:43;Crédito;Pago;1/1;Visa;"48,79";"0,71";0;"48,08";18/04/2024
964063627;19/03/2024 - 18:26:46;Crédito;Pago;1/1;Visa;"153,09";"2,22";0;"150,87";18/04/2024
963759841;19/03/2024 - 14:14:17;Crédito;Pago;1/1;Visa;30;"0,44";0;"29,56";18/04/2024
964129589;19/03/2024 - 19:20:06;Crédito;Pago;1/1;Visa;"96,01";"1,39";0;"94,62";18/04/2024
993529566;19/03/2024 - 06:29:42;Crédito;Pago;1/1;Visa;70;"1,02";0;"68,98";18/04/2024
993594552;19/03/2024 - 07:57:18;Crédito;Pago;1/1;Visa;100;"1,45";0;"98,55";18/04/2024
993682918;19/03/2024 - 09:30:35;Crédito;Pago;1/1;Visa;50;"0,72";0;"49,28";18/04/2024
993800992;19/03/2024 - 11:21:27;Crédito;Pago;1/1;Visa;50;"0,72";0;"49,28";18/04/2024
993939024;19/03/2024 - 13:09:05;Crédito;Pago;1/1;Visa;100;"1,45";0;"98,55";18/04/2024
994185268;19/03/2024 - 16:48:37;Crédito;Pago;1/1;Visa;100;"1,45";0;"98,55";18/04/2024
994261352;19/03/2024 - 17:37:42;Crédito;Pago;1/1;Visa;80;"1,16";0;"78,84";18/04/2024
994177432;19/03/2024 - 16:42:40;Crédito;Pago;1/1;Visa;10;"0,14";0;"9,86";18/04/2024
963577081;19/03/2024 - 11:33:47;Crédito;Pago;1/1;Mastercard;"141,18";"2,05";0;"139,13";18/04/2024
994182640;19/03/2024 - 16:46:44;Crédito;Pago;1/1;Mastercard;"20,9";"0,3";0;"20,6";18/04/2024
994312902;19/03/2024 - 18:09:18;Crédito;Pago;1/1;Mastercard;60;"0,87";0;"59,13";18/04/2024
994459672;19/03/2024 - 20:05:45;Crédito;Pago;1/1;Mastercard;20;"0,29";0;"19,71";18/04/2024
994490552;19/03/2024 - 20:44:50;Crédito;Pago;1/1;Mastercard;60;"0,87";0;"59,13";18/04/2024
994187654;19/03/2024 - 16:50:18;Crédito;Pago;1/1;Mastercard;15;"0,22";0;"14,78";18/04/2024
994188808;19/03/2024 - 16:51:12;Crédito;Pago;1/1;Mastercard;50;"0,72";0;"49,28";18/04/2024
994202906;19/03/2024 - 17:01:20;Crédito;Pago;1/1;Mastercard;100;"1,45";0;"98,55";18/04/2024
994237346;19/03/2024 - 17:23:19;Crédito;Pago;1/1;Mastercard;50;"0,72";0;"49,28";18/04/2024
994045600;19/03/2024 - 14:48:06;Crédito;Pago;1/1;Mastercard;40;"0,58";0;"39,42";18/04/2024
994116102;19/03/2024 - 15:53:44;Crédito;Pago;1/1;Mastercard;100;"1,45";0;"98,55";18/04/2024
994120114;19/03/2024 - 15:57:05;Crédito;Pago;1/1;Mastercard;50;"0,72";0;"49,28";18/04/2024
993976286;19/03/2024 - 13:41:48;Crédito;Pago;1/1;Mastercard;300;"4,35";0;"295,65";18/04/2024
993846484;19/03/2024 - 11:59:01;Crédito;Pago;1/3;Mastercard;"171,74";"3,52";0;"168,22";18/04/2024
993735768;19/03/2024 - 10:21:22;Crédito;Pago;1/1;Mastercard;100;"1,45";0;"98,55";18/04/2024
993760142;19/03/2024 - 10:44:55;Crédito;Pago;1/1;Mastercard;100;"1,45";0;"98,55";18/04/2024
993772734;19/03/2024 - 10:56:52;Crédito;Pago;1/1;Mastercard;150;"2,18";0;"147,82";18/04/2024
993789102;19/03/2024 - 11:11:22;Crédito;Pago;1/1;Mastercard;20;"0,29";0;"19,71";18/04/2024
993672428;19/03/2024 - 09:19:56;Crédito;Pago;1/1;Mastercard;30;"0,44";0;"29,56";18/04/2024
964169379;19/03/2024 - 20:01:59;Crédito;Pago;1/1;Mastercard;"220,83";"3,2";0;"217,63";18/04/2024
993525058;19/03/2024 - 06:19:23;Crédito;Pago;1/1;Mastercard;"34,62";"0,5";0;"34,12";18/04/2024
993526750;19/03/2024 - 06:23:30;Crédito;Pago;1/1;Mastercard;"112,38";"1,63";0;"110,75";18/04/2024
993530084;19/03/2024 - 06:30:45;Crédito;Pago;1/1;Mastercard;8;"0,12";0;"7,88";18/04/2024
993532602;19/03/2024 - 06:35:40;Crédito;Pago;1/1;Mastercard;30;"0,44";0;"29,56";18/04/2024
993554668;19/03/2024 - 07:09:27;Crédito;Pago;1/1;Mastercard;"256,84";"3,72";0;"253,12";18/04/2024
993556084;19/03/2024 - 07:11:11;Crédito;Pago;1/1;Mastercard;"42,73";"0,62";0;"42,11";18/04/2024
963808769;19/03/2024 - 15:07:36;Crédito;Pago;1/1;Mastercard;30;"0,44";0;"29,56";18/04/2024
964093725;19/03/2024 - 18:49:24;Crédito;Pago;1/1;Mastercard;40;"0,58";0;"39,42";18/04/2024
964104433;19/03/2024 - 18:57:45;Crédito;Pago;1/1;Mastercard;"30,46";"0,44";0;"30,02";18/04/2024
964015381;19/03/2024 - 17:53:56;Crédito;Pago;1/1;Mastercard;30;"0,44";0;"29,56";18/04/2024
963757443;19/03/2024 - 14:11:35;Crédito;Pago;1/1;Mastercard;"121,44";"1,76";0;"119,68";18/04/2024
963514513;19/03/2024 - 10:33:37;Crédito;Pago;1/1;Mastercard;70;"1,02";0;"68,98";18/04/2024
963479507;19/03/2024 - 09:59:48;Crédito;Pago;1/1;Mastercard;50;"0,72";0;"49,28";18/04/2024
963496619;19/03/2024 - 10:16:12;Crédito;Pago;1/1;Mastercard;"50,03";"0,73";0;"49,3";18/04/2024
963334355;19/03/2024 - 07:20:01;Crédito;Pago;1/1;Mastercard;60;"0,87";0;"59,13";18/04/2024
993766323;17/04/2024 - 07:37:32;Débito;Pago;1/1;Visa;30;"0,21";0;"29,79";18/04/2024
994001345;17/04/2024 - 11:43:21;Débito;Pago;1/1;Visa;"171,55";"1,2";0;"170,35";18/04/2024
994002481;17/04/2024 - 11:44:19;Débito;Pago;1/1;Visa;50;"0,35";0;"49,65";18/04/2024
994029239;17/04/2024 - 12:07:20;Débito;Pago;1/1;Visa;20;"0,14";0;"19,86";18/04/2024
994156307;17/04/2024 - 13:56:18;Débito;Pago;1/1;Visa;50;"0,35";0;"49,65";18/04/2024
994160289;17/04/2024 - 14:00:21;Débito;Pago;1/1;Visa;50;"0,35";0;"49,65";18/04/2024
994399039;17/04/2024 - 17:28:45;Débito;Pago;1/1;Visa;20;"0,14";0;"19,86";18/04/2024
994590415;17/04/2024 - 19:59:07;Débito;Pago;1/1;Visa;40;"0,28";0;"39,72";18/04/2024
1026075538;17/04/2024 - 09:06:02;Débito;Pago;1/1;Visa;100;"0,7";0;"99,3";18/04/2024
1026011260;17/04/2024 - 07:52:35;Débito;Pago;1/1;Visa;50;"0,35";0;"49,65";18/04/2024
1026012120;17/04/2024 - 07:53:31;Débito;Pago;1/1;Visa;20;"0,14";0;"19,86";18/04/2024
1026483838;17/04/2024 - 15:19:26;Débito;Pago;1/1;Visa;50;"0,35";0;"49,65";18/04/2024
1026491780;17/04/2024 - 15:26:25;Débito;Pago;1/1;Visa;"289,62";"2,03";0;"287,59";18/04/2024
1026685578;17/04/2024 - 17:48:23;Débito;Pago;1/1;Visa;100;"0,7";0;"99,3";18/04/2024
1026732372;17/04/2024 - 18:18:03;Débito;Pago;1/1;Visa;"179,52";"1,26";0;"178,26";18/04/2024
1026762034;17/04/2024 - 18:38:01;Débito;Pago;1/1;Visa;100;"0,7";0;"99,3";18/04/2024
1026765484;17/04/2024 - 18:40:29;Débito;Pago;1/1;Visa;20;"0,14";0;"19,86";18/04/2024
1026927758;17/04/2024 - 21:48:03;Débito;Pago;1/1;Visa;"25,82";"0,18";0;"25,64";18/04/2024
993747847;17/04/2024 - 07:13:03;Débito;Pago;1/1;Mastercard;50;"0,35";0;"49,65";18/04/2024
993754465;17/04/2024 - 07:22:01;Débito;Pago;1/1;Mastercard;50;"0,35";0;"49,65";18/04/2024
994643533;17/04/2024 - 21:15:42;Débito;Pago;1/1;Mastercard;10;"0,07";0;"9,93";18/04/2024
1026921252;17/04/2024 - 21:34:50;Débito;Pago;1/1;Mastercard;30;"0,21";0;"29,79";18/04/2024
1026789790;17/04/2024 - 18:58:43;Débito;Pago;1/1;Mastercard;50;"0,35";0;"49,65";18/04/2024
1026794082;17/04/2024 - 19:02:10;Débito;Pago;1/1;Mastercard;100;"0,7";0;"99,3";18/04/2024
1026873968;17/04/2024 - 20:22:02;Débito;Pago;1/1;Mastercard;20;"0,14";0;"19,86";18/04/2024
1026886086;17/04/2024 - 20:38:57;Débito;Pago;1/1;Mastercard;50;"0,35";0;"49,65";18/04/2024
1026768116;17/04/2024 - 18:42:30;Débito;Pago;1/1;Mastercard;20;"0,14";0;"19,86";18/04/2024
1026760240;17/04/2024 - 18:36:42;Débito;Pago;1/1;Mastercard;"30,05";"0,21";0;"29,84";18/04/2024
1026721546;17/04/2024 - 18:10:58;Débito;Pago;1/1;Mastercard;50;"0,35";0;"49,65";18/04/2024
1026505748;17/04/2024 - 15:38:58;Débito;Pago;1/1;Mastercard;15;"0,1";0;"14,9";18/04/2024
1026520034;17/04/2024 - 15:51:30;Débito;Pago;1/1;Mastercard;30;"0,21";0;"29,79";18/04/2024
1026523974;17/04/2024 - 15:54:43;Débito;Pago;1/1;Mastercard;10;"0,07";0;"9,93";18/04/2024
1026583040;17/04/2024 - 16:41:36;Débito;Pago;1/1;Mastercard;12;"0,08";0;"11,92";18/04/2024
1026616236;17/04/2024 - 17:05:28;Débito;Pago;1/1;Mastercard;50;"0,35";0;"49,65";18/04/2024
1026625800;17/04/2024 - 17:11:32;Débito;Pago;1/1;Mastercard;50;"0,35";0;"49,65";18/04/2024
1026633172;17/04/2024 - 17:15:56;Débito;Pago;1/1;Mastercard;30;"0,21";0;"29,79";18/04/2024
1026643956;17/04/2024 - 17:22:41;Débito;Pago;1/1;Mastercard;100;"0,7";0;"99,3";18/04/2024
1026022598;17/04/2024 - 08:05:39;Débito;Pago;1/1;Mastercard;50;"0,35";0;"49,65";18/04/2024
1026328282;17/04/2024 - 12:54:58;Débito;Pago;1/1;Mastercard;"23,04";"0,16";0;"22,88";18/04/2024
994500481;17/04/2024 - 18:37:24;Débito;Pago;1/1;Mastercard;50;"0,35";0;"49,65";18/04/2024
994552965;17/04/2024 - 19:20:14;Débito;Pago;1/1;Mastercard;50;"0,35";0;"49,65";18/04/2024
994565051;17/04/2024 - 19:32:10;Débito;Pago;1/1;Mastercard;20;"0,14";0;"19,86";18/04/2024
994579721;17/04/2024 - 19:47:35;Débito;Pago;1/1;Mastercard;15;"0,1";0;"14,9";18/04/2024
1026079896;17/04/2024 - 09:10:54;Débito;Pago;1/1;Mastercard;60;"0,42";0;"59,58";18/04/2024
1026082172;17/04/2024 - 09:13:22;Débito;Pago;1/1;Mastercard;50;"0,35";0;"49,65";18/04/2024
1026107500;17/04/2024 - 09:40:29;Débito;Pago;1/1;Mastercard;"205,16";"1,44";0;"203,72";18/04/2024
1026118764;17/04/2024 - 09:51:47;Débito;Pago;1/1;Mastercard;10;"0,07";0;"9,93";18/04/2024
1026126970;17/04/2024 - 09:59:52;Débito;Pago;1/1;Mastercard;60;"0,42";0;"59,58";18/04/2024
1026134850;17/04/2024 - 10:07:21;Débito;Pago;1/1;Mastercard;200;"1,4";0;"198,6";18/04/2024
1026170962;17/04/2024 - 10:43:40;Débito;Pago;1/1;Mastercard;100;"0,7";0;"99,3";18/04/2024
1026181282;17/04/2024 - 10:53:50;Débito;Pago;1/1;Mastercard;"129,7";"0,91";0;"128,79";18/04/2024
1026232626;17/04/2024 - 11:40:37;Débito;Pago;1/1;Mastercard;50;"0,35";0;"49,65";18/04/2024
994594645;17/04/2024 - 20:04:14;Débito;Pago;1/1;Mastercard;15;"0,1";0;"14,9";18/04/2024
994596509;17/04/2024 - 20:06:26;Débito;Pago;1/1;Mastercard;40;"0,28";0;"39,72";18/04/2024
994617905;17/04/2024 - 20:34:01;Débito;Pago;1/1;Mastercard;100;"0,7";0;"99,3";18/04/2024
1025962642;17/04/2024 - 06:51:19;Débito;Pago;1/1;Mastercard;"274,16";"1,92";0;"272,24";18/04/2024
1025963810;17/04/2024 - 06:53:03;Débito;Pago;1/1;Mastercard;50;"0,35";0;"49,65";18/04/2024
1025972510;17/04/2024 - 07:06:20;Débito;Pago;1/1;Mastercard;30;"0,21";0;"29,79";18/04/2024
1025977492;17/04/2024 - 07:12:19;Débito;Pago;1/1;Mastercard;50;"0,35";0;"49,65";18/04/2024
1025982842;17/04/2024 - 07:18:45;Débito;Pago;1/1;Mastercard;50;"0,35";0;"49,65";18/04/2024
994529331;17/04/2024 - 18:59:38;Débito;Pago;1/1;Mastercard;100;"0,7";0;"99,3";18/04/2024
994545077;17/04/2024 - 19:12:52;Débito;Pago;1/1;Mastercard;100;"0,7";0;"99,3";18/04/2024
994171309;17/04/2024 - 14:11:20;Débito;Pago;1/1;Mastercard;150;"1,05";0;"148,95";18/04/2024
994385373;17/04/2024 - 17:20:02;Débito;Pago;1/1;Mastercard;20;"0,14";0;"19,86";18/04/2024
994397645;17/04/2024 - 17:27:55;Débito;Pago;1/1;Mastercard;"174,86";"1,22";0;"173,64";18/04/2024
994034053;17/04/2024 - 12:11:03;Débito;Pago;1/1;Mastercard;50;"0,35";0;"49,65";18/04/2024
994094545;17/04/2024 - 12:59:10;Débito;Pago;1/1;Mastercard;50;"0,35";0;"49,65";18/04/2024
994102575;17/04/2024 - 13:06:04;Débito;Pago;1/1;Mastercard;50;"0,35";0;"49,65";18/04/2024
993804787;17/04/2024 - 08:23:46;Débito;Pago;1/1;Mastercard;50;"0,35";0;"49,65";18/04/2024
993855689;17/04/2024 - 09:20:18;Débito;Pago;1/1;Mastercard;30;"0,21";0;"29,79";18/04/2024
993933185;17/04/2024 - 10:39:59;Débito;Pago;1/1;Mastercard;30;"0,21";0;"29,79";18/04/2024
993956637;17/04/2024 - 11:03:15;Débito;Pago;1/1;Mastercard;20;"0,14";0;"19,86";18/04/2024
993961179;17/04/2024 - 11:07:53;Débito;Pago;1/1;Mastercard;50;"0,35";0;"49,65";18/04/2024
993763771;17/04/2024 - 07:34:12;Débito;Pago;1/1;Mastercard;20;"0,14";0;"19,86";18/04/2024
963547773;19/03/2024 - 11:06:41;Crédito;Pago;1/1;Elo;"152,14";"2,81";0;"149,33";18/04/2024
964149275;19/03/2024 - 19:39:47;Crédito;Pago;1/1;Elo;50;"0,92";0;"49,08";18/04/2024
993996366;19/03/2024 - 14:00:12;Crédito;Pago;1/1;Elo;100;"1,85";0;"98,15";18/04/2024
994104062;19/03/2024 - 15:42:57;Crédito;Pago;1/4;Elo;215;"5,05";0;"209,95";18/04/2024
994115122;19/03/2024 - 15:52:50;Crédito;Pago;1/1;Elo;50;"0,92";0;"49,08";18/04/2024
994246220;19/03/2024 - 17:28:45;Crédito;Pago;1/1;Elo;"151,03";"2,79";0;"148,24";18/04/2024
994251300;19/03/2024 - 17:31:50;Crédito;Pago;1/1;Elo;100;"1,85";0;"98,15";18/04/2024
994550635;17/04/2024 - 19:18:01;Débito;Pago;1/1;Elo;30;"0,31";0;"29,69";18/04/2024
994551507;17/04/2024 - 19:18:51;Débito;Pago;1/1;Elo;38;"0,4";0;"37,6";18/04/2024
994479407;17/04/2024 - 18:21:53;Débito;Pago;1/1;Elo;30;"0,31";0;"29,69";18/04/2024
1026301012;17/04/2024 - 12:33:39;Débito;Pago;1/1;Elo;100;"1,04";0;"98,96";18/04/2024
994528703;17/04/2024 - 18:59:09;Débito;Pago;1/1;Elo;30;"0,31";0;"29,69";18/04/2024
1026349266;17/04/2024 - 13:12:10;Débito;Pago;1/1;Elo;15;"0,16";0;"14,84";18/04/2024
1026774518;17/04/2024 - 18:47:25;Débito;Pago;1/1;Elo;40;"0,42";0;"39,58";18/04/2024
1026780772;17/04/2024 - 18:52:09;Débito;Pago;1/1;Elo;50;"0,52";0;"49,48";18/04/2024
994640665;17/04/2024 - 21:10:32;Débito;Pago;1/1;Elo;20;"0,21";0;"19,79";18/04/2024
994876499;18/04/2024 - 09:02:49;Crédito;Pago;1/1;Visa;"20,03";"0,29";0;"19,74";19/04/2024
964306031;20/03/2024 - 06:55:24;Crédito;Pago;1/1;Visa;50;"0,72";0;"49,28";19/04/2024
964538649;20/03/2024 - 11:19:25;Crédito;Pago;1/3;Visa;"122,04";"2,5";0;"119,54";19/04/2024
964612587;20/03/2024 - 12:24:40;Crédito;Pago;1/1;Visa;100;"1,45";0;"98,55";19/04/2024
964739123;20/03/2024 - 14:21:04;Crédito;Pago;1/1;Visa;100;"1,45";0;"98,55";19/04/2024
964821515;20/03/2024 - 15:45:12;Crédito;Pago;1/1;Visa;120;"1,74";0;"118,26";19/04/2024
964892429;20/03/2024 - 16:45:09;Crédito;Pago;1/1;Visa;"236,25";"3,43";0;"232,82";19/04/2024
964919583;20/03/2024 - 17:05:29;Crédito;Pago;1/1;Visa;150;"2,18";0;"147,82";19/04/2024
964928619;20/03/2024 - 17:11:27;Crédito;Pago;1/1;Visa;"23,43";"0,34";0;"23,09";19/04/2024
964936019;20/03/2024 - 17:16:13;Crédito;Pago;1/1;Visa;100;"1,45";0;"98,55";19/04/2024
964949345;20/03/2024 - 17:24:53;Crédito;Pago;1/1;Visa;70;"1,02";0;"68,98";19/04/2024
965166859;20/03/2024 - 20:03:00;Crédito;Pago;1/1;Visa;"296,51";"4,3";0;"292,21";19/04/2024
965068333;20/03/2024 - 18:40:25;Crédito;Pago;1/1;Visa;36;"0,52";0;"35,48";19/04/2024
965086347;20/03/2024 - 18:53:06;Crédito;Pago;1/1;Visa;50;"0,72";0;"49,28";19/04/2024
994672070;20/03/2024 - 08:07:30;Crédito;Pago;1/1;Visa;50;"0,72";0;"49,28";19/04/2024
994800706;20/03/2024 - 10:23:51;Crédito;Pago;1/1;Visa;100;"1,45";0;"98,55";19/04/2024
995176308;20/03/2024 - 15:57:51;Crédito;Pago;1/1;Visa;80;"1,16";0;"78,84";19/04/2024
995021164;20/03/2024 - 13:35:37;Crédito;Pago;1/1;Visa;50;"0,72";0;"49,28";19/04/2024
995511768;20/03/2024 - 19:33:57;Crédito;Pago;1/1;Visa;"152,77";"2,22";0;"150,55";19/04/2024
965224585;20/03/2024 - 21:16:57;Crédito;Pago;1/1;Mastercard;140;"2,03";0;"137,97";19/04/2024
995047742;20/03/2024 - 14:00:05;Crédito;Pago;1/1;Mastercard;20;"0,29";0;"19,71";19/04/2024
995145944;20/03/2024 - 15:32:19;Crédito;Pago;1/1;Mastercard;"127,38";"1,85";0;"125,53";19/04/2024
995265184;20/03/2024 - 17:01:57;Crédito;Pago;1/1;Mastercard;50;"0,72";0;"49,28";19/04/2024
995379030;20/03/2024 - 18:08:19;Crédito;Pago;1/1;Mastercard;50;"0,72";0;"49,28";19/04/2024
995388044;20/03/2024 - 18:13:19;Crédito;Pago;1/1;Mastercard;"173,84";"2,52";0;"171,32";19/04/2024
995390584;20/03/2024 - 18:14:47;Crédito;Pago;1/1;Mastercard;60;"0,87";0;"59,13";19/04/2024
995416120;20/03/2024 - 18:29:35;Crédito;Pago;1/1;Mastercard;"52,86";"0,77";0;"52,09";19/04/2024
994831626;20/03/2024 - 10:55:43;Crédito;Pago;1/1;Mastercard;10;"0,14";0;"9,86";19/04/2024
994968506;20/03/2024 - 12:52:44;Crédito;Pago;1/1;Mastercard;100;"1,45";0;"98,55";19/04/2024
965110303;20/03/2024 - 19:11:38;Crédito;Pago;1/1;Mastercard;"187,48";"2,72";0;"184,76";19/04/2024
965114097;20/03/2024 - 19:14:28;Crédito;Pago;1/1;Mastercard;50;"0,72";0;"49,28";19/04/2024
965124351;20/03/2024 - 19:23:10;Crédito;Pago;1/1;Mastercard;50;"0,72";0;"49,28";19/04/2024
994714822;20/03/2024 - 08:52:26;Crédito;Pago;1/1;Mastercard;20;"0,29";0;"19,71";19/04/2024
994718808;20/03/2024 - 08:56:47;Crédito;Pago;1/1;Mastercard;100;"1,45";0;"98,55";19/04/2024
994729066;20/03/2024 - 09:07:27;Crédito;Pago;1/1;Mastercard;100;"1,45";0;"98,55";19/04/2024
965070131;20/03/2024 - 18:41:36;Crédito;Pago;1/1;Mastercard;"32,83";"0,48";0;"32,35";19/04/2024
965085535;20/03/2024 - 18:52:31;Crédito;Pago;1/1;Mastercard;20;"0,29";0;"19,71";19/04/2024
965189241;20/03/2024 - 20:28:33;Crédito;Pago;1/1;Mastercard;150;"2,18";0;"147,82";19/04/2024
965191155;20/03/2024 - 20:30:53;Crédito;Pago;1/1;Mastercard;"161,99";"2,35";0;"159,64";19/04/2024
965210655;20/03/2024 - 20:55:27;Crédito;Pago;1/1;Mastercard;"21,03";"0,3";0;"20,73";19/04/2024
994590912;20/03/2024 - 06:23:04;Crédito;Pago;1/1;Mastercard;100;"1,45";0;"98,55";19/04/2024
994595894;20/03/2024 - 06:32:10;Crédito;Pago;1/1;Mastercard;50;"0,72";0;"49,28";19/04/2024
994602578;20/03/2024 - 06:43:23;Crédito;Pago;1/1;Mastercard;50;"0,72";0;"49,28";19/04/2024
994632364;20/03/2024 - 07:22:14;Crédito;Pago;1/1;Mastercard;"153,32";"2,22";0;"151,1";19/04/2024
994657286;20/03/2024 - 07:51:08;Crédito;Pago;1/1;Mastercard;100;"1,45";0;"98,55";19/04/2024
964985757;20/03/2024 - 17:47:33;Crédito;Pago;1/1;Mastercard;50;"0,72";0;"49,28";19/04/2024
965028365;20/03/2024 - 18:14:10;Crédito;Pago;1/1;Mastercard;20;"0,29";0;"19,71";19/04/2024
965058829;20/03/2024 - 18:33:54;Crédito;Pago;1/1;Mastercard;100;"1,45";0;"98,55";19/04/2024
964931891;20/03/2024 - 17:13:37;Crédito;Pago;1/1;Mastercard;4;"0,06";0;"3,94";19/04/2024
964880447;20/03/2024 - 16:35:34;Crédito;Pago;1/1;Mastercard;"14,68";"0,21";0;"14,47";19/04/2024
964757841;20/03/2024 - 14:40:41;Crédito;Pago;1/1;Mastercard;"104,8";"1,52";0;"103,28";19/04/2024
964764635;20/03/2024 - 14:47:58;Crédito;Pago;1/1;Mastercard;100;"1,45";0;"98,55";19/04/2024
964617873;20/03/2024 - 12:29:09;Crédito;Pago;1/1;Mastercard;"266,51";"3,86";0;"262,65";19/04/2024
964466419;20/03/2024 - 10:02:29;Crédito;Pago;1/1;Mastercard;"216,7";"3,14";0;"213,56";19/04/2024
964471213;20/03/2024 - 10:07:41;Crédito;Pago;1/1;Mastercard;10;"0,14";0;"9,86";19/04/2024
964474133;20/03/2024 - 10:10:50;Crédito;Pago;1/1;Mastercard;"264,78";"3,84";0;"260,94";19/04/2024
964528811;20/03/2024 - 11:09:32;Crédito;Pago;1/1;Mastercard;100;"1,45";0;"98,55";19/04/2024
964306551;20/03/2024 - 06:56:07;Crédito;Pago;1/1;Mastercard;"17,2";"0,25";0;"16,95";19/04/2024
964352615;20/03/2024 - 07:54:25;Crédito;Pago;1/1;Mastercard;20;"0,29";0;"19,71";19/04/2024
964382315;20/03/2024 - 08:29:28;Crédito;Pago;1/1;Mastercard;30;"0,44";0;"29,56";19/04/2024
933044827;19/02/2024 - 10:31:35;Crédito;Pago;2/3;Mastercard;"123,13";"2,52";0;"120,61";19/04/2024
900880985;20/01/2024 - 09:15:52;Crédito;Pago;3/3;Mastercard;"108,3";"2,22";0;"106,08";19/04/2024
994713165;18/04/2024 - 06:09:58;Crédito;Pago;1/1;Mastercard;150;"2,18";0;"147,82";19/04/2024
994745075;18/04/2024 - 07:05:19;Débito;Pago;1/1;Visa;60;"0,42";0;"59,58";19/04/2024
994750773;18/04/2024 - 07:11:42;Débito;Pago;1/1;Visa;100;"0,7";0;"99,3";19/04/2024
994778339;18/04/2024 - 07:39:09;Débito;Pago;1/1;Visa;100;"0,7";0;"99,3";19/04/2024
994789445;18/04/2024 - 07:50:06;Débito;Pago;1/1;Visa;20;"0,14";0;"19,86";19/04/2024
994796995;18/04/2024 - 07:57:11;Débito;Pago;1/1;Visa;150;"1,05";0;"148,95";19/04/2024
994802879;18/04/2024 - 08:02:44;Débito;Pago;1/1;Visa;30;"0,21";0;"29,79";19/04/2024
995229923;18/04/2024 - 13:14:56;Débito;Pago;1/1;Visa;50;"0,35";0;"49,65";19/04/2024
995287923;18/04/2024 - 13:59:43;Débito;Pago;1/1;Visa;40;"0,28";0;"39,72";19/04/2024
995460573;18/04/2024 - 16:21:19;Débito;Pago;1/1;Visa;100;"0,7";0;"99,3";19/04/2024
995532089;18/04/2024 - 17:08:16;Débito;Pago;1/1;Visa;"113,98";"0,8";0;"113,18";19/04/2024
1027038102;18/04/2024 - 07:47:21;Débito;Pago;1/1;Visa;50;"0,35";0;"49,65";19/04/2024
995634093;18/04/2024 - 18:04:59;Débito;Pago;1/1;Visa;30;"0,21";0;"29,79";19/04/2024
1026996534;18/04/2024 - 06:33:37;Débito;Pago;1/1;Visa;50;"0,35";0;"49,65";19/04/2024
1027139636;18/04/2024 - 10:48:17;Débito;Pago;1/1;Visa;"111,18";"0,78";0;"110,4";19/04/2024
1027018924;18/04/2024 - 07:15:51;Débito;Pago;1/1;Visa;50;"0,35";0;"49,65";19/04/2024
1027291676;18/04/2024 - 13:34:08;Débito;Pago;1/1;Visa;50;"0,35";0;"49,65";19/04/2024
1027511496;18/04/2024 - 17:19:28;Débito;Pago;1/1;Visa;19;"0,13";0;"18,87";19/04/2024
1027513936;18/04/2024 - 17:21:14;Débito;Pago;1/1;Visa;20;"0,14";0;"19,86";19/04/2024
1027518078;18/04/2024 - 17:24:22;Débito;Pago;1/1;Visa;"20,03";"0,14";0;"19,89";19/04/2024
1027568332;18/04/2024 - 18:01:00;Débito;Pago;1/1;Visa;100;"0,7";0;"99,3";19/04/2024
1027597144;18/04/2024 - 18:21:49;Débito;Pago;1/1;Visa;30;"0,21";0;"29,79";19/04/2024
1027605928;18/04/2024 - 18:28:21;Débito;Pago;1/1;Visa;30;"0,21";0;"29,79";19/04/2024
1027753536;18/04/2024 - 21:07:44;Débito;Pago;1/1;Visa;100;"0,7";0;"99,3";19/04/2024
1027577066;18/04/2024 - 18:07:22;Débito;Pago;1/1;Visa;"218,11";"1,53";0;"216,58";19/04/2024
995834125;18/04/2024 - 20:58:28;Débito;Pago;1/1;Mastercard;"26,98";"0,19";0;"26,79";19/04/2024
994710721;18/04/2024 - 06:00:27;Débito;Pago;1/1;Mastercard;100;"0,7";0;"99,3";19/04/2024
1027585322;18/04/2024 - 18:13:24;Débito;Pago;1/1;Mastercard;30;"0,21";0;"29,79";19/04/2024
1027764410;18/04/2024 - 21:26:29;Débito;Pago;1/1;Mastercard;20;"0,14";0;"19,86";19/04/2024
1027779042;18/04/2024 - 21:55:26;Débito;Pago;1/1;Mastercard;"164,31";"1,15";0;"163,16";19/04/2024
1027725728;18/04/2024 - 20:27:37;Débito;Pago;1/1;Mastercard;100;"0,7";0;"99,3";19/04/2024
1027729356;18/04/2024 - 20:32:33;Débito;Pago;1/1;Mastercard;30;"0,21";0;"29,79";19/04/2024
1027569684;18/04/2024 - 18:01:55;Débito;Pago;1/1;Mastercard;50;"0,35";0;"49,65";19/04/2024
1027301314;18/04/2024 - 13:45:13;Débito;Pago;1/1;Mastercard;50;"0,35";0;"49,65";19/04/2024
1027314310;18/04/2024 - 14:00:17;Débito;Pago;1/1;Mastercard;70;"0,49";0;"69,51";19/04/2024
1027523810;18/04/2024 - 17:28:41;Débito;Pago;1/1;Mastercard;30;"0,21";0;"29,79";19/04/2024
1027525532;18/04/2024 - 17:29:57;Débito;Pago;1/1;Mastercard;15;"0,1";0;"14,9";19/04/2024
1027536674;18/04/2024 - 17:38:07;Débito;Pago;1/1;Mastercard;50;"0,35";0;"49,65";19/04/2024
1027564764;18/04/2024 - 17:58:28;Débito;Pago;1/1;Mastercard;10;"0,07";0;"9,93";19/04/2024
1027376224;18/04/2024 - 15:13:55;Débito;Pago;1/1;Mastercard;150;"1,05";0;"148,95";19/04/2024
1027400166;18/04/2024 - 15:39:53;Débito;Pago;1/1;Mastercard;50;"0,35";0;"49,65";19/04/2024
1027416384;18/04/2024 - 15:56:59;Débito;Pago;1/1;Mastercard;30;"0,21";0;"29,79";19/04/2024
1027479946;18/04/2024 - 16:55:10;Débito;Pago;1/1;Mastercard;200;"1,4";0;"198,6";19/04/2024
1027024718;18/04/2024 - 07:24:55;Débito;Pago;1/1;Mastercard;"303,95";"2,13";0;"301,82";19/04/2024
1027194404;18/04/2024 - 11:54:47;Débito;Pago;1/1;Mastercard;20;"0,14";0;"19,86";19/04/2024
1027221766;18/04/2024 - 12:21:55;Débito;Pago;1/1;Mastercard;60;"0,42";0;"59,58";19/04/2024
1027235560;18/04/2024 - 12:35:25;Débito;Pago;1/1;Mastercard;130;"0,91";0;"129,09";19/04/2024
1027245916;18/04/2024 - 12:45:54;Débito;Pago;1/1;Mastercard;20;"0,14";0;"19,86";19/04/2024
1027280896;18/04/2024 - 13:22:06;Débito;Pago;1/1;Mastercard;150;"1,05";0;"148,95";19/04/2024
1027283252;18/04/2024 - 13:24:44;Débito;Pago;1/1;Mastercard;20;"0,14";0;"19,86";19/04/2024
1027289612;18/04/2024 - 13:31:45;Débito;Pago;1/1;Mastercard;200;"1,4";0;"198,6";19/04/2024
1027157642;18/04/2024 - 11:12:24;Débito;Pago;1/1;Mastercard;20;"0,14";0;"19,86";19/04/2024
1027158506;18/04/2024 - 11:13:22;Débito;Pago;1/1;Mastercard;40;"0,28";0;"39,72";19/04/2024
1027190952;18/04/2024 - 11:51:04;Débito;Pago;1/1;Mastercard;"62,01";"0,43";0;"61,58";19/04/2024
1027001950;18/04/2024 - 06:45:20;Débito;Pago;1/1;Mastercard;30;"0,21";0;"29,79";19/04/2024
1027013012;18/04/2024 - 07:05:03;Débito;Pago;1/1;Mastercard;100;"0,7";0;"99,3";19/04/2024
995646777;18/04/2024 - 18:12:21;Débito;Pago;1/1;Mastercard;100;"0,7";0;"99,3";19/04/2024
1027038646;18/04/2024 - 07:48:05;Débito;Pago;1/1;Mastercard;100;"0,7";0;"99,3";19/04/2024
1027044640;18/04/2024 - 07:58:12;Débito;Pago;1/1;Mastercard;6;"0,04";0;"5,96";19/04/2024
1027054940;18/04/2024 - 08:14:16;Débito;Pago;1/1;Mastercard;50;"0,35";0;"49,65";19/04/2024
1027085400;18/04/2024 - 09:25:35;Débito;Pago;1/1;Mastercard;30;"0,21";0;"29,79";19/04/2024
1027117390;18/04/2024 - 10:16:07;Débito;Pago;1/1;Mastercard;100;"0,7";0;"99,3";19/04/2024
1027119624;18/04/2024 - 10:19:13;Débito;Pago;1/1;Mastercard;150;"1,05";0;"148,95";19/04/2024
1027137092;18/04/2024 - 10:44:34;Débito;Pago;1/1;Mastercard;"3,65";"0,03";0;"3,62";19/04/2024
995540135;18/04/2024 - 17:12:59;Débito;Pago;1/1;Mastercard;25;"0,18";0;"24,82";19/04/2024
995591659;18/04/2024 - 17:41:01;Débito;Pago;1/1;Mastercard;15;"0,1";0;"14,9";19/04/2024
995487429;18/04/2024 - 16:39:55;Débito;Pago;1/1;Mastercard;50;"0,35";0;"49,65";19/04/2024
995514887;18/04/2024 - 16:57:47;Débito;Pago;1/1;Mastercard;24;"0,17";0;"23,83";19/04/2024
995698471;18/04/2024 - 18:44:58;Débito;Pago;1/1;Mastercard;50;"0,35";0;"49,65";19/04/2024
995710699;18/04/2024 - 18:53:30;Débito;Pago;1/1;Mastercard;"14,01";"0,1";0;"13,91";19/04/2024
995768395;18/04/2024 - 19:40:09;Débito;Pago;1/1;Mastercard;100;"0,7";0;"99,3";19/04/2024
994873145;18/04/2024 - 09:00:18;Débito;Pago;1/1;Mastercard;"29,64";"0,21";0;"29,43";19/04/2024
994889053;18/04/2024 - 09:12:10;Débito;Pago;1/1;Mastercard;100;"0,7";0;"99,3";19/04/2024
995249157;18/04/2024 - 13:28:31;Débito;Pago;1/1;Mastercard;35;"0,24";0;"34,76";19/04/2024
995274563;18/04/2024 - 13:48:18;Débito;Pago;1/1;Mastercard;100;"0,7";0;"99,3";19/04/2024
995281205;18/04/2024 - 13:53:58;Débito;Pago;1/1;Mastercard;13;"0,09";0;"12,91";19/04/2024
994804517;18/04/2024 - 08:04:18;Débito;Pago;1/1;Mastercard;50;"0,35";0;"49,65";19/04/2024
994825023;18/04/2024 - 08:23:20;Débito;Pago;1/1;Mastercard;50;"0,35";0;"49,65";19/04/2024
994936185;18/04/2024 - 09:48:20;Débito;Pago;1/1;Mastercard;"36,65";"0,26";0;"36,39";19/04/2024
995050649;18/04/2024 - 11:15:12;Débito;Pago;1/1;Mastercard;20;"0,14";0;"19,86";19/04/2024
995058243;18/04/2024 - 11:20:30;Débito;Pago;1/1;Mastercard;8;"0,06";0;"7,94";19/04/2024
995058849;18/04/2024 - 11:20:56;Débito;Pago;1/1;Mastercard;80;"0,56";0;"79,44";19/04/2024
995079555;18/04/2024 - 11:35:42;Débito;Pago;1/1;Mastercard;30;"0,21";0;"29,79";19/04/2024
995117469;18/04/2024 - 12:01:06;Débito;Pago;1/1;Mastercard;100;"0,7";0;"99,3";19/04/2024
994794597;18/04/2024 - 07:54:55;Débito;Pago;1/1;Mastercard;50;"0,35";0;"49,65";19/04/2024
994788937;18/04/2024 - 07:49:42;Débito;Pago;1/1;Mastercard;100;"0,7";0;"99,3";19/04/2024
994768587;18/04/2024 - 07:29:47;Débito;Pago;1/1;Mastercard;20;"0,14";0;"19,86";19/04/2024
994737263;18/04/2024 - 06:55:03;Débito;Pago;1/1;Mastercard;"244,99";"1,71";0;"243,28";19/04/2024
994751413;18/04/2024 - 07:12:17;Débito;Pago;1/1;Mastercard;100;"0,7";0;"99,3";19/04/2024
994752449;18/04/2024 - 07:13:13;Débito;Pago;1/1;Mastercard;50;"0,35";0;"49,65";19/04/2024
964383095;20/03/2024 - 08:30:27;Crédito;Pago;1/1;Elo;"35,76";"0,66";0;"35,1";19/04/2024
964677797;20/03/2024 - 13:20:30;Crédito;Pago;1/1;Elo;70;"1,3";0;"68,7";19/04/2024
964878651;20/03/2024 - 16:34:01;Crédito;Pago;1/1;Elo;59;"1,09";0;"57,91";19/04/2024
964961871;20/03/2024 - 17:32:47;Crédito;Pago;1/1;Elo;100;"1,85";0;"98,15";19/04/2024
965104769;20/03/2024 - 19:07:04;Crédito;Pago;1/1;Elo;30;"0,56";0;"29,44";19/04/2024
994758579;18/04/2024 - 07:19:28;Débito;Pago;1/1;Elo;30;"0,31";0;"29,69";19/04/2024
994827643;18/04/2024 - 08:25:30;Débito;Pago;1/1;Elo;50;"0,52";0;"49,48";19/04/2024
994911801;18/04/2024 - 09:29:43;Débito;Pago;1/1;Elo;"8,5";"0,09";0;"8,41";19/04/2024
995373199;18/04/2024 - 15:13:38;Débito;Pago;1/1;Elo;"131,66";"1,37";0;"130,29";19/04/2024
995452431;18/04/2024 - 16:15:35;Débito;Pago;1/1;Elo;150;"1,56";0;"148,44";19/04/2024
995803969;18/04/2024 - 20:17:49;Débito;Pago;1/1;Elo;100;"1,04";0;"98,96";19/04/2024
995689647;18/04/2024 - 18:39:07;Débito;Pago;1/1;Elo;25;"0,26";0;"24,74";19/04/2024
1027192674;18/04/2024 - 11:52:57;Débito;Pago;1/1;Elo;50;"0,52";0;"49,48";19/04/2024
1027297106;18/04/2024 - 13:40:26;Débito;Pago;1/1;Elo;"226,74";"2,36";0;"224,38";19/04/2024
1027356806;18/04/2024 - 14:52:00;Débito;Pago;1/1;Elo;30;"0,31";0;"29,69";19/04/2024
928839440;23/01/2024 - 13:02:03;Crédito;Pago;3/3;Visa;"115,5";"2,37";0;"113,13";22/04/2024
965340199;21/03/2024 - 07:06:35;Crédito;Pago;1/1;Visa;50;"0,72";0;"49,28";22/04/2024
965348399;21/03/2024 - 07:17:23;Crédito;Pago;1/1;Visa;50;"0,72";0;"49,28";22/04/2024
965363585;21/03/2024 - 07:35:27;Crédito;Pago;1/1;Visa;60;"0,87";0;"59,13";22/04/2024
965379303;21/03/2024 - 07:53:55;Crédito;Pago;1/1;Visa;30;"0,44";0;"29,56";22/04/2024
965740705;21/03/2024 - 13:22:43;Crédito;Pago;1/1;Visa;"322,5";"4,68";0;"317,82";22/04/2024
965775059;21/03/2024 - 13:54:47;Crédito;Pago;1/1;Visa;"42,44";"0,62";0;"41,82";22/04/2024
965808647;21/03/2024 - 14:28:45;Crédito;Pago;1/1;Visa;120;"1,74";0;"118,26";22/04/2024
965983597;21/03/2024 - 17:01:00;Crédito;Pago;1/1;Visa;100;"1,45";0;"98,55";22/04/2024
966002119;21/03/2024 - 17:13:34;Crédito;Pago;1/1;Visa;100;"1,45";0;"98,55";22/04/2024
966003199;21/03/2024 - 17:14:16;Crédito;Pago;1/1;Visa;100;"1,45";0;"98,55";22/04/2024
995717400;21/03/2024 - 06:37:46;Crédito;Pago;1/1;Visa;50;"0,72";0;"49,28";22/04/2024
995717832;21/03/2024 - 06:38:28;Crédito;Pago;1/1;Visa;"49,99";"0,72";0;"49,27";22/04/2024
966140735;21/03/2024 - 18:41:03;Crédito;Pago;1/1;Visa;40;"0,58";0;"39,42";22/04/2024
995990898;21/03/2024 - 11:19:35;Crédito;Pago;1/1;Visa;50;"0,72";0;"49,28";22/04/2024
996142462;21/03/2024 - 13:16:29;Crédito;Pago;1/1;Visa;70;"1,02";0;"68,98";22/04/2024
996169980;21/03/2024 - 13:40:29;Crédito;Pago;1/1;Visa;"99,8";"1,45";0;"98,35";22/04/2024
996272820;21/03/2024 - 15:19:01;Crédito;Pago;1/1;Visa;70;"1,02";0;"68,98";22/04/2024
996601240;21/03/2024 - 19:00:01;Crédito;Pago;1/1;Visa;50;"0,72";0;"49,28";22/04/2024
996614882;21/03/2024 - 19:09:34;Crédito;Pago;1/1;Visa;"212,23";"3,08";0;"209,15";22/04/2024
996304692;21/03/2024 - 15:46:25;Crédito;Pago;1/1;Visa;"92,8";"1,35";0;"91,45";22/04/2024
996305794;21/03/2024 - 15:47:24;Crédito;Pago;1/1;Visa;"48,9";"0,71";0;"48,19";22/04/2024
966382901;22/03/2024 - 06:21:53;Crédito;Pago;1/1;Visa;10;"0,14";0;"9,86";22/04/2024
966598531;22/03/2024 - 10:30:44;Crédito;Pago;1/1;Visa;"166,57";"2,42";0;"164,15";22/04/2024
966711241;22/03/2024 - 12:05:30;Crédito;Pago;1/1;Visa;35;"0,51";0;"34,49";22/04/2024
966738569;22/03/2024 - 12:25:18;Crédito;Pago;1/1;Visa;50;"0,72";0;"49,28";22/04/2024
966776489;22/03/2024 - 12:53:31;Crédito;Pago;1/1;Visa;40;"0,58";0;"39,42";22/04/2024
966868561;22/03/2024 - 14:11:36;Crédito;Pago;1/1;Visa;100;"1,45";0;"98,55";22/04/2024
966870815;22/03/2024 - 14:13:43;Crédito;Pago;1/1;Visa;"213,54";"3,1";0;"210,44";22/04/2024
966945249;22/03/2024 - 15:21:51;Crédito;Pago;1/1;Visa;60;"0,87";0;"59,13";22/04/2024
966456039;22/03/2024 - 08:02:17;Crédito;Pago;1/1;Visa;"273,08";"3,96";0;"269,12";22/04/2024
966967715;22/03/2024 - 15:40:52;Crédito;Pago;1/1;Visa;60;"0,87";0;"59,13";22/04/2024
967085899;22/03/2024 - 17:07:46;Crédito;Pago;1/1;Visa;100;"1,45";0;"98,55";22/04/2024
967101307;22/03/2024 - 17:17:10;Crédito;Pago;1/1;Visa;30;"0,44";0;"29,56";22/04/2024
967166527;22/03/2024 - 17:56:35;Crédito;Pago;1/1;Visa;"191,9";"2,78";0;"189,12";22/04/2024
967168515;22/03/2024 - 17:57:50;Crédito;Pago;1/1;Visa;"149,78";"2,17";0;"147,61";22/04/2024
967187645;22/03/2024 - 18:09:49;Crédito;Pago;1/1;Visa;"180,96";"2,62";0;"178,34";22/04/2024
967350529;22/03/2024 - 20:20:27;Crédito;Pago;1/1;Visa;100;"1,45";0;"98,55";22/04/2024
996860148;22/03/2024 - 07:04:48;Crédito;Pago;1/1;Visa;30;"0,44";0;"29,56";22/04/2024
996836244;22/03/2024 - 06:27:20;Crédito;Pago;1/1;Visa;100;"1,45";0;"98,55";22/04/2024
997250104;22/03/2024 - 12:56:06;Crédito;Pago;1/1;Visa;40;"0,58";0;"39,42";22/04/2024
997429444;22/03/2024 - 15:24:50;Crédito;Pago;1/1;Visa;"247,12";"3,58";0;"243,54";22/04/2024
997495480;22/03/2024 - 16:14:38;Crédito;Pago;1/1;Visa;"138,21";2;0;"136,21";22/04/2024
997567468;22/03/2024 - 17:01:52;Crédito;Pago;1/1;Visa;60;"0,87";0;"59,13";22/04/2024
997903198;22/03/2024 - 20:53:36;Crédito;Pago;1/1;Visa;150;"2,18";0;"147,82";22/04/2024
967554589;23/03/2024 - 07:43:56;Crédito;Pago;1/1;Visa;40;"0,58";0;"39,42";22/04/2024
967559473;23/03/2024 - 07:51:02;Crédito;Pago;1/1;Visa;100;"1,45";0;"98,55";22/04/2024
967738675;23/03/2024 - 10:22:22;Crédito;Pago;1/1;Visa;100;"1,45";0;"98,55";22/04/2024
967755543;23/03/2024 - 10:32:57;Crédito;Pago;1/1;Visa;"253,25";"3,67";0;"249,58";22/04/2024
967777523;23/03/2024 - 10:46:33;Crédito;Pago;1/1;Visa;90;"1,3";0;"88,7";22/04/2024
967846933;23/03/2024 - 11:26:28;Crédito;Pago;1/1;Visa;"361,04";"5,24";0;"355,8";22/04/2024
967940611;23/03/2024 - 12:16:22;Crédito;Pago;1/1;Visa;30;"0,44";0;"29,56";22/04/2024
968037147;23/03/2024 - 13:14:19;Crédito;Pago;1/1;Visa;100;"1,45";0;"98,55";22/04/2024
968336325;23/03/2024 - 17:26:03;Crédito;Pago;1/1;Visa;50;"0,72";0;"49,28";22/04/2024
968395167;23/03/2024 - 18:18:42;Crédito;Pago;1/1;Visa;40;"0,58";0;"39,42";22/04/2024
968404735;23/03/2024 - 18:26:46;Crédito;Pago;1/1;Visa;"270,66";"3,92";0;"266,74";22/04/2024
968435761;23/03/2024 - 18:52:26;Crédito;Pago;1/1;Visa;50;"0,72";0;"49,28";22/04/2024
968442379;23/03/2024 - 18:58:18;Crédito;Pago;1/1;Visa;100;"1,45";0;"98,55";22/04/2024
998153242;23/03/2024 - 08:44:56;Crédito;Pago;1/1;Visa;50;"0,72";0;"49,28";22/04/2024
997932984;22/03/2024 - 21:28:27;Crédito;Pago;1/1;Visa;50;"0,72";0;"49,28";22/04/2024
968186741;23/03/2024 - 15:14:22;Crédito;Pago;1/1;Visa;40;"0,58";0;"39,42";22/04/2024
968249869;23/03/2024 - 16:08:59;Crédito;Pago;1/1;Visa;10;"0,14";0;"9,86";22/04/2024
968321831;23/03/2024 - 17:12:58;Crédito;Pago;1/1;Visa;50;"0,72";0;"49,28";22/04/2024
968323819;23/03/2024 - 17:14:39;Crédito;Pago;1/1;Visa;50;"0,72";0;"49,28";22/04/2024
998933958;23/03/2024 - 17:42:21;Crédito;Pago;1/1;Visa;"134,7";"1,95";0;"132,75";22/04/2024
999035620;23/03/2024 - 19:01:51;Crédito;Pago;1/1;Visa;25;"0,36";0;"24,64";22/04/2024
999199008;23/03/2024 - 21:48:59;Crédito;Pago;1/1;Visa;20;"0,29";0;"19,71";22/04/2024
999093186;23/03/2024 - 19:50:58;Crédito;Pago;1/1;Visa;30;"0,44";0;"29,56";22/04/2024
968573333;23/03/2024 - 21:15:28;Crédito;Pago;1/1;Visa;20;"0,29";0;"19,71";22/04/2024
998594054;23/03/2024 - 13:15:26;Crédito;Pago;1/1;Mastercard;50;"0,72";0;"49,28";22/04/2024
999165760;23/03/2024 - 21:05:40;Crédito;Pago;1/1;Mastercard;30;"0,44";0;"29,56";22/04/2024
999051962;23/03/2024 - 19:15:14;Crédito;Pago;1/1;Mastercard;60;"0,87";0;"59,13";22/04/2024
968307781;23/03/2024 - 17:00:37;Crédito;Pago;1/1;Mastercard;20;"0,29";0;"19,71";22/04/2024
967527193;23/03/2024 - 06:54:23;Crédito;Pago;1/1;Mastercard;20;"0,29";0;"19,71";22/04/2024
967541829;23/03/2024 - 07:24:12;Crédito;Pago;1/1;Mastercard;"253,54";"3,68";0;"249,86";22/04/2024
998275302;23/03/2024 - 10:13:52;Crédito;Pago;1/1;Mastercard;"316,71";"4,59";0;"312,12";22/04/2024
998314010;23/03/2024 - 10:37:00;Crédito;Pago;1/1;Mastercard;100;"1,45";0;"98,55";22/04/2024
998439830;23/03/2024 - 11:46:50;Crédito;Pago;1/1;Mastercard;20;"0,29";0;"19,71";22/04/2024
998441850;23/03/2024 - 11:47:56;Crédito;Pago;1/1;Mastercard;100;"1,45";0;"98,55";22/04/2024
998515118;23/03/2024 - 12:27:35;Crédito;Pago;1/1;Mastercard;"298,3";"4,33";0;"293,97";22/04/2024
998541154;23/03/2024 - 12:42:25;Crédito;Pago;1/1;Mastercard;"189,8";"2,75";0;"187,05";22/04/2024
998560450;23/03/2024 - 12:53:51;Crédito;Pago;1/1;Mastercard;"40,47";"0,59";0;"39,88";22/04/2024
998563374;23/03/2024 - 12:55:38;Crédito;Pago;1/1;Mastercard;30;"0,44";0;"29,56";22/04/2024
968511967;23/03/2024 - 20:03:24;Crédito;Pago;1/1;Mastercard;100;"1,45";0;"98,55";22/04/2024
968517697;23/03/2024 - 20:09:58;Crédito;Pago;1/1;Mastercard;150;"2,18";0;"147,82";22/04/2024
998133486;23/03/2024 - 08:26:10;Crédito;Pago;1/1;Mastercard;"197,27";"2,86";0;"194,41";22/04/2024
998152422;23/03/2024 - 08:44:03;Crédito;Pago;1/1;Mastercard;50;"0,72";0;"49,28";22/04/2024
968042511;23/03/2024 - 13:18:04;Crédito;Pago;1/1;Mastercard;"149,19";"2,16";0;"147,03";22/04/2024
968074015;23/03/2024 - 13:40:20;Crédito;Pago;1/1;Mastercard;"101,91";"1,48";0;"100,43";22/04/2024
968109515;23/03/2024 - 14:07:58;Crédito;Pago;1/1;Mastercard;100;"1,45";0;"98,55";22/04/2024
968162635;23/03/2024 - 14:52:54;Crédito;Pago;1/1;Mastercard;"29,01";"0,42";0;"28,59";22/04/2024
967973263;23/03/2024 - 12:34:46;Crédito;Pago;1/1;Mastercard;100;"1,45";0;"98,55";22/04/2024
968019253;23/03/2024 - 13:02:44;Crédito;Pago;1/1;Mastercard;"114,9";"1,67";0;"113,23";22/04/2024
967801429;23/03/2024 - 11:00:26;Crédito;Pago;1/1;Mastercard;"57,9";"0,84";0;"57,06";22/04/2024
967803947;23/03/2024 - 11:01:55;Crédito;Pago;1/1;Mastercard;20;"0,29";0;"19,71";22/04/2024
967565039;23/03/2024 - 07:58:24;Crédito;Pago;1/1;Mastercard;"138,03";2;0;"136,03";22/04/2024
967571003;23/03/2024 - 08:05:35;Crédito;Pago;1/1;Mastercard;50;"0,72";0;"49,28";22/04/2024
967621557;23/03/2024 - 08:57:10;Crédito;Pago;1/1;Mastercard;50;"0,72";0;"49,28";22/04/2024
967666435;23/03/2024 - 09:33:36;Crédito;Pago;1/1;Mastercard;25;"0,36";0;"24,64";22/04/2024
997798986;22/03/2024 - 19:22:05;Crédito;Pago;1/1;Mastercard;30;"0,44";0;"29,56";22/04/2024
997544336;22/03/2024 - 16:47:09;Crédito;Pago;1/1;Mastercard;100;"1,45";0;"98,55";22/04/2024
997560756;22/03/2024 - 16:57:36;Crédito;Pago;1/1;Mastercard;50;"0,72";0;"49,28";22/04/2024
996133520;21/03/2024 - 13:09:22;Crédito;Pago;1/1;Mastercard;80;"1,16";0;"78,84";22/04/2024
997288790;22/03/2024 - 13:24:51;Crédito;Pago;1/1;Mastercard;100;"1,45";0;"98,55";22/04/2024
996855734;22/03/2024 - 06:59:00;Crédito;Pago;1/1;Mastercard;"153,78";"2,23";0;"151,55";22/04/2024
997071736;22/03/2024 - 10:41:00;Crédito;Pago;1/1;Mastercard;13;"0,19";0;"12,81";22/04/2024
997117494;22/03/2024 - 11:20:04;Crédito;Pago;1/1;Mastercard;50;"0,72";0;"49,28";22/04/2024
997190594;22/03/2024 - 12:14:27;Crédito;Pago;1/1;Mastercard;30;"0,44";0;"29,56";22/04/2024
996926620;22/03/2024 - 08:21:10;Crédito;Pago;1/1;Mastercard;"155,98";"2,26";0;"153,72";22/04/2024
996954618;22/03/2024 - 08:50:19;Crédito;Pago;1/1;Mastercard;100;"1,45";0;"98,55";22/04/2024
996989846;22/03/2024 - 09:25:26;Crédito;Pago;1/1;Mastercard;20;"0,29";0;"19,71";22/04/2024
997007608;22/03/2024 - 09:42:49;Crédito;Pago;1/1;Mastercard;"106,88";"1,55";0;"105,33";22/04/2024
996828944;22/03/2024 - 06:10:47;Crédito;Pago;1/1;Mastercard;516;"7,48";0;"508,52";22/04/2024
996829792;22/03/2024 - 06:12:49;Crédito;Pago;1/1;Mastercard;60;"0,87";0;"59,13";22/04/2024
967297839;22/03/2024 - 19:30:37;Crédito;Pago;1/1;Mastercard;"69,11";1;0;"68,11";22/04/2024
967300245;22/03/2024 - 19:32:41;Crédito;Pago;1/1;Mastercard;30;"0,44";0;"29,56";22/04/2024
967170815;22/03/2024 - 17:59:14;Crédito;Pago;1/1;Mastercard;100;"1,45";0;"98,55";22/04/2024
966521459;22/03/2024 - 09:15:28;Crédito;Pago;1/1;Mastercard;50;"0,72";0;"49,28";22/04/2024
966947575;22/03/2024 - 15:23:49;Crédito;Pago;1/1;Mastercard;50;"0,72";0;"49,28";22/04/2024
966961257;22/03/2024 - 15:35:30;Crédito;Pago;1/1;Mastercard;100;"1,45";0;"98,55";22/04/2024
966961627;22/03/2024 - 15:35:49;Crédito;Pago;1/1;Mastercard;40;"0,58";0;"39,42";22/04/2024
966885257;22/03/2024 - 14:27:13;Crédito;Pago;1/1;Mastercard;"17,83";"0,26";0;"17,57";22/04/2024
966914489;22/03/2024 - 14:54:26;Crédito;Pago;1/1;Mastercard;40;"0,58";0;"39,42";22/04/2024
966915403;22/03/2024 - 14:55:12;Crédito;Pago;1/1;Mastercard;100;"1,45";0;"98,55";22/04/2024
966920439;22/03/2024 - 14:59:38;Crédito;Pago;1/1;Mastercard;"28,97";"0,42";0;"28,55";22/04/2024
966936499;22/03/2024 - 15:14:01;Crédito;Pago;1/1;Mastercard;"248,57";"3,6";0;"244,97";22/04/2024
966793923;22/03/2024 - 13:07:27;Crédito;Pago;1/1;Mastercard;20;"0,29";0;"19,71";22/04/2024
966798855;22/03/2024 - 13:11:14;Crédito;Pago;1/1;Mastercard;130;"1,88";0;"128,12";22/04/2024
966803981;22/03/2024 - 13:15:22;Crédito;Pago;1/1;Mastercard;"131,99";"1,91";0;"130,08";22/04/2024
966711653;22/03/2024 - 12:05:50;Crédito;Pago;1/1;Mastercard;15;"0,22";0;"14,78";22/04/2024
966715737;22/03/2024 - 12:08:46;Crédito;Pago;1/1;Mastercard;20;"0,29";0;"19,71";22/04/2024
966432105;22/03/2024 - 07:34:15;Crédito;Pago;1/1;Mastercard;"29,36";"0,43";0;"28,93";22/04/2024
996644300;21/03/2024 - 19:32:40;Crédito;Pago;1/1;Mastercard;30;"0,44";0;"29,56";22/04/2024
996652102;21/03/2024 - 19:39:05;Crédito;Pago;1/1;Mastercard;100;"1,45";0;"98,55";22/04/2024
996290210;21/03/2024 - 15:34:18;Crédito;Pago;1/1;Mastercard;"76,38";"1,11";0;"75,27";22/04/2024
996332038;21/03/2024 - 16:09:19;Crédito;Pago;1/1;Mastercard;30;"0,44";0;"29,56";22/04/2024
996369008;21/03/2024 - 16:36:32;Crédito;Pago;1/1;Mastercard;20;"0,29";0;"19,71";22/04/2024
996423108;21/03/2024 - 17:12:58;Crédito;Pago;1/1;Mastercard;"24,03";"0,35";0;"23,68";22/04/2024
996457996;21/03/2024 - 17:33:26;Crédito;Pago;1/1;Mastercard;"233,07";"3,38";0;"229,69";22/04/2024
996543920;21/03/2024 - 18:23:10;Crédito;Pago;1/1;Mastercard;50;"0,72";0;"49,28";22/04/2024
996036716;21/03/2024 - 11:56:34;Crédito;Pago;1/1;Mastercard;50;"0,72";0;"49,28";22/04/2024
996083552;21/03/2024 - 12:31:14;Crédito;Pago;1/1;Mastercard;50;"0,72";0;"49,28";22/04/2024
995927558;21/03/2024 - 10:21:40;Crédito;Pago;1/1;Mastercard;25;"0,36";0;"24,64";22/04/2024
995719010;21/03/2024 - 06:40:09;Crédito;Pago;1/1;Mastercard;20;"0,29";0;"19,71";22/04/2024
995720928;21/03/2024 - 06:43:20;Crédito;Pago;1/1;Mastercard;100;"1,45";0;"98,55";22/04/2024
995726996;21/03/2024 - 06:52:23;Crédito;Pago;1/1;Mastercard;"28,08";"0,41";0;"27,67";22/04/2024
995765262;21/03/2024 - 07:38:18;Crédito;Pago;1/1;Mastercard;50;"0,72";0;"49,28";22/04/2024
995782766;21/03/2024 - 07:56:39;Crédito;Pago;1/1;Mastercard;"42,27";"0,61";0;"41,66";22/04/2024
995845238;21/03/2024 - 09:02:31;Crédito;Pago;1/1;Mastercard;"215,94";"3,13";0;"212,81";22/04/2024
966042875;21/03/2024 - 17:39:02;Crédito;Pago;1/1;Mastercard;100;"1,45";0;"98,55";22/04/2024
966219859;21/03/2024 - 19:45:18;Crédito;Pago;1/1;Mastercard;200;"2,9";0;"197,1";22/04/2024
966239569;21/03/2024 - 20:05:12;Crédito;Pago;1/3;Mastercard;"184,09";"3,77";0;"180,32";22/04/2024
966242301;21/03/2024 - 20:08:04;Crédito;Pago;1/1;Mastercard;50;"0,72";0;"49,28";22/04/2024
966261029;21/03/2024 - 20:29:51;Crédito;Pago;1/1;Mastercard;50;"0,72";0;"49,28";22/04/2024
965833097;21/03/2024 - 14:52:46;Crédito;Pago;1/1;Mastercard;20;"0,29";0;"19,71";22/04/2024
965858995;21/03/2024 - 15:17:33;Crédito;Pago;1/1;Mastercard;50;"0,72";0;"49,28";22/04/2024
965870409;21/03/2024 - 15:28:20;Crédito;Pago;1/1;Mastercard;150;"2,18";0;"147,82";22/04/2024
965876547;21/03/2024 - 15:34:02;Crédito;Pago;1/1;Mastercard;20;"0,29";0;"19,71";22/04/2024
965352853;21/03/2024 - 07:23:00;Crédito;Pago;1/1;Mastercard;"34,9";"0,51";0;"34,39";22/04/2024
965358607;21/03/2024 - 07:29:38;Crédito;Pago;1/1;Mastercard;50;"0,72";0;"49,28";22/04/2024
965344985;21/03/2024 - 07:12:50;Crédito;Pago;1/1;Mastercard;40;"0,58";0;"39,42";22/04/2024
965333089;21/03/2024 - 06:57:17;Crédito;Pago;1/1;Mastercard;30;"0,44";0;"29,56";22/04/2024
903632031;22/01/2024 - 17:47:25;Crédito;Pago;3/3;Mastercard;"105,8";"2,17";0;"103,63";22/04/2024
995951041;19/04/2024 - 07:01:23;Débito;Pago;1/1;Visa;20;"0,14";0;"19,86";22/04/2024
995996203;19/04/2024 - 07:57:24;Débito;Pago;1/1;Visa;30;"0,21";0;"29,79";22/04/2024
996040251;19/04/2024 - 08:46:45;Débito;Pago;1/1;Visa;30;"0,21";0;"29,79";22/04/2024
996044067;19/04/2024 - 08:50:45;Débito;Pago;1/1;Visa;30;"0,21";0;"29,79";22/04/2024
996114167;19/04/2024 - 10:00:41;Débito;Pago;1/1;Visa;150;"1,05";0;"148,95";22/04/2024
1027878546;19/04/2024 - 07:14:23;Débito;Pago;1/1;Visa;50;"0,35";0;"49,65";22/04/2024
1028033388;19/04/2024 - 10:02:08;Débito;Pago;1/1;Visa;"114,9";"0,8";0;"114,1";22/04/2024
1028036612;19/04/2024 - 10:04:57;Débito;Pago;1/1;Visa;100;"0,7";0;"99,3";22/04/2024
996095883;19/04/2024 - 09:43:31;Débito;Pago;1/1;Visa;50;"0,35";0;"49,65";22/04/2024
1028040390;19/04/2024 - 10:08:13;Débito;Pago;1/1;Mastercard;50;"0,35";0;"49,65";22/04/2024
1028042394;19/04/2024 - 10:09:59;Débito;Pago;1/1;Mastercard;15;"0,1";0;"14,9";22/04/2024
1027907390;19/04/2024 - 07:49:04;Débito;Pago;1/1;Mastercard;15;"0,1";0;"14,9";22/04/2024
1027989578;19/04/2024 - 09:20:30;Débito;Pago;1/1;Mastercard;30;"0,21";0;"29,79";22/04/2024
1028014388;19/04/2024 - 09:44:35;Débito;Pago;1/1;Mastercard;"333,03";"2,33";0;"330,7";22/04/2024
1028015660;19/04/2024 - 09:45:46;Débito;Pago;1/1;Mastercard;50;"0,35";0;"49,65";22/04/2024
1028020682;19/04/2024 - 09:50:21;Débito;Pago;1/1;Mastercard;20;"0,14";0;"19,86";22/04/2024
996137653;19/04/2024 - 10:22:27;Débito;Pago;1/1;Mastercard;30;"0,21";0;"29,79";22/04/2024
996150209;19/04/2024 - 10:33:55;Débito;Pago;1/1;Mastercard;20;"0,14";0;"19,86";22/04/2024
1027876416;19/04/2024 - 07:11:39;Débito;Pago;1/1;Mastercard;20;"0,14";0;"19,86";22/04/2024
996069833;19/04/2024 - 09:17:21;Débito;Pago;1/1;Mastercard;70;"0,49";0;"69,51";22/04/2024
996088367;19/04/2024 - 09:36:21;Débito;Pago;1/1;Mastercard;"190,89";"1,34";0;"189,55";22/04/2024
996006177;19/04/2024 - 08:09:11;Débito;Pago;1/1;Mastercard;"96,16";"0,67";0;"95,49";22/04/2024
996027713;19/04/2024 - 08:33:20;Débito;Pago;1/1;Mastercard;50;"0,35";0;"49,65";22/04/2024
996031519;19/04/2024 - 08:37:29;Débito;Pago;1/1;Mastercard;100;"0,7";0;"99,3";22/04/2024
995969265;19/04/2024 - 07:24:53;Débito;Pago;1/1;Mastercard;20;"0,14";0;"19,86";22/04/2024
995930665;19/04/2024 - 06:26:32;Débito;Pago;1/1;Mastercard;50;"0,35";0;"49,65";22/04/2024
995933733;19/04/2024 - 06:33:12;Débito;Pago;1/1;Mastercard;"34,9";"0,24";0;"34,66";22/04/2024
967673223;23/03/2024 - 09:38:32;Crédito;Pago;1/1;Elo;200;"3,7";0;"196,3";22/04/2024
998592348;23/03/2024 - 13:14:20;Crédito;Pago;1/1;Elo;"200,24";"3,7";0;"196,54";22/04/2024
968330641;23/03/2024 - 17:20:50;Crédito;Pago;1/1;Elo;"99,78";"1,85";0;"97,93";22/04/2024
966274889;21/03/2024 - 20:47:28;Crédito;Pago;1/1;Elo;30;"0,56";0;"29,44";22/04/2024
995959648;21/03/2024 - 10:52:08;Crédito;Pago;1/1;Elo;"119,04";"2,2";0;"116,84";22/04/2024
966181155;21/03/2024 - 19:11:02;Crédito;Pago;1/1;Elo;50;"0,92";0;"49,08";22/04/2024
996119454;21/03/2024 - 12:58:11;Crédito;Pago;1/1;Elo;50;"0,92";0;"49,08";22/04/2024
996316324;21/03/2024 - 15:56:31;Crédito;Pago;1/1;Elo;15;"0,28";0;"14,72";22/04/2024
967094065;22/03/2024 - 17:12:38;Crédito;Pago;1/1;Elo;369;"6,83";0;"362,17";22/04/2024
967158805;22/03/2024 - 17:51:50;Crédito;Pago;1/1;Elo;"71,85";"1,33";0;"70,52";22/04/2024
997279260;22/03/2024 - 13:17:17;Crédito;Pago;1/1;Elo;10;"0,18";0;"9,82";22/04/2024
997499750;22/03/2024 - 16:17:35;Crédito;Pago;1/1;Elo;10;"0,18";0;"9,82";22/04/2024
997926280;22/03/2024 - 21:19:39;Crédito;Pago;1/1;Elo;50;"0,92";0;"49,08";22/04/2024
996107513;19/04/2024 - 09:54:24;Débito;Pago;1/1;Elo;50;"0,52";0;"49,48";22/04/2024
995890324;21/03/2024 - 09:46:15;Crédito;Pago;1/1;American Express;"48,85";"1,32";0;"47,53";22/04/2024
997044222;22/03/2024 - 10:16:11;Crédito;Pago;1/1;Hipercard;"196,98";"2,86";0;"194,12";22/04/2024
930483880;24/01/2024 - 21:11:59;Crédito;Pago;3/3;Visa;"126,13";"2,59";0;"123,54";23/04/2024
968739447;24/03/2024 - 08:28:16;Crédito;Pago;1/1;Visa;100;"1,45";0;"98,55";23/04/2024
968750937;24/03/2024 - 08:46:14;Crédito;Pago;1/1;Visa;"40,7";"0,59";0;"40,11";23/04/2024
968770853;24/03/2024 - 09:12:49;Crédito;Pago;1/1;Visa;"162,32";"2,35";0;"159,97";23/04/2024
969013353;24/03/2024 - 12:27:11;Crédito;Pago;1/1;Visa;100;"1,45";0;"98,55";23/04/2024
999326792;24/03/2024 - 07:38:30;Crédito;Pago;1/1;Visa;"193,91";"2,81";0;"191,1";23/04/2024
999474578;24/03/2024 - 10:33:44;Crédito;Pago;1/1;Visa;50;"0,72";0;"49,28";23/04/2024
999821686;24/03/2024 - 15:35:14;Crédito;Pago;1/1;Visa;15;"0,22";0;"14,78";23/04/2024
999875282;24/03/2024 - 16:42:14;Crédito;Pago;1/1;Mastercard;44;"0,64";0;"43,36";23/04/2024
999880274;24/03/2024 - 16:48:54;Crédito;Pago;1/1;Mastercard;70;"1,02";0;"68,98";23/04/2024
999586790;24/03/2024 - 11:50:17;Crédito;Pago;1/1;Mastercard;"130,26";"1,89";0;"128,37";23/04/2024
999412770;24/03/2024 - 09:39:45;Crédito;Pago;1/1;Mastercard;"178,85";"2,59";0;"176,26";23/04/2024
999471562;24/03/2024 - 10:31:26;Crédito;Pago;1/1;Mastercard;170;"2,46";0;"167,54";23/04/2024
969161055;24/03/2024 - 15:11:03;Crédito;Pago;1/1;Mastercard;"143,02";"2,07";0;"140,95";23/04/2024
969179733;24/03/2024 - 15:37:24;Crédito;Pago;1/1;Mastercard;100;"1,45";0;"98,55";23/04/2024
969049085;24/03/2024 - 12:57:01;Crédito;Pago;1/1;Mastercard;100;"1,45";0;"98,55";23/04/2024
969066755;24/03/2024 - 13:14:15;Crédito;Pago;1/1;Mastercard;60;"0,87";0;"59,13";23/04/2024
969115595;24/03/2024 - 14:09:47;Crédito;Pago;1/1;Mastercard;30;"0,44";0;"29,56";23/04/2024
969125763;24/03/2024 - 14:23:03;Crédito;Pago;1/1;Mastercard;100;"1,45";0;"98,55";23/04/2024
968913275;24/03/2024 - 11:18:03;Crédito;Pago;1/1;Mastercard;50;"0,72";0;"49,28";23/04/2024
968954899;24/03/2024 - 11:46:16;Crédito;Pago;1/1;Mastercard;"240,17";"3,48";0;"236,69";23/04/2024
968996091;24/03/2024 - 12:14:19;Crédito;Pago;1/1;Mastercard;100;"1,45";0;"98,55";23/04/2024
968782499;24/03/2024 - 09:26:14;Crédito;Pago;1/1;Mastercard;"74,9";"1,09";0;"73,81";23/04/2024
968805201;24/03/2024 - 09:50:37;Crédito;Pago;1/2;Mastercard;"50,7";"1,04";0;"49,66";23/04/2024
968898437;24/03/2024 - 11:07:45;Crédito;Pago;1/1;Mastercard;"257,6";"3,74";0;"253,86";23/04/2024
905543007;24/01/2024 - 17:31:50;Crédito;Pago;3/3;Mastercard;"96,66";"1,98";0;"94,68";23/04/2024
968755563;24/03/2024 - 08:53:05;Crédito;Pago;1/1;Elo;100;"1,85";0;"98,15";23/04/2024
969136867;24/03/2024 - 14:37:06;Crédito;Pago;1/1;Elo;25;"0,46";0;"24,54";23/04/2024
999608738;24/03/2024 - 12:04:34;Crédito;Pago;1/1;Elo;"243,93";"4,51";0;"239,42";23/04/2024
968903027;24/03/2024 - 11:11:04;Crédito;Pago;1/1;American Express;50;"1,35";0;"48,65";23/04/2024
907150515;26/01/2024 - 11:51:49;Crédito;Pago;3/3;Visa;"151,7";"3,11";"0,07";"148,52";24/04/2024
970982914;29/02/2024 - 08:25:43;Crédito;Pago;2/3;Visa;75;"1,54";"0,17";"73,29";24/04/2024
969543789;25/03/2024 - 07:09:35;Crédito;Pago;1/1;Visa;50;"0,72";0;"49,28";24/04/2024
969544585;25/03/2024 - 07:10:26;Crédito;Pago;1/1;Visa;"131,33";"1,9";0;"129,43";24/04/2024
969559351;25/03/2024 - 07:28:40;Crédito;Pago;1/1;Visa;"14,82";"0,21";0;"14,61";24/04/2024
969566839;25/03/2024 - 07:37:43;Crédito;Pago;1/1;Visa;120;"1,74";0;"118,26";24/04/2024
969717177;25/03/2024 - 10:24:00;Crédito;Pago;1/1;Visa;150;"2,18";0;"147,82";24/04/2024
969786543;25/03/2024 - 11:32:50;Crédito;Pago;1/1;Visa;100;"1,45";0;"98,55";24/04/2024
969827715;25/03/2024 - 12:09:06;Crédito;Pago;1/1;Visa;"140,94";"2,04";0;"138,9";24/04/2024
969835757;25/03/2024 - 12:15:57;Crédito;Pago;1/1;Visa;30;"0,44";0;"29,56";24/04/2024
969958679;25/03/2024 - 14:10:21;Crédito;Pago;1/1;Visa;40;"0,58";0;"39,42";24/04/2024
969998009;25/03/2024 - 14:53:02;Crédito;Pago;1/1;Visa;20;"0,29";0;"19,71";24/04/2024
970020437;25/03/2024 - 15:15:43;Crédito;Pago;1/1;Visa;"236,46";"3,43";0;"233,03";24/04/2024
970083517;25/03/2024 - 16:17:37;Crédito;Pago;1/1;Visa;"5,79";"0,08";0;"5,71";24/04/2024
970126187;25/03/2024 - 16:52:55;Crédito;Pago;1/1;Visa;30;"0,44";0;"29,56";24/04/2024
970144845;25/03/2024 - 17:07:33;Crédito;Pago;1/1;Visa;"0,5";"0,01";0;"0,49";24/04/2024
970295073;25/03/2024 - 18:54:40;Crédito;Pago;1/1;Visa;30;"0,44";0;"29,56";24/04/2024
970349879;25/03/2024 - 19:50:34;Crédito;Pago;1/1;Visa;100;"1,45";0;"98,55";24/04/2024
1000202424;25/03/2024 - 06:47:02;Crédito;Pago;1/1;Visa;30;"0,44";0;"29,56";24/04/2024
1000246468;25/03/2024 - 07:44:07;Crédito;Pago;1/1;Visa;25;"0,36";0;"24,64";24/04/2024
1000280048;25/03/2024 - 08:23:40;Crédito;Pago;1/1;Visa;"275,26";"3,99";0;"271,27";24/04/2024
1000671130;25/03/2024 - 14:39:24;Crédito;Pago;1/1;Visa;50;"0,72";0;"49,28";24/04/2024
1000746960;25/03/2024 - 15:51:56;Crédito;Pago;1/1;Visa;"123,1";"1,78";0;"121,32";24/04/2024
970471333;26/03/2024 - 06:44:24;Crédito;Pago;1/1;Visa;100;"1,45";"0,05";"98,5";24/04/2024
970528679;26/03/2024 - 08:02:01;Crédito;Pago;1/1;Visa;50;"0,72";"0,02";"49,26";24/04/2024
970887191;26/03/2024 - 13:48:19;Crédito;Pago;1/1;Visa;"228,18";"3,31";"0,1";"224,77";24/04/2024
971081819;26/03/2024 - 16:50:09;Crédito;Pago;1/1;Visa;"189,63";"2,75";"0,09";"186,79";24/04/2024
971198195;26/03/2024 - 18:08:45;Crédito;Pago;1/1;Visa;50;"0,72";"0,02";"49,26";24/04/2024
971202025;26/03/2024 - 18:11:21;Crédito;Pago;1/1;Visa;"31,27";"0,45";"0,01";"30,81";24/04/2024
971234705;26/03/2024 - 18:35:16;Crédito;Pago;1/1;Visa;"247,23";"3,58";"0,11";"243,54";24/04/2024
971316213;26/03/2024 - 19:52:27;Crédito;Pago;1/1;Visa;"200,57";"2,91";"0,09";"197,57";24/04/2024
1001221760;26/03/2024 - 07:20:00;Crédito;Pago;1/1;Visa;40;"0,58";"0,02";"39,4";24/04/2024
971170401;26/03/2024 - 17:49:59;Crédito;Pago;1/1;Visa;50;"0,72";"0,02";"49,26";24/04/2024
1001493656;26/03/2024 - 11:56:50;Crédito;Pago;1/1;Visa;90;"1,3";"0,04";"88,66";24/04/2024
1001594180;26/03/2024 - 13:17:48;Crédito;Pago;1/1;Visa;80;"1,16";"0,04";"78,8";24/04/2024
1001429116;26/03/2024 - 11:00:28;Crédito;Pago;1/1;Visa;"204,1";"2,96";"0,09";"201,05";24/04/2024
1001450398;26/03/2024 - 11:19:25;Crédito;Pago;1/1;Visa;100;"1,45";"0,05";"98,5";24/04/2024
1001748956;26/03/2024 - 15:47:23;Crédito;Pago;1/1;Visa;"62,9";"0,91";"0,03";"61,96";24/04/2024
1001799042;26/03/2024 - 16:28:01;Crédito;Pago;1/1;Visa;20;"0,29";"0,01";"19,7";24/04/2024
1001815276;26/03/2024 - 16:40:19;Crédito;Pago;1/1;Visa;"236,7";"3,43";"0,11";"233,16";24/04/2024
1001826134;26/03/2024 - 16:48:20;Crédito;Pago;1/1;Visa;"52,11";"0,76";"0,02";"51,33";24/04/2024
1002134670;26/03/2024 - 21:10:38;Crédito;Pago;1/1;Visa;60;"0,87";"0,03";"59,1";24/04/2024
1002135988;26/03/2024 - 21:12:38;Crédito;Pago;1/1;Visa;10;"0,14";0;"9,86";24/04/2024
971509419;27/03/2024 - 08:01:21;Crédito;Pago;1/1;Visa;30;"0,44";"0,03";"29,53";24/04/2024
1002045110;26/03/2024 - 19:18:44;Crédito;Pago;1/1;Visa;500;"7,25";"0,23";"492,52";24/04/2024
1002045606;26/03/2024 - 19:19:16;Crédito;Pago;1/1;Visa;"351,27";"5,09";"0,16";"346,02";24/04/2024
971478511;27/03/2024 - 07:23:21;Crédito;Pago;1/1;Visa;40;"0,58";"0,04";"39,38";24/04/2024
971482309;27/03/2024 - 07:28:27;Crédito;Pago;1/1;Visa;20;"0,29";"0,02";"19,69";24/04/2024
972212671;27/03/2024 - 18:04:31;Crédito;Pago;1/1;Visa;20;"0,29";"0,02";"19,69";24/04/2024
972228253;27/03/2024 - 18:14:07;Crédito;Pago;1/1;Visa;150;"2,18";"0,14";"147,68";24/04/2024
972243251;27/03/2024 - 18:24:00;Crédito;Pago;1/1;Visa;"92,67";"1,34";"0,08";"91,25";24/04/2024
972271385;27/03/2024 - 18:44:13;Crédito;Pago;1/1;Visa;100;"1,45";"0,09";"98,46";24/04/2024
972275777;27/03/2024 - 18:47:24;Crédito;Pago;1/1;Visa;100;"1,45";"0,09";"98,46";24/04/2024
972349255;27/03/2024 - 19:52:27;Crédito;Pago;1/1;Visa;"178,22";"2,58";"0,16";"175,48";24/04/2024
972350153;27/03/2024 - 19:53:25;Crédito;Pago;1/1;Visa;30;"0,44";"0,03";"29,53";24/04/2024
1002242888;27/03/2024 - 07:11:55;Crédito;Pago;1/1;Visa;200;"2,9";"0,18";"196,92";24/04/2024
1002306062;27/03/2024 - 08:23:26;Crédito;Pago;1/1;Visa;30;"0,44";"0,03";"29,53";24/04/2024
1002319880;27/03/2024 - 08:38:49;Crédito;Pago;1/1;Visa;100;"1,45";"0,09";"98,46";24/04/2024
1002342398;27/03/2024 - 09:02:10;Crédito;Pago;1/1;Visa;50;"0,72";"0,05";"49,23";24/04/2024
1002695522;27/03/2024 - 13:56:39;Crédito;Pago;1/1;Visa;"37,75";"0,55";"0,03";"37,17";24/04/2024
1002698716;27/03/2024 - 13:59:29;Crédito;Pago;1/1;Visa;"30,46";"0,44";"0,03";"29,99";24/04/2024
1002699184;27/03/2024 - 13:59:52;Crédito;Pago;1/1;Visa;20;"0,29";"0,02";"19,69";24/04/2024
1002770088;27/03/2024 - 15:05:23;Crédito;Pago;1/1;Visa;10;"0,14";"0,01";"9,85";24/04/2024
1002791718;27/03/2024 - 15:24:04;Crédito;Pago;1/1;Visa;80;"1,16";"0,07";"78,77";24/04/2024
1002428482;27/03/2024 - 10:22:17;Crédito;Pago;1/1;Visa;20;"0,29";"0,02";"19,69";24/04/2024
1002670778;27/03/2024 - 13:35:41;Crédito;Pago;1/1;Visa;"36,94";"0,54";"0,03";"36,37";24/04/2024
1002923614;27/03/2024 - 17:03:30;Crédito;Pago;1/1;Visa;20;"0,29";"0,02";"19,69";24/04/2024
1003108694;27/03/2024 - 19:00:40;Crédito;Pago;1/1;Visa;30;"0,44";"0,03";"29,53";24/04/2024
1003205918;27/03/2024 - 20:35:09;Crédito;Pago;1/1;Visa;20;"0,29";"0,02";"19,69";24/04/2024
1003208406;27/03/2024 - 20:38:22;Crédito;Pago;1/1;Visa;"249,03";"3,61";"0,23";"245,19";24/04/2024
972503221;28/03/2024 - 06:40:54;Crédito;Pago;1/1;Visa;50;"0,72";"0,11";"49,17";24/04/2024
972506583;28/03/2024 - 06:46:53;Crédito;Pago;1/1;Visa;30;"0,44";"0,07";"29,49";24/04/2024
972512039;28/03/2024 - 06:56:28;Crédito;Pago;1/1;Visa;100;"1,45";"0,23";"98,32";24/04/2024
972965009;28/03/2024 - 13:22:08;Crédito;Pago;1/1;Visa;20;"0,29";"0,05";"19,66";24/04/2024
972986951;28/03/2024 - 13:39:54;Crédito;Pago;1/1;Visa;20;"0,29";"0,05";"19,66";24/04/2024
973064937;28/03/2024 - 14:43:37;Crédito;Pago;1/1;Visa;70;"1,02";"0,16";"68,82";24/04/2024
972520831;28/03/2024 - 07:09:46;Crédito;Pago;1/1;Visa;"55,35";"0,8";"0,13";"54,42";24/04/2024
973098123;28/03/2024 - 15:09:03;Crédito;Pago;1/1;Visa;50;"0,72";"0,11";"49,17";24/04/2024
973270243;28/03/2024 - 17:08:35;Crédito;Pago;1/1;Visa;50;"0,72";"0,11";"49,17";24/04/2024
973294749;28/03/2024 - 17:22:32;Crédito;Pago;1/1;Visa;100;"1,45";"0,23";"98,32";24/04/2024
1003744376;28/03/2024 - 12:40:30;Crédito;Pago;1/1;Visa;50;"0,72";"0,11";"49,17";24/04/2024
1003871982;28/03/2024 - 14:12:09;Crédito;Pago;1/3;Visa;"101,5";"2,08";"0,23";"99,19";24/04/2024
1004077130;28/03/2024 - 16:34:21;Crédito;Pago;1/1;Visa;100;"1,45";"0,23";"98,32";24/04/2024
1004078886;28/03/2024 - 16:35:17;Crédito;Pago;1/1;Visa;50;"0,72";"0,11";"49,17";24/04/2024
1004120424;28/03/2024 - 16:59:10;Crédito;Pago;1/1;Visa;"11,58";"0,17";"0,03";"11,38";24/04/2024
973995199;29/03/2024 - 11:08:58;Crédito;Pago;1/1;Visa;100;"1,45";"0,23";"98,32";24/04/2024
973997365;29/03/2024 - 11:10:24;Crédito;Pago;1/1;Visa;100;"1,45";"0,23";"98,32";24/04/2024
974022247;29/03/2024 - 11:29:29;Crédito;Pago;1/1;Visa;60;"0,87";"0,14";"58,99";24/04/2024
974038037;29/03/2024 - 11:41:09;Crédito;Pago;1/1;Visa;"41,57";"0,6";"0,09";"40,88";24/04/2024
974064495;29/03/2024 - 12:01:30;Crédito;Pago;1/1;Visa;120;"1,74";"0,27";"117,99";24/04/2024
974100339;29/03/2024 - 12:31:33;Crédito;Pago;1/1;Visa;50;"0,72";"0,11";"49,17";24/04/2024
973857455;29/03/2024 - 09:09:37;Crédito;Pago;1/1;Visa;30;"0,44";"0,07";"29,49";24/04/2024
974163891;29/03/2024 - 13:34:27;Crédito;Pago;1/1;Visa;70;"1,02";"0,16";"68,82";24/04/2024
974171417;29/03/2024 - 13:43:44;Crédito;Pago;1/1;Visa;30;"0,44";"0,07";"29,49";24/04/2024
1004712992;29/03/2024 - 07:47:19;Crédito;Pago;1/1;Visa;"69,8";"1,01";"0,16";"68,63";24/04/2024
1005033824;29/03/2024 - 12:24:18;Crédito;Pago;1/1;Visa;50;"0,72";"0,11";"49,17";24/04/2024
1005048466;29/03/2024 - 12:35:57;Crédito;Pago;1/1;Visa;50;"0,72";"0,11";"49,17";24/04/2024
1005082432;29/03/2024 - 13:06:22;Crédito;Pago;1/1;Visa;50;"0,72";"0,11";"49,17";24/04/2024
1005089800;29/03/2024 - 13:13:05;Crédito;Pago;1/1;Visa;30;"0,44";"0,07";"29,49";24/04/2024
1004706908;29/03/2024 - 07:35:32;Crédito;Pago;1/1;Visa;150;"2,18";"0,34";"147,48";24/04/2024
974602597;30/03/2024 - 06:54:45;Crédito;Pago;1/1;Visa;50;"0,72";"0,11";"49,17";24/04/2024
974735949;30/03/2024 - 09:28:19;Crédito;Pago;1/1;Visa;100;"1,45";"0,23";"98,32";24/04/2024
974742837;30/03/2024 - 09:33:12;Crédito;Pago;1/1;Visa;100;"1,45";"0,23";"98,32";24/04/2024
974618083;30/03/2024 - 07:28:51;Crédito;Pago;1/1;Visa;100;"1,45";"0,23";"98,32";24/04/2024
974676641;30/03/2024 - 08:41:35;Crédito;Pago;1/1;Visa;100;"1,45";"0,23";"98,32";24/04/2024
975022141;30/03/2024 - 12:04:15;Crédito;Pago;1/1;Visa;"92,31";"1,34";"0,21";"90,76";24/04/2024
975136219;30/03/2024 - 13:10:11;Crédito;Pago;1/1;Visa;100;"1,45";"0,23";"98,32";24/04/2024
975253355;30/03/2024 - 14:37:38;Crédito;Pago;1/1;Visa;100;"1,45";"0,23";"98,32";24/04/2024
975484045;30/03/2024 - 17:47:36;Crédito;Pago;1/1;Visa;"128,95";"1,87";"0,29";"126,79";24/04/2024
975580851;30/03/2024 - 19:10:34;Crédito;Pago;1/1;Visa;50;"0,72";"0,11";"49,17";24/04/2024
1006057756;30/03/2024 - 12:20:00;Crédito;Pago;1/1;Visa;100;"1,45";"0,23";"98,32";24/04/2024
975562451;30/03/2024 - 18:54:44;Crédito;Pago;1/1;Visa;70;"1,02";"0,16";"68,82";24/04/2024
974707499;30/03/2024 - 09:07:07;Crédito;Pago;1/1;Mastercard;60;"0,87";"0,14";"58,99";24/04/2024
975571663;30/03/2024 - 19:02:36;Crédito;Pago;1/1;Mastercard;100;"1,45";"0,23";"98,32";24/04/2024
975572447;30/03/2024 - 19:03:18;Crédito;Pago;1/1;Mastercard;70;"1,02";"0,16";"68,82";24/04/2024
1006519928;30/03/2024 - 17:51:03;Crédito;Pago;1/1;Mastercard;50;"0,72";"0,11";"49,17";24/04/2024
1006208156;30/03/2024 - 13:51:47;Crédito;Pago;1/1;Mastercard;50;"0,72";"0,11";"49,17";24/04/2024
1006687942;30/03/2024 - 20:07:41;Crédito;Pago;1/1;Mastercard;10;"0,14";"0,02";"9,84";24/04/2024
1006062212;30/03/2024 - 12:22:20;Crédito;Pago;1/1;Mastercard;100;"1,45";"0,23";"98,32";24/04/2024
1006144488;30/03/2024 - 13:08:59;Crédito;Pago;1/1;Mastercard;54;"0,78";"0,12";"53,1";24/04/2024
1005928514;30/03/2024 - 11:15:45;Crédito;Pago;1/1;Mastercard;10;"0,14";"0,02";"9,84";24/04/2024
1005938708;30/03/2024 - 11:20:50;Crédito;Pago;1/1;Mastercard;"36,9";"0,54";"0,08";"36,28";24/04/2024
1006036362;30/03/2024 - 12:09:07;Crédito;Pago;1/1;Mastercard;100;"1,45";"0,23";"98,32";24/04/2024
1006260692;30/03/2024 - 14:31:29;Crédito;Pago;1/1;Mastercard;100;"1,45";"0,23";"98,32";24/04/2024
1006344606;30/03/2024 - 15:36:48;Crédito;Pago;1/1;Mastercard;150;"2,18";"0,34";"147,48";24/04/2024
1006352620;30/03/2024 - 15:43:00;Crédito;Pago;1/1;Mastercard;150;"2,18";"0,34";"147,48";24/04/2024
1005623412;30/03/2024 - 07:45:20;Crédito;Pago;1/1;Mastercard;100;"1,45";"0,23";"98,32";24/04/2024
1005651490;30/03/2024 - 08:20:46;Crédito;Pago;1/1;Mastercard;50;"0,72";"0,11";"49,17";24/04/2024
1005691356;30/03/2024 - 08:57:25;Crédito;Pago;1/1;Mastercard;50;"0,72";"0,11";"49,17";24/04/2024
1005989084;30/03/2024 - 11:45:27;Crédito;Pago;1/1;Mastercard;"54,9";"0,8";"0,13";"53,97";24/04/2024
1006005424;30/03/2024 - 11:53:48;Crédito;Pago;1/1;Mastercard;120;"1,74";"0,27";"117,99";24/04/2024
1006048574;30/03/2024 - 12:15:17;Crédito;Pago;1/1;Mastercard;35;"0,51";"0,08";"34,41";24/04/2024
975519357;30/03/2024 - 18:17:20;Crédito;Pago;1/1;Mastercard;"75,73";"1,1";"0,17";"74,46";24/04/2024
975417617;30/03/2024 - 16:52:28;Crédito;Pago;1/1;Mastercard;40;"0,58";"0,09";"39,33";24/04/2024
975533333;30/03/2024 - 18:29:54;Crédito;Pago;1/1;Mastercard;50;"0,72";"0,11";"49,17";24/04/2024
975292791;30/03/2024 - 15:10:55;Crédito;Pago;1/1;Mastercard;"48,75";"0,71";"0,11";"47,93";24/04/2024
975305881;30/03/2024 - 15:21:40;Crédito;Pago;1/1;Mastercard;30;"0,44";"0,07";"29,49";24/04/2024
974954115;30/03/2024 - 11:30:05;Crédito;Pago;1/1;Mastercard;100;"1,45";"0,23";"98,32";24/04/2024
975372323;30/03/2024 - 16:16:14;Crédito;Pago;1/1;Mastercard;"47,01";"0,68";"0,11";"46,22";24/04/2024
975423559;30/03/2024 - 16:57:11;Crédito;Pago;1/1;Mastercard;100;"1,45";"0,23";"98,32";24/04/2024
975160233;30/03/2024 - 13:26:19;Crédito;Pago;1/1;Mastercard;50;"0,72";"0,11";"49,17";24/04/2024
975199215;30/03/2024 - 13:54:38;Crédito;Pago;1/1;Mastercard;50;"0,72";"0,11";"49,17";24/04/2024
975214071;30/03/2024 - 14:06:28;Crédito;Pago;1/1;Mastercard;"62,53";"0,91";"0,14";"61,48";24/04/2024
975061659;30/03/2024 - 12:25:17;Crédito;Pago;1/1;Mastercard;30;"0,44";"0,07";"29,49";24/04/2024
1004915794;29/03/2024 - 11:01:24;Crédito;Pago;1/1;Mastercard;"119,26";"1,73";"0,27";"117,26";24/04/2024
1004916348;29/03/2024 - 11:01:48;Crédito;Pago;1/1;Mastercard;100;"1,45";"0,23";"98,32";24/04/2024
974268193;29/03/2024 - 15:53:42;Crédito;Pago;1/1;Mastercard;30;"0,44";"0,07";"29,49";24/04/2024
1003190512;27/03/2024 - 20:16:38;Crédito;Pago;1/1;Mastercard;"277,86";"4,03";"0,25";"273,58";24/04/2024
1005185468;29/03/2024 - 15:03:11;Crédito;Pago;1/1;Mastercard;20;"0,29";"0,05";"19,66";24/04/2024
1004967636;29/03/2024 - 11:37:00;Crédito;Pago;1/1;Mastercard;100;"1,45";"0,23";"98,32";24/04/2024
1004978916;29/03/2024 - 11:44:56;Crédito;Pago;1/1;Mastercard;150;"2,18";"0,34";"147,48";24/04/2024
1004988590;29/03/2024 - 11:51:38;Crédito;Pago;1/1;Mastercard;50;"0,72";"0,11";"49,17";24/04/2024
1004998386;29/03/2024 - 11:58:09;Crédito;Pago;1/1;Mastercard;"132,95";"1,93";"0,3";"130,72";24/04/2024
974280001;29/03/2024 - 16:11:06;Crédito;Pago;1/1;Mastercard;"106,68";"1,55";"0,24";"104,89";24/04/2024
1004693598;29/03/2024 - 07:07:08;Crédito;Pago;1/1;Mastercard;60;"0,87";"0,14";"58,99";24/04/2024
974211061;29/03/2024 - 14:33:28;Crédito;Pago;1/1;Mastercard;20;"0,29";"0,05";"19,66";24/04/2024
974214291;29/03/2024 - 14:37:34;Crédito;Pago;1/1;Mastercard;20;"0,29";"0,05";"19,66";24/04/2024
973906065;29/03/2024 - 09:57:53;Crédito;Pago;1/1;Mastercard;"140,58";"2,04";"0,32";"138,22";24/04/2024
974232363;29/03/2024 - 15:02:32;Crédito;Pago;1/1;Mastercard;50;"0,72";"0,11";"49,17";24/04/2024
974236159;29/03/2024 - 15:07:43;Crédito;Pago;1/1;Mastercard;10;"0,14";"0,02";"9,84";24/04/2024
973846281;29/03/2024 - 08:56:55;Crédito;Pago;1/1;Mastercard;30;"0,44";"0,07";"29,49";24/04/2024
973935269;29/03/2024 - 10:23:39;Crédito;Pago;1/1;Mastercard;100;"1,45";"0,23";"98,32";24/04/2024
973815685;29/03/2024 - 08:17:46;Crédito;Pago;1/1;Mastercard;30;"0,44";"0,07";"29,49";24/04/2024
974121483;29/03/2024 - 12:50:45;Crédito;Pago;1/1;Mastercard;50;"0,72";"0,11";"49,17";24/04/2024
974160571;29/03/2024 - 13:30:50;Crédito;Pago;1/1;Mastercard;100;"1,45";"0,23";"98,32";24/04/2024
973855543;29/03/2024 - 09:07:35;Crédito;Pago;1/1;Mastercard;150;"2,18";"0,34";"147,48";24/04/2024
1004291300;28/03/2024 - 18:29:53;Crédito;Pago;1/1;Mastercard;30;"0,44";"0,07";"29,49";24/04/2024
1004294222;28/03/2024 - 18:31:28;Crédito;Pago;1/1;Mastercard;40;"0,58";"0,09";"39,33";24/04/2024
1004385506;28/03/2024 - 19:28:29;Crédito;Pago;1/1;Mastercard;"39,24";"0,57";"0,09";"38,58";24/04/2024
973606839;28/03/2024 - 21:09:57;Crédito;Pago;1/1;Mastercard;50;"0,72";"0,11";"49,17";24/04/2024
973618655;28/03/2024 - 21:24:35;Crédito;Pago;1/1;Mastercard;50;"0,72";"0,11";"49,17";24/04/2024
1004201236;28/03/2024 - 17:42:07;Crédito;Pago;1/1;Mastercard;150;"2,18";"0,34";"147,48";24/04/2024
1003515904;28/03/2024 - 09:55:59;Crédito;Pago;1/1;Mastercard;100;"1,45";"0,23";"98,32";24/04/2024
1003640998;28/03/2024 - 11:32:15;Crédito;Pago;1/1;Mastercard;100;"1,45";"0,23";"98,32";24/04/2024
1003681314;28/03/2024 - 11:59:15;Crédito;Pago;1/1;Mastercard;30;"0,44";"0,07";"29,49";24/04/2024
973383767;28/03/2024 - 18:13:31;Crédito;Pago;1/1;Mastercard;20;"0,29";"0,05";"19,66";24/04/2024
973514223;28/03/2024 - 19:40:56;Crédito;Pago;1/1;Mastercard;40;"0,58";"0,09";"39,33";24/04/2024
973547607;28/03/2024 - 20:09:09;Crédito;Pago;1/1;Mastercard;50;"0,72";"0,11";"49,17";24/04/2024
973548157;28/03/2024 - 20:09:36;Crédito;Pago;1/1;Mastercard;50;"0,72";"0,11";"49,17";24/04/2024
973553211;28/03/2024 - 20:14:05;Crédito;Pago;1/1;Mastercard;40;"0,58";"0,09";"39,33";24/04/2024
973457463;28/03/2024 - 18:59:25;Crédito;Pago;1/1;Mastercard;100;"1,45";"0,23";"98,32";24/04/2024
1003330950;28/03/2024 - 06:34:30;Crédito;Pago;1/1;Mastercard;50;"0,72";"0,11";"49,17";24/04/2024
1003346260;28/03/2024 - 07:00:02;Crédito;Pago;1/1;Mastercard;25;"0,36";"0,06";"24,58";24/04/2024
1003369180;28/03/2024 - 07:30:31;Crédito;Pago;1/1;Mastercard;50;"0,72";"0,11";"49,17";24/04/2024
973351599;28/03/2024 - 17:54:53;Crédito;Pago;1/1;Mastercard;50;"0,72";"0,11";"49,17";24/04/2024
973259989;28/03/2024 - 17:02:06;Crédito;Pago;1/1;Mastercard;30;"0,44";"0,07";"29,49";24/04/2024
973094901;28/03/2024 - 15:06:30;Crédito;Pago;1/1;Mastercard;100;"1,45";"0,23";"98,32";24/04/2024
972545829;28/03/2024 - 07:42:05;Crédito;Pago;1/1;Mastercard;50;"0,72";"0,11";"49,17";24/04/2024
972953089;28/03/2024 - 13:13:17;Crédito;Pago;1/1;Mastercard;100;"1,45";"0,23";"98,32";24/04/2024
972540171;28/03/2024 - 07:35:13;Crédito;Pago;1/1;Mastercard;50;"0,72";"0,11";"49,17";24/04/2024
972499547;28/03/2024 - 06:33:39;Crédito;Pago;1/1;Mastercard;50;"0,72";"0,11";"49,17";24/04/2024
1003179374;27/03/2024 - 20:04:19;Crédito;Pago;1/1;Mastercard;50;"0,72";"0,05";"49,23";24/04/2024
1003064056;27/03/2024 - 18:29:17;Crédito;Pago;1/1;Mastercard;"84,19";"1,22";"0,08";"82,89";24/04/2024
1002674110;27/03/2024 - 13:38:17;Crédito;Pago;1/1;Mastercard;50;"0,72";"0,05";"49,23";24/04/2024
1002445914;27/03/2024 - 10:38:18;Crédito;Pago;1/1;Mastercard;"24,78";"0,36";"0,02";"24,4";24/04/2024
1002496958;27/03/2024 - 11:23:16;Crédito;Pago;1/1;Mastercard;"32,02";"0,46";"0,03";"31,53";24/04/2024
1002581572;27/03/2024 - 12:28:24;Crédito;Pago;1/1;Mastercard;100;"1,45";"0,09";"98,46";24/04/2024
1002849752;27/03/2024 - 16:10:37;Crédito;Pago;1/1;Mastercard;100;"1,45";"0,09";"98,46";24/04/2024
1002864842;27/03/2024 - 16:21:47;Crédito;Pago;1/1;Mastercard;150;"2,18";"0,14";"147,68";24/04/2024
1002918620;27/03/2024 - 17:00:06;Crédito;Pago;1/1;Mastercard;50;"0,72";"0,05";"49,23";24/04/2024
1002391242;27/03/2024 - 09:48:06;Crédito;Pago;1/1;Mastercard;70;"1,02";"0,06";"68,92";24/04/2024
1002421754;27/03/2024 - 10:16:12;Crédito;Pago;1/1;Mastercard;"319,42";"4,63";"0,29";"314,5";24/04/2024
1002331132;27/03/2024 - 08:50:22;Crédito;Pago;1/1;Mastercard;50;"0,72";"0,05";"49,23";24/04/2024
1002262920;27/03/2024 - 07:35:06;Crédito;Pago;1/1;Mastercard;"43,71";"0,63";"0,04";"43,04";24/04/2024
1002240326;27/03/2024 - 07:08:47;Crédito;Pago;1/1;Mastercard;40;"0,58";"0,04";"39,38";24/04/2024
972296867;27/03/2024 - 19:03:50;Crédito;Pago;1/1;Mastercard;150;"2,18";"0,14";"147,68";24/04/2024
972311583;27/03/2024 - 19:16:05;Crédito;Pago;1/1;Mastercard;50;"0,72";"0,05";"49,23";24/04/2024
972319187;27/03/2024 - 19:22:48;Crédito;Pago;1/1;Mastercard;"157,19";"2,28";"0,14";"154,77";24/04/2024
972320091;27/03/2024 - 19:23:35;Crédito;Pago;1/1;Mastercard;"148,19";"2,15";"0,14";"145,9";24/04/2024
971483607;27/03/2024 - 07:30:07;Crédito;Pago;1/1;Mastercard;"170,99";"2,48";"0,16";"168,35";24/04/2024
1002117228;26/03/2024 - 20:43:14;Crédito;Pago;1/1;Mastercard;40;"0,58";"0,02";"39,4";24/04/2024
971802277;27/03/2024 - 12:35:17;Crédito;Pago;1/1;Mastercard;"201,69";"2,92";"0,18";"198,59";24/04/2024
971896095;27/03/2024 - 13:51:21;Crédito;Pago;1/1;Mastercard;80;"1,16";"0,07";"78,77";24/04/2024
972017053;27/03/2024 - 15:45:50;Crédito;Pago;1/1;Mastercard;"49,78";"0,72";"0,05";"49,01";24/04/2024
972141431;27/03/2024 - 17:20:06;Crédito;Pago;1/1;Mastercard;"258,41";"3,75";"0,24";"254,42";24/04/2024
972159845;27/03/2024 - 17:31:33;Crédito;Pago;1/1;Mastercard;54;"0,78";"0,05";"53,17";24/04/2024
972174809;27/03/2024 - 17:41:03;Crédito;Pago;1/1;Mastercard;110;"1,6";"0,1";"108,3";24/04/2024
972181267;27/03/2024 - 17:44:58;Crédito;Pago;1/1;Mastercard;"28,2";"0,41";"0,03";"27,76";24/04/2024
971509971;27/03/2024 - 08:02:01;Crédito;Pago;1/1;Mastercard;"67,45";"0,98";"0,06";"66,41";24/04/2024
971511879;27/03/2024 - 08:04:12;Crédito;Pago;1/1;Mastercard;"100,18";"1,45";"0,09";"98,64";24/04/2024
971514585;27/03/2024 - 08:07:18;Crédito;Pago;1/1;Mastercard;100;"1,45";"0,09";"98,46";24/04/2024
971571077;27/03/2024 - 09:09:13;Crédito;Pago;1/1;Mastercard;"104,46";"1,51";"0,1";"102,85";24/04/2024
971595219;27/03/2024 - 09:34:06;Crédito;Pago;1/1;Mastercard;100;"1,45";"0,09";"98,46";24/04/2024
971609087;27/03/2024 - 09:48:00;Crédito;Pago;1/1;Mastercard;"57,9";"0,84";"0,05";"57,01";24/04/2024
971627577;27/03/2024 - 10:05:30;Crédito;Pago;1/1;Mastercard;50;"0,72";"0,05";"49,23";24/04/2024
971637337;27/03/2024 - 10:15:09;Crédito;Pago;1/1;Mastercard;100;"1,45";"0,09";"98,46";24/04/2024
971652297;27/03/2024 - 10:29:27;Crédito;Pago;1/1;Mastercard;20;"0,29";"0,02";"19,69";24/04/2024
971660479;27/03/2024 - 10:37:19;Crédito;Pago;1/1;Mastercard;"53,75";"0,78";"0,05";"52,92";24/04/2024
971746327;27/03/2024 - 11:53:08;Crédito;Pago;1/1;Mastercard;30;"0,44";"0,03";"29,53";24/04/2024
1002151262;26/03/2024 - 21:43:12;Crédito;Pago;1/1;Mastercard;60;"0,87";"0,03";"59,1";24/04/2024
971443239;27/03/2024 - 06:31:32;Crédito;Pago;1/1;Mastercard;50;"0,72";"0,05";"49,23";24/04/2024
971461643;27/03/2024 - 07:01:21;Crédito;Pago;1/1;Mastercard;30;"0,44";"0,03";"29,53";24/04/2024
1001829238;26/03/2024 - 16:50:30;Crédito;Pago;1/1;Mastercard;100;"1,45";"0,05";"98,5";24/04/2024
1001966866;26/03/2024 - 18:18:29;Crédito;Pago;1/1;Mastercard;50;"0,72";"0,02";"49,26";24/04/2024
1001770132;26/03/2024 - 16:05:37;Crédito;Pago;1/1;Mastercard;100;"1,45";"0,05";"98,5";24/04/2024
1001455012;26/03/2024 - 11:23:34;Crédito;Pago;1/1;Mastercard;30;"0,44";"0,01";"29,55";24/04/2024
1001597304;26/03/2024 - 13:20:33;Crédito;Pago;1/1;Mastercard;"145,18";"2,11";"0,07";143;24/04/2024
1001685640;26/03/2024 - 14:47:20;Crédito;Pago;1/1;Mastercard;50;"0,72";"0,02";"49,26";24/04/2024
1001712758;26/03/2024 - 15:14:08;Crédito;Pago;1/1;Mastercard;20;"0,29";"0,01";"19,7";24/04/2024
1001717256;26/03/2024 - 15:18:22;Crédito;Pago;1/1;Mastercard;50;"0,72";"0,02";"49,26";24/04/2024
1001495790;26/03/2024 - 11:58:29;Crédito;Pago;1/1;Mastercard;35;"0,51";"0,02";"34,47";24/04/2024
1001523290;26/03/2024 - 12:20:22;Crédito;Pago;1/1;Mastercard;"249,72";"3,62";"0,11";"245,99";24/04/2024
1001556380;26/03/2024 - 12:46:35;Crédito;Pago;1/1;Mastercard;50;"0,72";"0,02";"49,26";24/04/2024
971192883;26/03/2024 - 18:05:10;Crédito;Pago;1/1;Mastercard;"41,11";"0,6";"0,02";"40,49";24/04/2024
1001360650;26/03/2024 - 09:52:41;Crédito;Pago;1/1;Mastercard;50;"0,72";"0,02";"49,26";24/04/2024
1001374354;26/03/2024 - 10:06:33;Crédito;Pago;1/1;Mastercard;40;"0,58";"0,02";"39,4";24/04/2024
1001239296;26/03/2024 - 07:41:13;Crédito;Pago;1/1;Mastercard;"119,04";"1,73";"0,05";"117,26";24/04/2024
1001279248;26/03/2024 - 08:26:47;Crédito;Pago;1/1;Mastercard;"28,26";"0,41";"0,01";"27,84";24/04/2024
1001281404;26/03/2024 - 08:29:27;Crédito;Pago;1/1;Mastercard;100;"1,45";"0,05";"98,5";24/04/2024
1001292070;26/03/2024 - 08:41:05;Crédito;Pago;1/1;Mastercard;"126,68";"1,84";"0,06";"124,78";24/04/2024
1001294966;26/03/2024 - 08:43:55;Crédito;Pago;1/1;Mastercard;150;"2,18";"0,07";"147,75";24/04/2024
1001320962;26/03/2024 - 09:12:16;Crédito;Pago;1/1;Mastercard;"234,9";"3,41";"0,11";"231,38";24/04/2024
1001332702;26/03/2024 - 09:24:40;Crédito;Pago;1/1;Mastercard;50;"0,72";"0,02";"49,26";24/04/2024
971322329;26/03/2024 - 19:59:30;Crédito;Pago;1/1;Mastercard;100;"1,45";"0,05";"98,5";24/04/2024
1001187168;26/03/2024 - 06:29:59;Crédito;Pago;1/1;Mastercard;100;"1,45";"0,05";"98,5";24/04/2024
1001193126;26/03/2024 - 06:41:11;Crédito;Pago;1/1;Mastercard;20;"0,29";"0,01";"19,7";24/04/2024
1001212882;26/03/2024 - 07:09:24;Crédito;Pago;1/1;Mastercard;100;"1,45";"0,05";"98,5";24/04/2024
971272859;26/03/2024 - 19:07:03;Crédito;Pago;1/1;Mastercard;50;"0,72";"0,02";"49,26";24/04/2024
971094113;26/03/2024 - 16:59:34;Crédito;Pago;1/1;Mastercard;40;"0,58";"0,02";"39,4";24/04/2024
971097063;26/03/2024 - 17:01:45;Crédito;Pago;1/1;Mastercard;20;"0,29";"0,01";"19,7";24/04/2024
971165727;26/03/2024 - 17:46:54;Crédito;Pago;1/1;Mastercard;150;"2,18";"0,07";"147,75";24/04/2024
970552857;26/03/2024 - 08:30:12;Crédito;Pago;1/1;Mastercard;100;"1,45";"0,05";"98,5";24/04/2024
970620231;26/03/2024 - 09:46:07;Crédito;Pago;1/1;Mastercard;100;"1,45";"0,05";"98,5";24/04/2024
970771535;26/03/2024 - 12:09:33;Crédito;Pago;1/1;Mastercard;120;"1,74";"0,05";"118,21";24/04/2024
970868493;26/03/2024 - 13:29:43;Crédito;Pago;1/1;Mastercard;50;"0,72";"0,02";"49,26";24/04/2024
970870455;26/03/2024 - 13:31:37;Crédito;Pago;1/1;Mastercard;100;"1,45";"0,05";"98,5";24/04/2024
970477009;26/03/2024 - 06:53:55;Crédito;Pago;1/1;Mastercard;70;"1,02";"0,03";"68,95";24/04/2024
970477313;26/03/2024 - 06:54:27;Crédito;Pago;1/1;Mastercard;"147,18";"2,13";"0,07";"144,98";24/04/2024
1000920504;25/03/2024 - 17:55:41;Crédito;Pago;1/1;Mastercard;50;"0,72";0;"49,28";24/04/2024
1000961980;25/03/2024 - 18:22:13;Crédito;Pago;1/1;Mastercard;60;"0,87";0;"59,13";24/04/2024
970398411;25/03/2024 - 21:11:16;Crédito;Pago;1/1;Mastercard;40;"0,58";0;"39,42";24/04/2024
970410133;25/03/2024 - 21:40:19;Crédito;Pago;1/1;Mastercard;50;"0,72";0;"49,28";24/04/2024
1000603490;25/03/2024 - 13:31:53;Crédito;Pago;1/1;Mastercard;100;"1,45";0;"98,55";24/04/2024
1000281390;25/03/2024 - 08:25:29;Crédito;Pago;1/1;Mastercard;10;"0,14";0;"9,86";24/04/2024
1000331646;25/03/2024 - 09:22:01;Crédito;Pago;1/1;Mastercard;"97,38";"1,41";0;"95,97";24/04/2024
1000265816;25/03/2024 - 08:06:27;Crédito;Pago;1/1;Mastercard;30;"0,44";0;"29,56";24/04/2024
1000234306;25/03/2024 - 07:29:41;Crédito;Pago;1/1;Mastercard;"40,55";"0,59";0;"39,96";24/04/2024
970360541;25/03/2024 - 20:05:12;Crédito;Pago;1/1;Mastercard;200;"2,9";0;"197,1";24/04/2024
970370555;25/03/2024 - 20:20:49;Crédito;Pago;1/1;Mastercard;19;"0,28";0;"18,72";24/04/2024
1000183784;25/03/2024 - 06:09:08;Crédito;Pago;1/1;Mastercard;"250,71";"3,64";0;"247,07";24/04/2024
1000192630;25/03/2024 - 06:30:36;Crédito;Pago;1/1;Mastercard;100;"1,45";0;"98,55";24/04/2024
970149185;25/03/2024 - 17:10:35;Crédito;Pago;1/1;Mastercard;20;"0,29";0;"19,71";24/04/2024
970164741;25/03/2024 - 17:21:16;Crédito;Pago;1/1;Mastercard;10;"0,14";0;"9,86";24/04/2024
970226749;25/03/2024 - 18:03:12;Crédito;Pago;1/1;Mastercard;"209,57";"3,04";0;"206,53";24/04/2024
970229295;25/03/2024 - 18:04:58;Crédito;Pago;1/1;Mastercard;50;"0,72";0;"49,28";24/04/2024
970238353;25/03/2024 - 18:11:08;Crédito;Pago;1/1;Mastercard;"35,72";"0,52";0;"35,2";24/04/2024
970261983;25/03/2024 - 18:28:11;Crédito;Pago;1/1;Mastercard;50;"0,72";0;"49,28";24/04/2024
970016103;25/03/2024 - 15:11:26;Crédito;Pago;1/1;Mastercard;30;"0,44";0;"29,56";24/04/2024
969843627;25/03/2024 - 12:22:36;Crédito;Pago;1/1;Mastercard;100;"1,45";0;"98,55";24/04/2024
969806167;25/03/2024 - 11:50:44;Crédito;Pago;1/1;Mastercard;50;"0,72";0;"49,28";24/04/2024
969610787;25/03/2024 - 08:30:50;Crédito;Pago;1/1;Mastercard;150;"2,18";0;"147,82";24/04/2024
969700153;25/03/2024 - 10:06:44;Crédito;Pago;1/1;Mastercard;30;"0,44";0;"29,56";24/04/2024
969547987;25/03/2024 - 07:14:35;Crédito;Pago;1/1;Mastercard;"172,54";"2,5";0;"170,04";24/04/2024
969553317;25/03/2024 - 07:21:01;Crédito;Pago;1/1;Mastercard;"71,51";"1,04";0;"70,47";24/04/2024
1004539746;28/03/2024 - 21:47:27;Crédito;Pago;1/1;Elo;30;"0,56";"0,07";"29,37";24/04/2024
1004329760;28/03/2024 - 18:51:55;Crédito;Pago;1/1;Elo;50;"0,92";"0,11";"48,97";24/04/2024
973822361;29/03/2024 - 08:26:40;Crédito;Pago;1/1;Elo;30;"0,56";"0,07";"29,37";24/04/2024
1005012832;29/03/2024 - 12:08:24;Crédito;Pago;1/1;Elo;50;"0,92";"0,11";"48,97";24/04/2024
974637937;30/03/2024 - 07:59:21;Crédito;Pago;1/1;Elo;5;"0,09";"0,01";"4,9";24/04/2024
975540379;30/03/2024 - 18:35:58;Crédito;Pago;1/1;Elo;50;"0,92";"0,11";"48,97";24/04/2024
969817149;25/03/2024 - 12:00:19;Crédito;Pago;1/1;Elo;50;"0,92";0;"49,08";24/04/2024
1000266496;25/03/2024 - 08:07:16;Crédito;Pago;1/1;Elo;50;"0,92";0;"49,08";24/04/2024
1000349418;25/03/2024 - 09:41:12;Crédito;Pago;1/1;Elo;30;"0,56";0;"29,44";24/04/2024
1000674130;25/03/2024 - 14:42:34;Crédito;Pago;1/1;Elo;"188,35";"3,48";0;"184,87";24/04/2024
970456177;26/03/2024 - 06:08:42;Crédito;Pago;1/1;Elo;12;"0,22";"0,01";"11,77";24/04/2024
1000952578;25/03/2024 - 18:16:08;Crédito;Pago;1/1;Elo;30;"0,56";0;"29,44";24/04/2024
1001353324;26/03/2024 - 09:45:15;Crédito;Pago;1/1;Elo;30;"0,56";"0,01";"29,43";24/04/2024
1001986064;26/03/2024 - 18:31:19;Crédito;Pago;1/1;Elo;30;"0,56";"0,01";"29,43";24/04/2024
971766029;27/03/2024 - 12:08:25;Crédito;Pago;1/1;Elo;14;"0,26";"0,01";"13,73";24/04/2024
1003180342;27/03/2024 - 20:05:28;Crédito;Pago;1/1;Elo;15;"0,28";"0,01";"14,71";24/04/2024
972578543;28/03/2024 - 08:19:10;Crédito;Pago;1/1;Elo;50;"0,92";"0,11";"48,97";24/04/2024
972727753;28/03/2024 - 10:32:39;Crédito;Pago;1/1;Elo;"64,58";"1,19";"0,15";"63,24";24/04/2024
1004099470;28/03/2024 - 16:47:17;Crédito;Pago;1/1;Elo;100;"1,85";"0,23";"97,92";24/04/2024
1000722848;25/03/2024 - 15:29:55;Crédito;Pago;1/1;American Express;"221,9";"5,99";0;"215,91";24/04/2024
973121239;28/03/2024 - 15:26:36;Crédito;Em Processamento;1/1;Visa;360;"5,22";0;"354,78";29/04/2024
973276851;28/03/2024 - 17:12:31;Crédito;Em Processamento;1/1;Visa;"209,31";"3,03";0;"206,28";29/04/2024
1003410910;28/03/2024 - 08:18:00;Crédito;Em Processamento;1/1;Visa;"236,75";"3,43";0;"233,32";29/04/2024
973243113;28/03/2024 - 16:51:33;Crédito;Em Processamento;1/1;Visa;"192,46";"2,79";0;"189,67";29/04/2024
1003851254;28/03/2024 - 13:56:18;Crédito;Em Processamento;1/1;Visa;"194,72";"2,82";0;"191,9";29/04/2024
1004071816;28/03/2024 - 16:31:15;Crédito;Em Processamento;1/1;Visa;"264,95";"3,84";0;"261,11";29/04/2024
973848859;29/03/2024 - 08:59:49;Crédito;Em Processamento;1/1;Visa;"199,06";"2,89";0;"196,17";29/04/2024
974067757;29/03/2024 - 12:04:08;Crédito;Em Processamento;1/1;Visa;"203,98";"2,96";0;"201,02";29/04/2024
974264675;29/03/2024 - 15:49:01;Crédito;Em Processamento;1/1;Visa;"214,92";"3,12";0;"211,8";29/04/2024
974758343;30/03/2024 - 09:43:22;Crédito;Em Processamento;1/1;Visa;"267,79";"3,88";0;"263,91";29/04/2024
1006363376;30/03/2024 - 15:51:31;Crédito;Em Processamento;1/1;Visa;150;"2,18";0;"147,82";29/04/2024
1006478660;30/03/2024 - 17:19:18;Crédito;Em Processamento;1/1;Mastercard;"190,95";"2,77";0;"188,18";29/04/2024
1006765388;30/03/2024 - 21:29:10;Crédito;Em Processamento;1/1;Mastercard;"268,13";"3,89";0;"264,24";29/04/2024
1005865712;30/03/2024 - 10:43:58;Crédito;Em Processamento;1/1;Mastercard;150;"2,18";0;"147,82";29/04/2024
975428031;30/03/2024 - 17:00:57;Crédito;Em Processamento;1/1;Mastercard;"154,68";"2,24";0;"152,44";29/04/2024
975078343;30/03/2024 - 12:34:39;Crédito;Em Processamento;1/1;Mastercard;"189,62";"2,75";0;"186,87";29/04/2024
975020503;30/03/2024 - 12:03:27;Crédito;Em Processamento;1/1;Mastercard;"231,6";"3,36";0;"228,24";29/04/2024
974614469;30/03/2024 - 07:21:44;Crédito;Em Processamento;1/1;Mastercard;"543,37";"7,88";0;"535,49";29/04/2024
1004924208;29/03/2024 - 11:07:18;Crédito;Em Processamento;1/1;Mastercard;"184,99";"2,68";0;"182,31";29/04/2024
1004987992;29/03/2024 - 11:51:18;Crédito;Em Processamento;1/1;Mastercard;"151,81";"2,2";0;"149,61";29/04/2024
1004703858;29/03/2024 - 07:29:38;Crédito;Em Processamento;1/1;Mastercard;"309,8";"4,49";0;"305,31";29/04/2024
974170277;29/03/2024 - 13:42:19;Crédito;Em Processamento;1/1;Mastercard;"446,99";"6,48";0;"440,51";29/04/2024
973895161;29/03/2024 - 09:47:44;Crédito;Em Processamento;1/1;Mastercard;"154,5";"2,24";0;"152,26";29/04/2024
973861143;29/03/2024 - 09:13:35;Crédito;Em Processamento;1/1;Mastercard;"220,48";"3,2";0;"217,28";29/04/2024
974123153;29/03/2024 - 12:52:21;Crédito;Em Processamento;1/1;Mastercard;"176,83";"2,56";0;"174,27";29/04/2024
1003616162;28/03/2024 - 11:14:43;Crédito;Em Processamento;1/1;Mastercard;"162,87";"2,36";0;"160,51";29/04/2024
973524163;28/03/2024 - 19:48:57;Crédito;Em Processamento;1/1;Mastercard;"208,96";"3,03";0;"205,93";29/04/2024
973183035;28/03/2024 - 16:11:49;Crédito;Em Processamento;1/1;Mastercard;"208,73";"3,03";0;"205,7";29/04/2024
973119327;28/03/2024 - 15:25:11;Crédito;Em Processamento;1/1;Mastercard;"162,76";"2,36";0;"160,4";29/04/2024
972939247;28/03/2024 - 13:03:17;Crédito;Em Processamento;1/1;Mastercard;"203,81";"2,96";0;"200,85";29/04/2024
1003846608;28/03/2024 - 13:52:36;Crédito;Em Processamento;1/1;Elo;200;"3,7";0;"196,3";29/04/2024
1005118828;29/03/2024 - 13:41:53;Crédito;Em Processamento;1/1;Hipercard;"176,54";"2,56";0;"173,98";29/04/2024
975895997;31/03/2024 - 08:48:36;Crédito;Em Processamento;1/1;Visa;150;"2,18";0;"147,82";30/04/2024
975940339;31/03/2024 - 09:35:35;Crédito;Em Processamento;1/1;Visa;100;"1,45";0;"98,55";30/04/2024
976270095;31/03/2024 - 13:38:27;Crédito;Em Processamento;1/1;Visa;"181,23";"2,63";0;"178,6";30/04/2024
976183437;31/03/2024 - 12:24:29;Crédito;Em Processamento;1/1;Visa;50;"0,72";0;"49,28";30/04/2024
976160551;31/03/2024 - 12:08:40;Crédito;Em Processamento;1/1;Visa;100;"1,45";0;"98,55";30/04/2024
1007495320;31/03/2024 - 16:05:04;Crédito;Em Processamento;1/1;Visa;100;"1,45";0;"98,55";30/04/2024
1007111676;31/03/2024 - 10:49:39;Crédito;Em Processamento;1/1;Visa;100;"1,45";0;"98,55";30/04/2024
1007305992;31/03/2024 - 12:50:57;Crédito;Em Processamento;1/1;Mastercard;20;"0,29";0;"19,71";30/04/2024
1007132970;31/03/2024 - 11:02:43;Crédito;Em Processamento;1/1;Mastercard;"334,02";"4,84";0;"329,18";30/04/2024
1007269456;31/03/2024 - 12:24:38;Crédito;Em Processamento;1/1;Mastercard;25;"0,36";0;"24,64";30/04/2024
976257703;31/03/2024 - 13:25:31;Crédito;Em Processamento;1/1;Mastercard;"136,46";"1,98";0;"134,48";30/04/2024
976261443;31/03/2024 - 13:29:23;Crédito;Em Processamento;1/1;Mastercard;50;"0,72";0;"49,28";30/04/2024
976330461;31/03/2024 - 14:49:50;Crédito;Em Processamento;1/1;Mastercard;"129,68";"1,88";0;"127,8";30/04/2024
976348901;31/03/2024 - 15:13:15;Crédito;Em Processamento;1/1;Mastercard;20;"0,29";0;"19,71";30/04/2024
976376185;31/03/2024 - 15:47:19;Crédito;Em Processamento;1/1;Mastercard;30;"0,44";0;"29,56";30/04/2024
976424925;31/03/2024 - 16:47:06;Crédito;Em Processamento;1/1;Mastercard;150;"2,18";0;"147,82";30/04/2024
1007090942;31/03/2024 - 10:36:02;Crédito;Em Processamento;1/1;Mastercard;80;"1,16";0;"78,84";30/04/2024
975962495;31/03/2024 - 09:55:12;Crédito;Em Processamento;1/1;Mastercard;"137,6";2;0;"135,6";30/04/2024
975984789;31/03/2024 - 10:13:33;Crédito;Em Processamento;1/1;Mastercard;25;"0,36";0;"24,64";30/04/2024
975991985;31/03/2024 - 10:18:56;Crédito;Em Processamento;1/1;Mastercard;15;"0,22";0;"14,78";30/04/2024
976024135;31/03/2024 - 10:42:45;Crédito;Em Processamento;1/1;Mastercard;50;"0,72";0;"49,28";30/04/2024
976040159;31/03/2024 - 10:53:34;Crédito;Em Processamento;1/1;Mastercard;50;"0,72";0;"49,28";30/04/2024
976115355;31/03/2024 - 11:40:52;Crédito;Em Processamento;1/1;Mastercard;50;"0,72";0;"49,28";30/04/2024
975928463;31/03/2024 - 09:24:15;Crédito;Em Processamento;1/1;Mastercard;50;"0,72";0;"49,28";30/04/2024
1007505914;31/03/2024 - 16:16:51;Crédito;Em Processamento;1/1;Elo;"129,84";"2,4";0;"127,44";30/04/2024
