"IBM Posto","Nome Posto","Data","Hora","Tipo","Bomba","Bico","Produto","Volume (L)","Valor a Receber","Desconto Posto","Desconto Shell","Creditos no Shellbox","Shell Box Clube","Valor Pago Cliente","Cod. Status Transacao","Status Transacao","ID Frentista","ID Transacao","ID do Produto","Payout Status","Pagamento ID 1","Parceiro","Codigo do Voucher","Nome da Campanha","Data de inicio da Transação","Categoria"
"886700","Auto Posto Viaduto Do Mirante Ltda","2025-01-20","08:00:31","Abastecimento","4","16","Shell V-Power Gasolina","27.5","R$ 181,22","R$ 0,00","R$ 0,00","R$ 0,00","R$ 0,00","R$ 181,22","3","Sucesso","B32809092EAD213A","190061236","12","","a2fecb82-e04b-4f78-aeac-529f0647f3a0","-","-","-","2025-01-20 11:00:14.000 UTC","Payly"
"886700","Auto Posto Viaduto Do Mirante Ltda","2025-01-20","07:56:55","Abastecimento","2","3","Etanol Comum","11.93","R$ 50,00","R$ 1,19","R$ 0,00","R$ 0,00","R$ 0,00","R$ 48,81","3","Sucesso","B32809EED033D53C","190060730","21","","-","-","-","-","2025-01-20 10:56:40.000 UTC","Dinheiro"
"886700","Auto Posto Viaduto Do Mirante Ltda","2025-01-20","07:51:32","Abastecimento","6","15","Gasolina Comum","24.23","R$ 150,00","R$ 2,42","R$ 0,00","R$ 0,00","R$ 0,00","R$ 147,58","3","Sucesso","B32809EED033236E","190059946","11","","-","-","-","-","2025-01-20 10:51:07.000 UTC","Dinheiro"
"886700","Auto Posto Viaduto Do Mirante Ltda","2025-01-20","07:31:52","Abastecimento","3","5","Etanol Comum","26.25","R$ 110,00","R$ 2,62","R$ 0,00","R$ 0,00","R$ 0,00","R$ 107,38","3","Sucesso","B32809EED033236E","190057400","21","","-","-","-","-","2025-01-20 10:31:35.000 UTC","Dinheiro"
"886700","Auto Posto Viaduto Do Mirante Ltda","2025-01-20","07:29:21","Abastecimento","1","2","Gasolina Comum","6.46","R$ 40,00","R$ 0,65","R$ 0,00","R$ 0,00","R$ 0,00","R$ 39,35","3","Sucesso","B32809092EADBC7C","190056974","11","","-","-","-","-","2025-01-20 10:28:28.000 UTC","Dinheiro"
"886700","Auto Posto Viaduto Do Mirante Ltda","2025-01-20","07:01:01","Abastecimento","1","1","Etanol Comum","11.93","R$ 50,00","R$ 1,19","R$ 0,00","R$ 0,00","R$ 0,00","R$ 48,81","3","Sucesso","B32809092EAD213A","190053782","21","","99476149977","Mercado Pago","-","-","2025-01-20 10:00:42.000 UTC","Cartão Mercado Pago"
"886700","Auto Posto Viaduto Do Mirante Ltda","2025-01-20","06:55:04","Abastecimento","4","9","Gasolina Comum","42.82","R$ 265,06","R$ 4,28","R$ 0,00","R$ 0,00","R$ 0,00","R$ 260,78","3","Sucesso","B32809D538851035","190053152","11","","99476173565","Mercado Pago","-","-","2025-01-20 09:54:42.000 UTC","Cartão Mercado Pago"
"886700","Auto Posto Viaduto Do Mirante Ltda","2025-01-20","06:45:53","Abastecimento","2","4","Gasolina Comum","16.16","R$ 100,00","R$ 1,62","R$ 0,00","R$ 0,00","R$ 0,00","R$ 98,38","3","Sucesso","B32809092EAD213A","190052303","11","","-","-","-","-","2025-01-20 09:45:30.000 UTC","Dinheiro"
"886700","Auto Posto Viaduto Do Mirante Ltda","2025-01-20","06:43:33","Abastecimento","4","8","Etanol Comum","21.48","R$ 90,00","R$ 2,15","R$ 0,00","R$ 0,00","R$ 0,00","R$ 87,85","3","Sucesso","B32809EED033236E","190052016","21","","19324682x190052016x1737366159915","-","-","-","2025-01-20 09:42:21.000 UTC","Pix"
"886700","Auto Posto Viaduto Do Mirante Ltda","2025-01-20","06:41:23","Abastecimento","4","8","Etanol Comum","2.39","R$ 10,00","R$ 0,24","R$ 0,00","R$ 0,00","R$ 0,00","R$ 9,76","3","Sucesso","B32809EED033236E","190051857","21","","19324682x190051857x1737366042253","-","-","-","2025-01-20 09:40:21.000 UTC","Pix"
"886700","Auto Posto Viaduto Do Mirante Ltda","2025-01-20","06:30:52","Abastecimento","6","15","Gasolina Comum","25.93","R$ 160,51","R$ 2,59","R$ 0,00","R$ 0,00","R$ 0,00","R$ 157,92","3","Sucesso","B32809092EAD213A","190051090","11","","99841886888","Mercado Pago","-","-","2025-01-20 09:30:35.000 UTC","Cartão Mercado Pago"
"886700","Auto Posto Viaduto Do Mirante Ltda","2025-01-20","06:23:25","Abastecimento","5","18","Shell V-Power Gasolina","8.45","R$ 55,69","R$ 0,84","R$ 0,00","R$ 0,00","R$ 0,00","R$ 54,85","3","Sucesso","B32809092EAD213A","190050566","12","","-","-","-","-","2025-01-20 09:23:05.000 UTC","Dinheiro"
"886700","Auto Posto Viaduto Do Mirante Ltda","2025-01-20","06:21:05","Abastecimento","3","6","Gasolina Comum","8.08","R$ 50,00","R$ 0,81","R$ 0,00","R$ 0,00","R$ 0,00","R$ 49,19","3","Sucesso","B32809EED033236E","190050390","11","","1080766329","Mercado Pago","-","-","2025-01-20 09:20:46.000 UTC","Conta Mercado Pago"
"886700","Auto Posto Viaduto Do Mirante Ltda","2025-01-20","06:19:25","Abastecimento","1","2","Gasolina Comum","16.16","R$ 100,00","R$ 1,62","R$ 0,00","R$ 0,00","R$ 0,00","R$ 98,38","3","Sucesso","B32809092EAD213A","190050285","11","","-","-","-","-","2025-01-20 09:19:09.000 UTC","Dinheiro"
"886700","Auto Posto Viaduto Do Mirante Ltda","2025-01-20","06:16:43","Abastecimento","6","15","Gasolina Comum","16.16","R$ 100,00","R$ 1,62","R$ 0,00","R$ 0,00","R$ 0,00","R$ 98,38","3","Sucesso","B32809EED033236E","190050105","11","","-","-","-","-","2025-01-20 09:16:25.000 UTC","Dinheiro"
"886700","Auto Posto Viaduto Do Mirante Ltda","2025-01-20","06:14:05","Abastecimento","4","8","Etanol Comum","28.09","R$ 117,70","R$ 2,81","R$ 0,00","R$ 0,00","R$ 0,00","R$ 114,89","3","Sucesso","B32809D538851035","190049921","21","","99840081722","Mercado Pago","-","-","2025-01-20 09:13:45.000 UTC","Cartão Mercado Pago"
"886700","Auto Posto Viaduto Do Mirante Ltda","2025-01-20","05:57:15","Abastecimento","6","15","Gasolina Comum","17.0","R$ 105,23","R$ 1,70","R$ 0,00","R$ 0,00","R$ 0,00","R$ 103,53","3","Sucesso","B32809EED033236E","190049119","11","","-","-","-","-","2025-01-20 08:56:46.000 UTC","Dinheiro"
"886700","Auto Posto Viaduto Do Mirante Ltda","2025-01-20","05:47:13","Abastecimento","2","3","Etanol Comum","7.16","R$ 30,00","R$ 0,72","R$ 0,00","R$ 0,00","R$ 0,00","R$ 29,28","3","Sucesso","B32809092ED8D233","190048798","21","","-","-","-","-","2025-01-20 08:47:00.000 UTC","Dinheiro"
"886700","Auto Posto Viaduto Do Mirante Ltda","2025-01-20","05:45:59","Abastecimento","2","4","Gasolina Comum","8.08","R$ 50,00","R$ 0,81","R$ 0,00","R$ 0,00","R$ 0,00","R$ 49,19","3","Sucesso","B32809092ED8D233","190048756","11","","-","-","-","-","2025-01-20 08:45:47.000 UTC","Dinheiro"
"886700","Auto Posto Viaduto Do Mirante Ltda","2025-01-20","05:45:40","Abastecimento","6","19","Shell V-Power Gasolina","14.26","R$ 94,00","R$ 1,43","R$ 0,00","R$ 0,00","R$ 0,00","R$ 92,57","3","Sucesso","B32809092ED8D233","190048747","12","","-","-","-","-","2025-01-20 08:45:23.000 UTC","Dinheiro"
"886700","Auto Posto Viaduto Do Mirante Ltda","2025-01-20","05:11:29","Abastecimento","2","4","Gasolina Comum","24.23","R$ 150,00","R$ 2,42","R$ 0,00","R$ 0,00","R$ 0,00","R$ 147,58","3","Sucesso","B32809EED033236E","190047975","11","","-","-","-","-","2025-01-20 08:11:15.000 UTC","Dinheiro"
"886700","Auto Posto Viaduto Do Mirante Ltda","2025-01-20","04:44:35","Abastecimento","6","14","Etanol Comum","37.05","R$ 155,24","R$ 3,70","R$ 0,00","R$ 0,00","R$ 0,00","R$ 151,54","4","Pagamento Recusado","B32809092ED8D233","190047654","21","","99835969792","Mercado Pago","-","-","2025-01-20 07:43:50.000 UTC","Cartão Mercado Pago"
"886700","Auto Posto Viaduto Do Mirante Ltda","2025-01-20","03:36:45","Abastecimento","4","8","Etanol Comum","23.87","R$ 100,00","R$ 2,39","R$ 0,00","R$ 0,00","R$ 0,00","R$ 97,61","3","Sucesso","B32809092ED8D233","190047206","21","","7441005x190047206x1737354956264","-","-","-","2025-01-20 06:35:44.000 UTC","Pix"
"886700","Auto Posto Viaduto Do Mirante Ltda","2025-01-20","01:28:06","Abastecimento","2","3","Etanol Comum","31.14","R$ 130,48","R$ 3,11","R$ 0,00","R$ 0,00","R$ 0,00","R$ 127,37","3","Sucesso","B3CF6CA31378AC02","190046662","21","","-","-","-","-","2025-01-20 04:27:50.000 UTC","Dinheiro"
"886700","Auto Posto Viaduto Do Mirante Ltda","2025-01-19","22:59:32","Abastecimento","2","4","Gasolina Comum","4.0","R$ 24,76","R$ 0,40","R$ 0,00","R$ 0,00","R$ 0,00","R$ 24,36","3","Sucesso","B32809099EBC19C9","190044524","11","","99828294534","Mercado Pago","-","-","2025-01-20 01:59:08.000 UTC","Cartão Mercado Pago"
"886700","Auto Posto Viaduto Do Mirante Ltda","2025-01-19","22:49:05","Abastecimento","6","15","Gasolina Comum","19.39","R$ 120,00","R$ 1,94","R$ 0,00","R$ 0,00","R$ 0,00","R$ 118,06","3","Sucesso","B32809092ED8D233","190044216","11","","99461058931","Mercado Pago","-","-","2025-01-20 01:48:48.000 UTC","Cartão Mercado Pago"
"886700","Auto Posto Viaduto Do Mirante Ltda","2025-01-19","22:46:31","Abastecimento","4","8","Etanol Comum","31.79","R$ 133,20","R$ 3,18","R$ 9,54","R$ 0,00","R$ 0,00","R$ 120,48","3","Sucesso","B3CF6CA31378AC02","190044123","21","","99461298209","Mercado Pago","7da0c256-8dc0-45ce-8d41-62641e07f36a","AP-DIG-AQU-2291","2025-01-20 01:46:12.000 UTC","Cartão Mercado Pago"
"886700","Auto Posto Viaduto Do Mirante Ltda","2025-01-19","22:41:56","Abastecimento","2","3","Etanol Comum","20.0","R$ 83,80","R$ 2,00","R$ 0,00","R$ 0,00","R$ 0,00","R$ 81,80","3","Sucesso","B3CF6CA31378AC02","190043991","21","","-","-","-","-","2025-01-20 01:41:38.000 UTC","Dinheiro"
"886700","Auto Posto Viaduto Do Mirante Ltda","2025-01-19","22:21:25","Abastecimento","3","6","Gasolina Comum","3.11","R$ 19,25","R$ 0,31","R$ 0,00","R$ 0,00","R$ 0,00","R$ 18,94","3","Sucesso","B3CF6CA31378AC02","190043168","11","","-","-","-","-","2025-01-20 01:21:07.000 UTC","Dinheiro"
"886700","Auto Posto Viaduto Do Mirante Ltda","2025-01-19","22:21:23","Abastecimento","1","2","Gasolina Comum","19.39","R$ 120,00","R$ 1,94","R$ 0,00","R$ 0,00","R$ 0,00","R$ 118,06","3","Sucesso","B32809099EBC19C9","190043163","11","","-","-","-","-","2025-01-20 01:21:02.000 UTC","Dinheiro"
"886700","Auto Posto Viaduto Do Mirante Ltda","2025-01-19","21:49:18","Abastecimento","4","8","Etanol Comum","46.03","R$ 192,87","R$ 4,60","R$ 0,00","R$ 0,00","R$ 0,00","R$ 188,27","3","Sucesso","B3CF6CA313787E3E","190041693","21","","-","-","-","-","2025-01-20 00:49:01.000 UTC","Dinheiro"
"886700","Auto Posto Viaduto Do Mirante Ltda","2025-01-19","21:48:23","Abastecimento","2","3","Etanol Comum","11.93","R$ 50,00","R$ 1,19","R$ 0,00","R$ 0,00","R$ 0,00","R$ 48,81","3","Sucesso","B32809099EBC19C9","190041633","21","","-","-","-","-","2025-01-20 00:48:08.000 UTC","Dinheiro"
"886700","Auto Posto Viaduto Do Mirante Ltda","2025-01-19","21:38:02","Abastecimento","4","8","Etanol Comum","23.87","R$ 100,00","R$ 2,39","R$ 0,00","R$ 0,00","R$ 0,00","R$ 97,61","3","Sucesso","B32809EED07ED77A","190040942","21","","6567229x190040942x1737333433889","-","-","-","2025-01-20 00:36:46.000 UTC","Pix"
"886700","Auto Posto Viaduto Do Mirante Ltda","2025-01-19","21:21:42","Abastecimento","1","2","Gasolina Comum","32.31","R$ 200,00","R$ 3,23","R$ 0,00","R$ 0,00","R$ 0,00","R$ 196,77","3","Sucesso","B32809EED07ED77A","190039870","11","","-","-","-","-","2025-01-20 00:21:00.000 UTC","Dinheiro"
"886700","Auto Posto Viaduto Do Mirante Ltda","2025-01-19","21:21:40","Abastecimento","6","15","Gasolina Comum","34.14","R$ 211,33","R$ 3,41","R$ 0,00","R$ 0,00","R$ 0,00","R$ 207,92","3","Sucesso","B32809EED07ED77A","190039886","11","","-","-","-","-","2025-01-20 00:21:12.000 UTC","Dinheiro"
"886700","Auto Posto Viaduto Do Mirante Ltda","2025-01-19","21:19:35","Abastecimento","4","8","Etanol Comum","35.87","R$ 150,30","R$ 3,59","R$ 0,00","R$ 0,00","R$ 0,00","R$ 146,71","3","Sucesso","B32809EED07ED77A","190039738","21","","99455380647","Mercado Pago","-","-","2025-01-20 00:19:13.000 UTC","Cartão Mercado Pago"
"886700","Auto Posto Viaduto Do Mirante Ltda","2025-01-19","21:11:08","Abastecimento","2","3","Etanol Comum","9.55","R$ 40,00","R$ 0,00","R$ 0,00","R$ 0,00","R$ 0,00","R$ 40,00","3","Sucesso","B32809EED07ED77A","190039106","21","-","99454990707","Mercado Pago","-","-","2025-01-20 00:11:08.000 UTC","App Mercado Pago"
"886700","Auto Posto Viaduto Do Mirante Ltda","2025-01-19","21:11:03","Abastecimento","5","11","Etanol Comum","21.48","R$ 90,00","R$ 2,15","R$ 0,00","R$ 0,00","R$ 0,00","R$ 87,85","3","Sucesso","B32809099EBC19C9","190039071","21","","-","-","-","-","2025-01-20 00:10:47.000 UTC","Dinheiro"
"886700","Auto Posto Viaduto Do Mirante Ltda","2025-01-19","20:56:43","Abastecimento","4","8","Etanol Comum","11.93","R$ 50,00","R$ 1,19","R$ 0,00","R$ 0,00","R$ 0,00","R$ 48,81","3","Sucesso","B3CF6CA313787E3E","190037952","21","","-","-","-","-","2025-01-19 23:56:15.000 UTC","Dinheiro"
"886700","Auto Posto Viaduto Do Mirante Ltda","2025-01-19","20:46:26","Abastecimento","3","5","Etanol Comum","31.73","R$ 132,95","R$ 3,17","R$ 0,00","R$ 0,00","R$ 0,00","R$ 129,78","3","Sucesso","B32809EED07ED77A","190037133","21","","-","-","-","-","2025-01-19 23:46:05.000 UTC","Dinheiro"
"886700","Auto Posto Viaduto Do Mirante Ltda","2025-01-19","20:39:10","Abastecimento","2","3","Etanol Comum","41.78","R$ 175,06","R$ 4,18","R$ 0,00","R$ 0,00","R$ 0,00","R$ 170,88","3","Sucesso","B32809099EBC19C9","190036488","21","","-","-","-","-","2025-01-19 23:38:43.000 UTC","Dinheiro"
"886700","Auto Posto Viaduto Do Mirante Ltda","2025-01-19","20:32:27","Abastecimento","5","12","Gasolina Comum","12.92","R$ 80,00","R$ 1,29","R$ 0,00","R$ 0,00","R$ 0,00","R$ 78,71","3","Sucesso","B3CF6CA313787E3E","190035836","11","","17558581x190035836x1737329496353","-","-","-","2025-01-19 23:31:20.000 UTC","Pix"
"886700","Auto Posto Viaduto Do Mirante Ltda","2025-01-19","20:32:07","Abastecimento","3","5","Etanol Comum","23.87","R$ 100,00","R$ 2,39","R$ 0,00","R$ 0,00","R$ 0,00","R$ 97,61","3","Sucesso","B32809099EBC19C9","190035890","21","","-","-","-","-","2025-01-19 23:31:50.000 UTC","Dinheiro"
"886700","Auto Posto Viaduto Do Mirante Ltda","2025-01-19","20:25:20","Abastecimento","5","12","Gasolina Comum","4.04","R$ 25,00","R$ 0,40","R$ 0,00","R$ 0,00","R$ 0,00","R$ 24,60","3","Sucesso","B32809EED07ED77A","190035194","11","","-","-","-","-","2025-01-19 23:24:49.000 UTC","Dinheiro"
"886700","Auto Posto Viaduto Do Mirante Ltda","2025-01-19","20:22:23","Abastecimento","7","17","Shell Evolux Diesel S-10","24.23","R$ 150,00","R$ 2,42","R$ 3,63","R$ 0,00","R$ 0,00","R$ 143,95","3","Sucesso","B3CF6CA313787E3E","190034918","34","","99817616170","Mercado Pago","1954ec1b-bfc1-479c-9788-d7f80e845778","AP-CRM-RET-2361","2025-01-19 23:21:55.000 UTC","Cartão Mercado Pago"
"886700","Auto Posto Viaduto Do Mirante Ltda","2025-01-19","20:07:46","Abastecimento","6","15","Gasolina Comum","42.03","R$ 260,17","R$ 4,20","R$ 0,00","R$ 0,00","R$ 0,00","R$ 255,97","3","Sucesso","B32809099EBC19C9","190033590","11","","-","-","-","-","2025-01-19 23:07:30.000 UTC","Dinheiro"
"886700","Auto Posto Viaduto Do Mirante Ltda","2025-01-19","19:30:54","Abastecimento","3","6","Gasolina Comum","24.23","R$ 150,00","R$ 2,42","R$ 0,00","R$ 0,00","R$ 0,00","R$ 147,58","3","Sucesso","B3CF6CA313787E3E","190029810","11","","-","-","-","-","2025-01-19 22:30:36.000 UTC","Dinheiro"
"886700","Auto Posto Viaduto Do Mirante Ltda","2025-01-19","19:13:53","Abastecimento","4","8","Etanol Comum","11.93","R$ 50,00","R$ 1,19","R$ 0,00","R$ 0,00","R$ 0,00","R$ 48,81","3","Sucesso","B32809099EBC19C9","190027982","21","","-","-","-","-","2025-01-19 22:13:38.000 UTC","Dinheiro"
"886700","Auto Posto Viaduto Do Mirante Ltda","2025-01-19","18:52:59","Abastecimento","2","4","Gasolina Comum","3.23","R$ 20,00","R$ 0,32","R$ 0,00","R$ 0,00","R$ 0,00","R$ 19,68","3","Sucesso","B32809099EBC19C9","190025761","11","","-","-","-","-","2025-01-19 21:52:24.000 UTC","Dinheiro"
"886700","Auto Posto Viaduto Do Mirante Ltda","2025-01-19","18:45:15","Abastecimento","5","12","Gasolina Comum","8.08","R$ 50,00","R$ 0,81","R$ 0,00","R$ 0,00","R$ 0,00","R$ 49,19","3","Sucesso","B32809099EBC19C9","190024846","11","","-","-","-","-","2025-01-19 21:44:29.000 UTC","Dinheiro"
"886700","Auto Posto Viaduto Do Mirante Ltda","2025-01-19","18:41:16","Abastecimento","2","3","Etanol Comum","35.8","R$ 150,00","R$ 3,58","R$ 0,00","R$ 0,00","R$ 0,00","R$ 146,42","3","Sucesso","B3CF6CA313787E3E","190024433","21","","-","-","-","-","2025-01-19 21:40:58.000 UTC","Dinheiro"
"886700","Auto Posto Viaduto Do Mirante Ltda","2025-01-19","18:34:46","Abastecimento","6","14","Etanol Comum","25.0","R$ 104,75","R$ 2,50","R$ 0,00","R$ 0,00","R$ 0,00","R$ 102,25","3","Sucesso","B32809EED07ED77A","190023759","21","","-","-","-","-","2025-01-19 21:34:30.000 UTC","Dinheiro"
"886700","Auto Posto Viaduto Do Mirante Ltda","2025-01-19","18:27:57","Abastecimento","6","15","Gasolina Comum","16.16","R$ 100,00","R$ 1,62","R$ 0,00","R$ 0,00","R$ 0,00","R$ 98,38","3","Sucesso","B32809099EBC19C9","190023002","11","","-","-","-","-","2025-01-19 21:27:37.000 UTC","Dinheiro"
"886700","Auto Posto Viaduto Do Mirante Ltda","2025-01-19","18:23:02","Abastecimento","3","5","Etanol Comum","45.46","R$ 190,48","R$ 4,55","R$ 0,00","R$ 0,00","R$ 0,00","R$ 185,93","3","Sucesso","B32809099EBC19C9","190022442","21","","99443088199","Mercado Pago","-","-","2025-01-19 21:22:50.000 UTC","Cartão Mercado Pago"
"886700","Auto Posto Viaduto Do Mirante Ltda","2025-01-19","18:20:33","Abastecimento","2","4","Gasolina Comum","25.66","R$ 158,84","R$ 2,57","R$ 0,00","R$ 0,00","R$ 0,00","R$ 156,27","3","Sucesso","B3CF6CA313787E3E","190022103","11","","-","-","-","-","2025-01-19 21:20:00.000 UTC","Dinheiro"
"886700","Auto Posto Viaduto Do Mirante Ltda","2025-01-19","18:15:29","Abastecimento","2","3","Etanol Comum","45.02","R$ 188,63","R$ 4,50","R$ 0,00","R$ 0,00","R$ 0,00","R$ 184,13","3","Sucesso","B32809099EBC19C9","190021525","21","","-","-","-","-","2025-01-19 21:15:08.000 UTC","Dinheiro"
"886700","Auto Posto Viaduto Do Mirante Ltda","2025-01-19","18:14:49","Abastecimento","1","2","Gasolina Comum","6.46","R$ 40,00","R$ 0,65","R$ 4,31","R$ 0,00","R$ 0,00","R$ 35,04","3","Sucesso","B3CF6CA313787E3E","190021433","11","","-","-","05d4e4a9-d273-11ef-8a38-02b447a431dd","R$ 4.31 DE DESCONTO","2025-01-19 21:14:22.000 UTC","Dinheiro"
"886700","Auto Posto Viaduto Do Mirante Ltda","2025-01-19","18:09:31","Abastecimento","2","3","Etanol Comum","19.09","R$ 80,00","R$ 1,91","R$ 0,00","R$ 0,00","R$ 0,00","R$ 78,09","3","Sucesso","B32809EED07ED77A","190020864","21","","-","-","-","-","2025-01-19 21:09:15.000 UTC","Dinheiro"
"886700","Auto Posto Viaduto Do Mirante Ltda","2025-01-19","17:54:19","Abastecimento","3","6","Gasolina Comum","3.24","R$ 20,06","R$ 0,32","R$ 0,00","R$ 0,00","R$ 0,00","R$ 19,74","3","Sucesso","B32809099EBCAB00","190019159","11","","-","-","-","-","2025-01-19 20:53:54.000 UTC","Dinheiro"
"886700","Auto Posto Viaduto Do Mirante Ltda","2025-01-19","17:39:09","Abastecimento","5","12","Gasolina Comum","8.08","R$ 50,00","R$ 0,81","R$ 0,00","R$ 0,00","R$ 0,00","R$ 49,19","3","Sucesso","B32809099EBC19C9","190017477","11","","99806525580","Mercado Pago","-","-","2025-01-19 20:38:38.000 UTC","Cartão Mercado Pago"
"886700","Auto Posto Viaduto Do Mirante Ltda","2025-01-19","17:29:10","Abastecimento","5","12","Gasolina Comum","40.39","R$ 250,00","R$ 4,04","R$ 0,00","R$ 0,00","R$ 0,00","R$ 245,96","3","Sucesso","B3CF6CA313787E3E","190016383","11","","-","-","-","-","2025-01-19 20:28:56.000 UTC","Dinheiro"
"886700","Auto Posto Viaduto Do Mirante Ltda","2025-01-19","17:23:21","Abastecimento","6","15","Gasolina Comum","8.08","R$ 50,00","R$ 0,81","R$ 0,00","R$ 0,00","R$ 0,00","R$ 49,19","3","Sucesso","B32809EED07ED77A","190015738","11","","-","-","-","-","2025-01-19 20:23:04.000 UTC","Dinheiro"
"886700","Auto Posto Viaduto Do Mirante Ltda","2025-01-19","17:18:23","Abastecimento","5","11","Etanol Comum","7.16","R$ 30,00","R$ 0,72","R$ 0,00","R$ 0,00","R$ 0,00","R$ 29,28","3","Sucesso","B32809EED07EF3DA","190015176","21","","-","-","-","-","2025-01-19 20:18:12.000 UTC","Dinheiro"
"886700","Auto Posto Viaduto Do Mirante Ltda","2025-01-19","17:15:03","Abastecimento","6","15","Gasolina Comum","16.16","R$ 100,00","R$ 1,62","R$ 0,00","R$ 0,00","R$ 0,00","R$ 98,38","3","Sucesso","B32809EED07EF3DA","190014829","11","","99439022315","Mercado Pago","-","-","2025-01-19 20:14:48.000 UTC","Cartão Mercado Pago"
"886700","Auto Posto Viaduto Do Mirante Ltda","2025-01-19","17:01:27","Abastecimento","2","3","Etanol Comum","45.96","R$ 192,57","R$ 4,60","R$ 0,00","R$ 0,00","R$ 0,00","R$ 187,97","3","Sucesso","B32809EED07ED77A","190013048","21","","99804456394","Mercado Pago","-","-","2025-01-19 19:58:17.000 UTC","Cartão Mercado Pago"
"886700","Auto Posto Viaduto Do Mirante Ltda","2025-01-19","16:52:39","Abastecimento","4","9","Gasolina Comum","8.08","R$ 50,00","R$ 0,81","R$ 0,00","R$ 0,00","R$ 0,00","R$ 49,19","3","Sucesso","B3CF6CA313787E3E","190012370","11","","-","-","-","-","2025-01-19 19:51:46.000 UTC","Dinheiro"
"886700","Auto Posto Viaduto Do Mirante Ltda","2025-01-19","10:02:19","Abastecimento","4","9","Gasolina Comum","30.57","R$ 189,23","R$ 3,06","R$ 0,00","R$ 0,00","R$ 0,00","R$ 186,17","3","Sucesso","B32809EED033236E","189966056","11","","-","-","-","-","2025-01-19 13:01:43.000 UTC","Dinheiro"
"886700","Auto Posto Viaduto Do Mirante Ltda","2025-01-19","09:51:28","Abastecimento","4","9","Gasolina Comum","26.85","R$ 166,20","R$ 0,00","R$ 0,00","R$ 0,00","R$ 0,00","R$ 166,20","3","Sucesso","B32809EED033236E","189964897","11","-","45363217","-","-","-","2025-01-19 12:51:28.000 UTC","App Porto Seguro"
"886700","Auto Posto Viaduto Do Mirante Ltda","2025-01-19","09:47:51","Abastecimento","2","4","Gasolina Comum","19.39","R$ 120,00","R$ 1,94","R$ 0,00","R$ 0,00","R$ 0,00","R$ 118,06","3","Sucesso","B32809D538851035","189964489","11","","-","-","-","-","2025-01-19 12:47:35.000 UTC","Dinheiro"
"886700","Auto Posto Viaduto Do Mirante Ltda","2025-01-19","09:40:34","Abastecimento","1","7","Shell V-Power Gasolina","13.66","R$ 90,02","R$ 1,37","R$ 0,00","R$ 0,00","R$ 0,00","R$ 88,65","3","Sucesso","B32809D538851035","189963572","12","","-","-","-","-","2025-01-19 12:39:07.000 UTC","Dinheiro"
"886700","Auto Posto Viaduto Do Mirante Ltda","2025-01-19","09:27:11","Abastecimento","2","4","Gasolina Comum","3.23","R$ 20,00","R$ 0,32","R$ 0,00","R$ 0,00","R$ 0,00","R$ 19,68","3","Sucesso","B32809092ED863D9","189962305","11","","-","-","-","-","2025-01-19 12:26:53.000 UTC","Dinheiro"
"886700","Auto Posto Viaduto Do Mirante Ltda","2025-01-19","09:08:14","Abastecimento","5","18","Shell V-Power Gasolina","7.59","R$ 50,00","R$ 0,76","R$ 0,00","R$ 0,00","R$ 0,00","R$ 49,24","3","Sucesso","B32809D538851035","189960488","12","","-","-","-","-","2025-01-19 12:07:18.000 UTC","Dinheiro"
"886700","Auto Posto Viaduto Do Mirante Ltda","2025-01-19","09:08:00","Abastecimento","3","6","Gasolina Comum","37.57","R$ 232,56","R$ 3,76","R$ 0,00","R$ 0,00","R$ 0,00","R$ 228,80","3","Sucesso","B32809D538851035","189960513","11","","99774039954","Mercado Pago","-","-","2025-01-19 12:07:36.000 UTC","Cartão Mercado Pago"
"886700","Auto Posto Viaduto Do Mirante Ltda","2025-01-19","09:03:04","Abastecimento","4","8","Etanol Comum","23.87","R$ 100,00","R$ 2,39","R$ 2,89","R$ 0,00","R$ 0,00","R$ 94,72","3","Sucesso","B32809EED033236E","189959980","21","","14945023x189959980x1737288125768","-","07518cad-d273-11ef-8a38-02b447a431dd","R$ 2.89 DE DESCONTO","2025-01-19 12:01:39.000 UTC","Pix"
"886700","Auto Posto Viaduto Do Mirante Ltda","2025-01-19","08:53:40","Abastecimento","4","9","Gasolina Comum","3.23","R$ 20,00","R$ 0,32","R$ 0,00","R$ 0,00","R$ 0,00","R$ 19,68","3","Sucesso","B32809D538851035","189959254","11","","-","-","-","-","2025-01-19 11:52:59.000 UTC","Dinheiro"
"886700","Auto Posto Viaduto Do Mirante Ltda","2025-01-19","08:36:23","Abastecimento","2","3","Etanol Comum","16.71","R$ 70,00","R$ 1,67","R$ 0,00","R$ 0,00","R$ 0,00","R$ 68,33","3","Sucesso","B32809EED033236E","189957854","21","","-","-","-","-","2025-01-19 11:36:07.000 UTC","Dinheiro"
"886700","Auto Posto Viaduto Do Mirante Ltda","2025-01-19","08:18:46","Abastecimento","2","3","Etanol Comum","44.5","R$ 186,46","R$ 4,45","R$ 0,00","R$ 0,00","R$ 2,59","R$ 179,42","3","Sucesso","B32809EED033236E","189956571","21","","-","-","-","-","2025-01-19 11:18:12.000 UTC","Dinheiro"
"886700","Auto Posto Viaduto Do Mirante Ltda","2025-01-19","07:01:18","Abastecimento","3","6","Gasolina Comum","6.67","R$ 41,29","R$ 0,67","R$ 0,00","R$ 0,00","R$ 0,00","R$ 40,62","3","Sucesso","B32809D538851035","189952309","11","","99771444974","Mercado Pago","-","-","2025-01-19 10:01:02.000 UTC","Cartão Mercado Pago"
"886700","Auto Posto Viaduto Do Mirante Ltda","2025-01-19","06:51:40","Abastecimento","2","4","Gasolina Comum","16.16","R$ 100,00","R$ 1,62","R$ 0,00","R$ 0,00","R$ 0,00","R$ 98,38","3","Sucesso","B32809EED033236E","189951951","11","","429ef5b9-27a3-4165-a5b6-35bf30434f53","-","-","-","2025-01-19 09:51:19.000 UTC","Nubank"
"886700","Auto Posto Viaduto Do Mirante Ltda","2025-01-19","06:44:48","Abastecimento","3","5","Etanol Comum","20.08","R$ 84,14","R$ 2,01","R$ 0,00","R$ 0,00","R$ 0,00","R$ 82,13","3","Sucesso","B32809EED033236E","189951712","21","","-","-","-","-","2025-01-19 09:44:27.000 UTC","Dinheiro"
"886700","Auto Posto Viaduto Do Mirante Ltda","2025-01-19","06:33:25","Abastecimento","4","8","Etanol Comum","37.82","R$ 158,47","R$ 3,78","R$ 0,00","R$ 0,00","R$ 0,00","R$ 154,69","3","Sucesso","B32809EED033236E","189951380","21","","99771011544","Mercado Pago","-","-","2025-01-19 09:33:08.000 UTC","Cartão Mercado Pago"
"886700","Auto Posto Viaduto Do Mirante Ltda","2025-01-19","06:31:14","Abastecimento","4","16","Shell V-Power Gasolina","4.55","R$ 30,00","R$ 0,46","R$ 0,00","R$ 0,00","R$ 0,00","R$ 29,54","3","Sucesso","B32809EED033236E","189951325","12","","99404876001","Mercado Pago","-","-","2025-01-19 09:30:29.000 UTC","Cartão Mercado Pago"
"886700","Auto Posto Viaduto Do Mirante Ltda","2025-01-19","06:05:29","Abastecimento","2","4","Gasolina Comum","16.16","R$ 100,00","R$ 1,62","R$ 0,00","R$ 0,00","R$ 0,00","R$ 98,38","3","Sucesso","B32809EED033236E","189950784","11","","-","-","-","-","2025-01-19 09:03:23.000 UTC","Dinheiro"
"886700","Auto Posto Viaduto Do Mirante Ltda","2025-01-19","05:46:58","Abastecimento","6","19","Shell V-Power Gasolina","6.0","R$ 39,54","R$ 0,60","R$ 0,00","R$ 0,00","R$ 0,00","R$ 38,94","3","Sucesso","B3CF6CA31378AC02","189950528","12","","-","-","-","-","2025-01-19 08:46:40.000 UTC","Dinheiro"
"886700","Auto Posto Viaduto Do Mirante Ltda","2025-01-19","05:36:31","Abastecimento","6","14","Etanol Comum","23.87","R$ 100,00","R$ 2,39","R$ 0,00","R$ 0,00","R$ 0,00","R$ 97,61","3","Sucesso","B3CF6CA31378AC02","189950407","21","","-","-","-","-","2025-01-19 08:36:09.000 UTC","Dinheiro"
"886700","Auto Posto Viaduto Do Mirante Ltda","2025-01-19","04:34:20","Abastecimento","1","1","Etanol Comum","42.13","R$ 176,52","R$ 4,21","R$ 0,00","R$ 0,00","R$ 0,00","R$ 172,31","3","Sucesso","B32809092ED8D233","189949904","21","","-","-","-","-","2025-01-19 07:33:57.000 UTC","Dinheiro"
"886700","Auto Posto Viaduto Do Mirante Ltda","2025-01-19","04:30:53","Abastecimento","4","16","Shell V-Power Gasolina","8.76","R$ 57,73","R$ 0,88","R$ 0,00","R$ 0,00","R$ 0,00","R$ 56,85","3","Sucesso","B3CF6CA31378AC02","189949884","12","","-","-","-","-","2025-01-19 07:30:34.000 UTC","Dinheiro"
"886700","Auto Posto Viaduto Do Mirante Ltda","2025-01-19","04:27:16","Abastecimento","6","14","Etanol Comum","23.87","R$ 100,00","R$ 2,39","R$ 0,00","R$ 0,00","R$ 0,00","R$ 97,61","3","Sucesso","B32809092ED8D233","189949864","21","","99769151548","Mercado Pago","-","-","2025-01-19 07:26:47.000 UTC","Cartão Mercado Pago"
"886700","Auto Posto Viaduto Do Mirante Ltda","2025-01-19","00:49:10","Abastecimento","4","8","Etanol Comum","23.87","R$ 100,00","R$ 2,39","R$ 0,00","R$ 0,00","R$ 0,00","R$ 97,61","3","Sucesso","B32809099EBC19C9","189948223","21","","99398676469","Mercado Pago","-","-","2025-01-19 03:48:49.000 UTC","Cartão Mercado Pago"
"886700","Auto Posto Viaduto Do Mirante Ltda","2025-01-19","00:03:03","Abastecimento","6","15","Gasolina Comum","3.23","R$ 20,00","R$ 0,32","R$ 0,00","R$ 0,00","R$ 0,00","R$ 19,68","3","Sucesso","B3CF6CA31378AC02","189947328","11","","-","-","-","-","2025-01-19 03:02:27.000 UTC","Dinheiro"
"886700","Auto Posto Viaduto Do Mirante Ltda","2025-01-18","23:58:37","Abastecimento","1","2","Gasolina Comum","6.46","R$ 40,00","R$ 0,65","R$ 0,00","R$ 0,00","R$ 0,00","R$ 39,35","3","Sucesso","B32809099EBC19C9","189947271","11","","-","-","-","-","2025-01-19 02:58:12.000 UTC","Dinheiro"
"886700","Auto Posto Viaduto Do Mirante Ltda","2025-01-18","23:51:56","Abastecimento","4","9","Gasolina Comum","36.77","R$ 227,61","R$ 3,68","R$ 0,00","R$ 0,00","R$ 3,49","R$ 220,44","3","Sucesso","B32809099EBC19C9","189947158","11","","-","-","-","-","2025-01-19 02:51:23.000 UTC","Dinheiro"
"886700","Auto Posto Viaduto Do Mirante Ltda","2025-01-18","23:41:21","Abastecimento","2","3","Etanol Comum","30.28","R$ 126,87","R$ 3,03","R$ 0,00","R$ 0,00","R$ 0,00","R$ 123,84","3","Sucesso","B3CF6CA31378AC02","189946895","21","","-","-","-","-","2025-01-19 02:40:49.000 UTC","Dinheiro"
"886700","Auto Posto Viaduto Do Mirante Ltda","2025-01-18","23:24:37","Abastecimento","4","8","Etanol Comum","44.9","R$ 188,13","R$ 4,49","R$ 0,00","R$ 0,00","R$ 0,00","R$ 183,64","3","Sucesso","B32809099EBC19C9","189946355","21","","-","-","-","-","2025-01-19 02:24:14.000 UTC","Dinheiro"
"886700","Auto Posto Viaduto Do Mirante Ltda","2025-01-18","23:18:30","Abastecimento","6","14","Etanol Comum","17.9","R$ 75,00","R$ 1,79","R$ 0,00","R$ 0,00","R$ 0,00","R$ 73,21","3","Sucesso","B32809099EBC19C9","189946164","21","","-","-","-","-","2025-01-19 02:18:04.000 UTC","Dinheiro"
"886700","Auto Posto Viaduto Do Mirante Ltda","2025-01-18","23:13:48","Abastecimento","2","3","Etanol Comum","30.19","R$ 126,50","R$ 3,02","R$ 0,00","R$ 0,00","R$ 0,00","R$ 123,48","3","Sucesso","B3CF6CA31378AC02","189946018","21","","-","-","-","-","2025-01-19 02:13:32.000 UTC","Dinheiro"
"886700","Auto Posto Viaduto Do Mirante Ltda","2025-01-18","22:42:02","Abastecimento","4","16","Shell V-Power Gasolina","9.1","R$ 60,00","R$ 0,91","R$ 0,00","R$ 0,00","R$ 0,00","R$ 59,09","3","Sucesso","B32809EED07E1A38","189944768","12","","-","-","-","-","2025-01-19 01:41:41.000 UTC","Dinheiro"
"886700","Auto Posto Viaduto Do Mirante Ltda","2025-01-18","22:31:57","Abastecimento","6","14","Etanol Comum","23.87","R$ 100,00","R$ 2,39","R$ 0,00","R$ 0,00","R$ 0,00","R$ 97,61","3","Sucesso","B32809099EBC19C9","189944269","21","","-","-","-","-","2025-01-19 01:31:15.000 UTC","Dinheiro"
"886700","Auto Posto Viaduto Do Mirante Ltda","2025-01-18","22:28:32","Abastecimento","4","16","Shell V-Power Gasolina","30.35","R$ 200,00","R$ 3,04","R$ 0,00","R$ 0,00","R$ 0,00","R$ 196,96","3","Sucesso","B3CF6CA31378AC02","189944141","12","","-","-","-","-","2025-01-19 01:27:55.000 UTC","Dinheiro"
"886700","Auto Posto Viaduto Do Mirante Ltda","2025-01-18","22:21:25","Abastecimento","4","9","Gasolina Comum","32.31","R$ 200,00","R$ 3,23","R$ 0,00","R$ 0,00","R$ 0,00","R$ 196,77","3","Sucesso","B32809EED07E1A38","189943818","11","","-","-","-","-","2025-01-19 01:21:05.000 UTC","Dinheiro"
"886700","Auto Posto Viaduto Do Mirante Ltda","2025-01-18","22:06:33","Abastecimento","4","9","Gasolina Comum","3.44","R$ 21,29","R$ 0,34","R$ 0,00","R$ 0,00","R$ 0,00","R$ 20,95","3","Sucesso","B3CF6CA31378AC02","189943067","11","","-","-","-","-","2025-01-19 01:05:59.000 UTC","Dinheiro"
"886700","Auto Posto Viaduto Do Mirante Ltda","2025-01-18","21:59:09","Abastecimento","5","12","Gasolina Comum","3.23","R$ 20,00","R$ 0,32","R$ 0,00","R$ 0,00","R$ 0,00","R$ 19,68","3","Sucesso","B32809099EBC19C9","189942673","11","","-","-","-","-","2025-01-19 00:58:50.000 UTC","Dinheiro"
"886700","Auto Posto Viaduto Do Mirante Ltda","2025-01-18","21:57:40","Abastecimento","6","15","Gasolina Comum","8.63","R$ 53,42","R$ 0,86","R$ 0,00","R$ 0,00","R$ 0,00","R$ 52,56","3","Sucesso","B32809EED07E1A38","189942584","11","","-","-","-","-","2025-01-19 00:57:24.000 UTC","Dinheiro"
"886700","Auto Posto Viaduto Do Mirante Ltda","2025-01-18","21:56:03","Abastecimento","4","9","Gasolina Comum","16.16","R$ 100,00","R$ 1,62","R$ 0,00","R$ 0,00","R$ 0,00","R$ 98,38","3","Sucesso","B32809099EBC19C9","189942463","11","","-","-","-","-","2025-01-19 00:55:11.000 UTC","Dinheiro"
"886700","Auto Posto Viaduto Do Mirante Ltda","2025-01-18","21:49:59","Abastecimento","5","11","Etanol Comum","7.16","R$ 30,00","R$ 0,72","R$ 0,00","R$ 0,00","R$ 0,00","R$ 29,28","3","Sucesso","B32809D53885477E","189942099","21","","-","-","-","-","2025-01-19 00:49:29.000 UTC","Dinheiro"
"886700","Auto Posto Viaduto Do Mirante Ltda","2025-01-18","21:28:06","Abastecimento","1","1","Etanol Comum","11.93","R$ 50,00","R$ 0,00","R$ 0,00","R$ 0,00","R$ 0,00","R$ 50,00","7","Falha Tecnica","B32809EED07ED77A","189940588","21","-","-","Mercado Pago","-","-","2025-01-19 00:28:06.000 UTC","App Mercado Pago"
"886700","Auto Posto Viaduto Do Mirante Ltda","2025-01-18","21:04:53","Abastecimento","5","12","Gasolina Comum","16.16","R$ 100,00","R$ 1,62","R$ 0,00","R$ 0,00","R$ 0,00","R$ 98,38","3","Sucesso","B32809EED07E1A38","189938676","11","","-","-","-","-","2025-01-19 00:04:02.000 UTC","Dinheiro"
"886700","Auto Posto Viaduto Do Mirante Ltda","2025-01-18","21:02:48","Abastecimento","2","4","Gasolina Comum","24.23","R$ 150,00","R$ 2,42","R$ 0,00","R$ 0,00","R$ 0,00","R$ 147,58","9","Tempo limite esgotado","B32809099EBC19C9","189938425","11","","99748483878","Mercado Pago","-","-","2025-01-19 00:00:52.000 UTC","Cartão Mercado Pago"
"886700","Auto Posto Viaduto Do Mirante Ltda","2025-01-18","21:02:26","Abastecimento","6","15","Gasolina Comum","5.56","R$ 34,42","R$ 0,56","R$ 0,00","R$ 0,00","R$ 0,00","R$ 33,86","4","Pagamento Recusado","B32809D53885477E","189938487","11","","99748753450","Mercado Pago","-","-","2025-01-19 00:01:43.000 UTC","Cartão Mercado Pago"
"886700","Auto Posto Viaduto Do Mirante Ltda","2025-01-18","20:57:09","Abastecimento","6","14","Etanol Comum","47.29","R$ 198,15","R$ 4,73","R$ 0,00","R$ 0,00","R$ 0,00","R$ 193,42","4","Pagamento Recusado","B32809D53885477E","189938001","21","","99382057965","Mercado Pago","-","-","2025-01-18 23:56:08.000 UTC","Cartão Mercado Pago"
"886700","Auto Posto Viaduto Do Mirante Ltda","2025-01-18","20:53:46","Abastecimento","2","4","Gasolina Comum","8.08","R$ 50,00","R$ 0,81","R$ 0,00","R$ 0,00","R$ 0,00","R$ 49,19","3","Sucesso","B32809EED07ED77A","189937747","11","","-","-","-","-","2025-01-18 23:53:28.000 UTC","Dinheiro"
"886700","Auto Posto Viaduto Do Mirante Ltda","2025-01-18","20:52:07","Abastecimento","5","11","Etanol Comum","11.93","R$ 50,00","R$ 1,19","R$ 0,00","R$ 0,00","R$ 0,00","R$ 48,81","3","Sucesso","B32809D53885477E","189937565","21","","-","-","-","-","2025-01-18 23:51:40.000 UTC","Dinheiro"
"886700","Auto Posto Viaduto Do Mirante Ltda","2025-01-18","20:44:12","Abastecimento","6","15","Gasolina Comum","19.98","R$ 123,68","R$ 2,00","R$ 0,00","R$ 0,00","R$ 0,00","R$ 121,68","3","Sucesso","B32809EED07ED77A","189936844","11","","-","-","-","-","2025-01-18 23:43:57.000 UTC","Dinheiro"
"886700","Auto Posto Viaduto Do Mirante Ltda","2025-01-18","20:34:23","Abastecimento","2","4","Gasolina Comum","35.0","R$ 216,65","R$ 3,50","R$ 0,00","R$ 0,00","R$ 0,00","R$ 213,15","3","Sucesso","B32809EED07E1A38","189935883","11","","-","-","-","-","2025-01-18 23:34:05.000 UTC","Dinheiro"
"886700","Auto Posto Viaduto Do Mirante Ltda","2025-01-18","20:14:45","Abastecimento","5","11","Etanol Comum","40.0","R$ 167,60","R$ 4,00","R$ 0,00","R$ 0,00","R$ 0,00","R$ 163,60","3","Sucesso","B32809EED07E1A38","189933696","21","","-","-","-","-","2025-01-18 23:14:08.000 UTC","Dinheiro"
"886700","Auto Posto Viaduto Do Mirante Ltda","2025-01-18","20:05:26","Abastecimento","3","5","Etanol Comum","50.43","R$ 211,30","R$ 5,04","R$ 0,00","R$ 0,00","R$ 0,00","R$ 206,26","3","Sucesso","B32809EED07ED77A","189932663","21","","99743079508","Mercado Pago","-","-","2025-01-18 23:05:10.000 UTC","Cartão Mercado Pago"
"886700","Auto Posto Viaduto Do Mirante Ltda","2025-01-18","20:03:17","Abastecimento","2","3","Etanol Comum","11.93","R$ 50,00","R$ 1,19","R$ 0,00","R$ 0,00","R$ 0,00","R$ 48,81","3","Sucesso","B32809EED07E1A38","189932407","21","","-","-","-","-","2025-01-18 23:03:03.000 UTC","Dinheiro"
"886700","Auto Posto Viaduto Do Mirante Ltda","2025-01-18","20:02:19","Abastecimento","2","4","Gasolina Comum","16.16","R$ 100,00","R$ 1,62","R$ 0,00","R$ 0,00","R$ 0,00","R$ 98,38","3","Sucesso","B32809EED07E1A38","189932285","11","","-","-","-","-","2025-01-18 23:02:02.000 UTC","Dinheiro"
"886700","Auto Posto Viaduto Do Mirante Ltda","2025-01-18","19:57:15","Abastecimento","1","2","Gasolina Comum","12.02","R$ 74,40","R$ 1,20","R$ 0,00","R$ 0,00","R$ 0,00","R$ 73,20","3","Sucesso","B32809099EBC19C9","189931677","11","","-","-","-","-","2025-01-18 22:56:53.000 UTC","Dinheiro"
"886700","Auto Posto Viaduto Do Mirante Ltda","2025-01-18","19:47:58","Abastecimento","6","14","Etanol Comum","11.93","R$ 50,00","R$ 1,19","R$ 0,00","R$ 0,00","R$ 0,00","R$ 48,81","3","Sucesso","B32809D53885477E","189930598","21","","-","-","-","-","2025-01-18 22:47:44.000 UTC","Dinheiro"
"886700","Auto Posto Viaduto Do Mirante Ltda","2025-01-18","19:43:10","Abastecimento","1","1","Etanol Comum","14.32","R$ 60,00","R$ 1,43","R$ 0,00","R$ 0,00","R$ 2,25","R$ 56,32","3","Sucesso","B32809D53885477E","189929997","21","","-","-","-","-","2025-01-18 22:42:42.000 UTC","Dinheiro"
"886700","Auto Posto Viaduto Do Mirante Ltda","2025-01-18","19:39:21","Abastecimento","5","12","Gasolina Comum","48.49","R$ 300,15","R$ 4,85","R$ 0,00","R$ 0,00","R$ 0,00","R$ 295,30","3","Sucesso","B32809D53885477E","189929538","11","","-","-","-","-","2025-01-18 22:39:01.000 UTC","Dinheiro"
"886700","Auto Posto Viaduto Do Mirante Ltda","2025-01-18","19:37:06","Abastecimento","4","9","Gasolina Comum","16.16","R$ 100,00","R$ 1,62","R$ 0,00","R$ 0,00","R$ 3,44","R$ 94,94","3","Sucesso","B32809099EBC19C9","189929204","11","","99374998437","Mercado Pago","-","-","2025-01-18 22:36:38.000 UTC","Cartão Mercado Pago"
"886700","Auto Posto Viaduto Do Mirante Ltda","2025-01-18","19:34:18","Abastecimento","3","5","Etanol Comum","11.93","R$ 50,00","R$ 1,19","R$ 0,00","R$ 0,00","R$ 0,00","R$ 48,81","3","Sucesso","B32809EED07E1A38","189928892","21","","-","-","-","-","2025-01-18 22:34:01.000 UTC","Dinheiro"
"886700","Auto Posto Viaduto Do Mirante Ltda","2025-01-18","19:17:49","Abastecimento","3","5","Etanol Comum","16.71","R$ 70,00","R$ 1,67","R$ 0,00","R$ 0,00","R$ 0,00","R$ 68,33","3","Sucesso","B32809099EBC19C9","189926470","21","","6081935x189926470x1737238534404","-","-","-","2025-01-18 22:15:14.000 UTC","Pix"
"886700","Auto Posto Viaduto Do Mirante Ltda","2025-01-18","19:12:28","Abastecimento","4","9","Gasolina Comum","3.23","R$ 20,00","R$ 0,32","R$ 0,00","R$ 0,00","R$ 0,00","R$ 19,68","3","Sucesso","B32809099EBC19C9","189925911","11","","18362194x189925911x1737238286337","-","-","-","2025-01-18 22:11:04.000 UTC","Pix"
"886700","Auto Posto Viaduto Do Mirante Ltda","2025-01-18","19:08:34","Abastecimento","3","5","Etanol Comum","7.16","R$ 30,00","R$ 0,00","R$ 0,00","R$ 0,00","R$ 0,00","R$ 30,00","3","Sucesso","B32809099EBC19C9","189925561","21","-","f89b3df9-d899-41cc-8bd4-0f58d0e46089","-","-","-","2025-01-18 22:08:34.000 UTC","App Banco Inter"
"886700","Auto Posto Viaduto Do Mirante Ltda","2025-01-18","18:54:08","Abastecimento","5","11","Etanol Comum","15.0","R$ 62,85","R$ 1,50","R$ 0,00","R$ 0,00","R$ 0,00","R$ 61,35","3","Sucesso","B32809099EBC19C9","189923767","21","","-","-","-","-","2025-01-18 21:53:50.000 UTC","Dinheiro"
"886700","Auto Posto Viaduto Do Mirante Ltda","2025-01-18","18:51:42","Abastecimento","6","15","Gasolina Comum","8.08","R$ 50,00","R$ 0,81","R$ 0,00","R$ 0,00","R$ 0,00","R$ 49,19","3","Sucesso","B32809D53885477E","189923444","11","","-","-","-","-","2025-01-18 21:51:24.000 UTC","Dinheiro"
"886700","Auto Posto Viaduto Do Mirante Ltda","2025-01-18","18:46:38","Abastecimento","2","3","Etanol Comum","11.93","R$ 50,00","R$ 1,19","R$ 0,00","R$ 0,00","R$ 0,00","R$ 48,81","3","Sucesso","B32809099EBC19C9","189922752","21","","-","-","-","-","2025-01-18 21:46:18.000 UTC","Dinheiro"
"886700","Auto Posto Viaduto Do Mirante Ltda","2025-01-18","18:42:13","Abastecimento","2","4","Gasolina Comum","4.85","R$ 30,00","R$ 0,48","R$ 0,00","R$ 0,00","R$ 0,00","R$ 29,52","3","Sucesso","B32809EED07E1A38","189922214","11","","-","-","-","-","2025-01-18 21:41:57.000 UTC","Dinheiro"
"886700","Auto Posto Viaduto Do Mirante Ltda","2025-01-18","18:26:01","Abastecimento","2","3","Etanol Comum","22.1","R$ 92,60","R$ 2,21","R$ 3,32","R$ 0,00","R$ 0,00","R$ 87,07","3","Sucesso","B32809D53885477E","189920052","21","","99367613933","Mercado Pago","0b22dfb1-4130-44ca-a7a3-f1a065777340","AP-SGM-ATI-141-Shell Box","2025-01-18 21:25:27.000 UTC","Cartão Mercado Pago"
"886700","Auto Posto Viaduto Do Mirante Ltda","2025-01-18","18:11:03","Abastecimento","1","1","Etanol Comum","28.64","R$ 120,00","R$ 2,86","R$ 0,00","R$ 0,00","R$ 0,00","R$ 117,14","3","Sucesso","B32809EED07ED77A","189918128","21","","-","-","-","-","2025-01-18 21:10:46.000 UTC","Dinheiro"
"886700","Auto Posto Viaduto Do Mirante Ltda","2025-01-18","18:05:48","Abastecimento","2","4","Gasolina Comum","8.08","R$ 50,00","R$ 0,81","R$ 0,00","R$ 0,00","R$ 0,00","R$ 49,19","3","Sucesso","B32809D53885477E","189917382","11","","-","-","-","-","2025-01-18 21:05:30.000 UTC","Dinheiro"
"886700","Auto Posto Viaduto Do Mirante Ltda","2025-01-18","18:02:14","Abastecimento","5","12","Gasolina Comum","3.23","R$ 20,00","R$ 0,32","R$ 0,00","R$ 0,00","R$ 0,00","R$ 19,68","3","Sucesso","B32809EED07E1A38","189916936","11","","-","-","-","-","2025-01-18 21:01:56.000 UTC","Dinheiro"
"886700","Auto Posto Viaduto Do Mirante Ltda","2025-01-18","18:00:48","Abastecimento","5","11","Etanol Comum","31.03","R$ 130,00","R$ 3,10","R$ 0,00","R$ 0,00","R$ 11,87","R$ 115,03","3","Sucesso","B32809EED07E1A38","189916761","21","","-","-","-","-","2025-01-18 21:00:23.000 UTC","Dinheiro"
"886700","Auto Posto Viaduto Do Mirante Ltda","2025-01-18","17:57:48","Abastecimento","2","4","Gasolina Comum","2.6","R$ 16,09","R$ 0,26","R$ 0,00","R$ 0,00","R$ 0,00","R$ 15,83","3","Sucesso","B32809EED07ED77A","189916386","11","","-","-","-","-","2025-01-18 20:57:09.000 UTC","Dinheiro"
"886700","Auto Posto Viaduto Do Mirante Ltda","2025-01-18","17:56:37","Abastecimento","4","9","Gasolina Comum","16.16","R$ 100,00","R$ 1,62","R$ 0,00","R$ 0,00","R$ 0,00","R$ 98,38","3","Sucesso","B32809EED033CF93","189916283","11","","-","-","-","-","2025-01-18 20:56:20.000 UTC","Dinheiro"
"886700","Auto Posto Viaduto Do Mirante Ltda","2025-01-18","17:53:47","Abastecimento","2","4","Gasolina Comum","6.88","R$ 42,59","R$ 0,69","R$ 0,00","R$ 0,00","R$ 0,00","R$ 41,90","3","Sucesso","B32809EED07E1A38","189915926","11","","99364837725","Mercado Pago","-","-","2025-01-18 20:53:27.000 UTC","Cartão Mercado Pago"
"886700","Auto Posto Viaduto Do Mirante Ltda","2025-01-18","17:52:34","Abastecimento","1","1","Etanol Comum","35.75","R$ 149,79","R$ 3,58","R$ 0,00","R$ 0,00","R$ 0,00","R$ 146,21","3","Sucesso","B32809EED033CF93","189915771","21","","99730817256","Mercado Pago","-","-","2025-01-18 20:52:12.000 UTC","Cartão Mercado Pago"
"886700","Auto Posto Viaduto Do Mirante Ltda","2025-01-18","17:29:07","Abastecimento","2","3","Etanol Comum","23.87","R$ 100,00","R$ 2,39","R$ 0,00","R$ 0,00","R$ 0,00","R$ 97,61","3","Sucesso","B32809092ED863D9","189912627","21","","-","-","-","-","2025-01-18 20:28:05.000 UTC","Dinheiro"
"886700","Auto Posto Viaduto Do Mirante Ltda","2025-01-18","17:24:22","Abastecimento","4","8","Etanol Comum","40.15","R$ 168,23","R$ 4,02","R$ 0,00","R$ 0,00","R$ 0,00","R$ 164,21","3","Sucesso","B32809EED033CF93","189912082","21","","-","-","-","-","2025-01-18 20:24:04.000 UTC","Dinheiro"
"886700","Auto Posto Viaduto Do Mirante Ltda","2025-01-18","17:19:56","Abastecimento","6","19","Shell V-Power Gasolina","7.59","R$ 50,00","R$ 0,76","R$ 0,00","R$ 0,00","R$ 0,00","R$ 49,24","3","Sucesso","B32809EED033CF93","189911491","12","","99727845878","Mercado Pago","-","-","2025-01-18 20:19:37.000 UTC","Cartão Mercado Pago"
"886700","Auto Posto Viaduto Do Mirante Ltda","2025-01-18","17:14:57","Abastecimento","4","9","Gasolina Comum","42.88","R$ 265,43","R$ 4,29","R$ 0,00","R$ 0,00","R$ 0,00","R$ 261,14","3","Sucesso","B32809EED07E1A38","189910788","11","","-","-","-","-","2025-01-18 20:14:27.000 UTC","Dinheiro"
"886700","Auto Posto Viaduto Do Mirante Ltda","2025-01-18","17:04:24","Abastecimento","7","17","Shell Evolux Diesel S-10","49.6","R$ 307,02","R$ 4,96","R$ 7,44","R$ 0,00","R$ 0,00","R$ 294,62","3","Sucesso","B32809D53885477E","189909506","34","","-","-","0509f8d0-8d70-4c91-9320-30cb675d26ad","AP-CRM-RET-2361","2025-01-18 20:03:58.000 UTC","Dinheiro"
"886700","Auto Posto Viaduto Do Mirante Ltda","2025-01-18","17:01:16","Abastecimento","6","14","Etanol Comum","35.86","R$ 150,25","R$ 0,00","R$ 0,00","R$ 0,00","R$ 0,00","R$ 150,25","3","Sucesso","B32809EED07E1A38","189909205","21","-","45358145","-","-","-","2025-01-18 20:01:16.000 UTC","App Porto Seguro"
"886700","Auto Posto Viaduto Do Mirante Ltda","2025-01-18","16:59:26","Abastecimento","4","9","Gasolina Comum","3.23","R$ 20,00","R$ 0,32","R$ 0,95","R$ 0,00","R$ 0,00","R$ 18,73","3","Sucesso","B32809EED033CF93","189908931","11","","99361116105","Mercado Pago","0a1995d6-d273-11ef-8a38-02b447a431dd","R$ 0.95 DE DESCONTO","2025-01-18 19:59:02.000 UTC","Cartão Mercado Pago"
"886700","Auto Posto Viaduto Do Mirante Ltda","2025-01-18","16:53:03","Abastecimento","6","14","Etanol Comum","44.53","R$ 186,58","R$ 4,45","R$ 0,00","R$ 0,00","R$ 0,00","R$ 182,13","3","Sucesso","B32809EED033CF93","189908145","21","","-","-","-","-","2025-01-18 19:52:38.000 UTC","Dinheiro"
"886700","Auto Posto Viaduto Do Mirante Ltda","2025-01-18","16:37:10","Abastecimento","1","2","Gasolina Comum","30.2","R$ 186,94","R$ 3,02","R$ 0,00","R$ 0,00","R$ 0,00","R$ 183,92","3","Sucesso","B32809D53885477E","189906175","11","","-","-","-","-","2025-01-18 19:36:55.000 UTC","Dinheiro"
"886700","Auto Posto Viaduto Do Mirante Ltda","2025-01-18","16:31:31","Abastecimento","1","1","Etanol Comum","32.26","R$ 135,17","R$ 3,23","R$ 0,00","R$ 0,00","R$ 0,00","R$ 131,94","3","Sucesso","B32809D53885477E","189905466","21","","-","-","-","-","2025-01-18 19:31:08.000 UTC","Dinheiro"
"886700","Auto Posto Viaduto Do Mirante Ltda","2025-01-18","16:25:41","Abastecimento","3","5","Etanol Comum","11.93","R$ 50,00","R$ 1,19","R$ 0,00","R$ 0,00","R$ 0,00","R$ 48,81","3","Sucesso","B32809EED07E1A38","189904714","21","","-","-","-","-","2025-01-18 19:25:29.000 UTC","Dinheiro"
"886700","Auto Posto Viaduto Do Mirante Ltda","2025-01-18","16:17:58","Abastecimento","2","10","Shell V-Power Gasolina","7.59","R$ 50,00","R$ 0,76","R$ 0,00","R$ 0,00","R$ 0,00","R$ 49,24","3","Sucesso","B32809EED033CF93","189903664","12","","-","-","-","-","2025-01-18 19:17:09.000 UTC","Dinheiro"
"886700","Auto Posto Viaduto Do Mirante Ltda","2025-01-18","16:11:27","Abastecimento","4","9","Gasolina Comum","16.16","R$ 100,00","R$ 1,62","R$ 0,00","R$ 0,00","R$ 0,00","R$ 98,38","3","Sucesso","B32809D53885477E","189902896","11","","-","-","-","-","2025-01-18 19:11:08.000 UTC","Dinheiro"
"886700","Auto Posto Viaduto Do Mirante Ltda","2025-01-18","16:05:11","Abastecimento","1","1","Etanol Comum","31.03","R$ 130,00","R$ 3,10","R$ 0,00","R$ 0,00","R$ 0,00","R$ 126,90","3","Sucesso","B32809D53885477E","189902072","21","","-","-","-","-","2025-01-18 19:04:56.000 UTC","Dinheiro"
"886700","Auto Posto Viaduto Do Mirante Ltda","2025-01-18","15:55:37","Abastecimento","5","11","Etanol Comum","9.55","R$ 40,00","R$ 0,96","R$ 0,00","R$ 0,00","R$ 0,00","R$ 39,04","3","Sucesso","B32809EED033CF93","189900600","21","","19259119x189900600x1737226450102","-","-","-","2025-01-18 18:53:49.000 UTC","Pix"
"886700","Auto Posto Viaduto Do Mirante Ltda","2025-01-18","15:49:43","Abastecimento","6","15","Gasolina Comum","10.0","R$ 61,90","R$ 0,00","R$ 0,00","R$ 0,00","R$ 0,00","R$ 61,90","3","Sucesso","B32809D53885477E","189900070","11","-","727c6032-1f96-41de-a75e-ce2d18745945","-","-","-","2025-01-18 18:49:43.000 UTC","App Banco Inter"
"886700","Auto Posto Viaduto Do Mirante Ltda","2025-01-18","15:38:12","Abastecimento","4","8","Etanol Comum","41.82","R$ 175,23","R$ 4,18","R$ 0,00","R$ 0,00","R$ 0,00","R$ 171,05","3","Sucesso","B32809EED07E1A38","189898492","21","","99719975768","Mercado Pago","-","-","2025-01-18 18:37:52.000 UTC","Cartão Mercado Pago"
"886700","Auto Posto Viaduto Do Mirante Ltda","2025-01-18","15:27:24","Abastecimento","6","15","Gasolina Comum","15.0","R$ 92,85","R$ 1,50","R$ 0,00","R$ 0,00","R$ 0,00","R$ 91,35","3","Sucesso","B32809EED07E1A38","189897078","11","","-","-","-","-","2025-01-18 18:27:06.000 UTC","Dinheiro"
"886700","Auto Posto Viaduto Do Mirante Ltda","2025-01-18","15:25:01","Abastecimento","4","8","Etanol Comum","50.99","R$ 213,65","R$ 0,00","R$ 0,00","R$ 0,00","R$ 0,00","R$ 213,65","3","Sucesso","B32809092ED863D9","189896801","21","-","39be29b2-936a-4bb6-9de3-28c270cf7dba","-","-","-","2025-01-18 18:25:02.000 UTC","App Banco Inter"
"886700","Auto Posto Viaduto Do Mirante Ltda","2025-01-18","15:21:05","Abastecimento","1","2","Gasolina Comum","12.92","R$ 80,00","R$ 1,29","R$ 0,00","R$ 0,00","R$ 0,00","R$ 78,71","3","Sucesso","B32809EED033CF93","189896155","11","","-","-","-","-","2025-01-18 18:19:49.000 UTC","Dinheiro"
"886700","Auto Posto Viaduto Do Mirante Ltda","2025-01-18","15:18:25","Abastecimento","4","9","Gasolina Comum","51.91","R$ 321,32","R$ 5,19","R$ 0,00","R$ 0,00","R$ 0,00","R$ 316,13","3","Sucesso","B32809EED033CF93","189895879","11","","-","-","-","-","2025-01-18 18:17:58.000 UTC","Dinheiro"
"886700","Auto Posto Viaduto Do Mirante Ltda","2025-01-18","15:10:01","Abastecimento","5","11","Etanol Comum","7.16","R$ 30,00","R$ 0,72","R$ 0,00","R$ 0,00","R$ 0,00","R$ 29,28","3","Sucesso","B32809EED07E1A38","189894778","21","","99717769722","Mercado Pago","-","-","2025-01-18 18:09:48.000 UTC","Cartão Mercado Pago"
"886700","Auto Posto Viaduto Do Mirante Ltda","2025-01-18","15:07:29","Abastecimento","4","9","Gasolina Comum","16.16","R$ 100,00","R$ 1,62","R$ 0,00","R$ 0,00","R$ 0,00","R$ 98,38","3","Sucesso","B32809EED033CF93","189894394","11","","99718017010","Mercado Pago","-","-","2025-01-18 18:07:09.000 UTC","Cartão Mercado Pago"
"886700","Auto Posto Viaduto Do Mirante Ltda","2025-01-18","15:05:50","Abastecimento","2","4","Gasolina Comum","16.16","R$ 100,00","R$ 1,62","R$ 0,00","R$ 0,00","R$ 0,00","R$ 98,38","3","Sucesso","B32809092ED863D9","189894066","11","","-","-","-","-","2025-01-18 18:04:47.000 UTC","Dinheiro"
"886700","Auto Posto Viaduto Do Mirante Ltda","2025-01-18","14:59:07","Abastecimento","2","3","Etanol Comum","9.55","R$ 40,00","R$ 0,96","R$ 0,00","R$ 0,00","R$ 2,55","R$ 36,49","3","Sucesso","B32809EED033D53C","189893235","21","","-","-","-","-","2025-01-18 17:58:42.000 UTC","Dinheiro"
"886700","Auto Posto Viaduto Do Mirante Ltda","2025-01-18","14:51:28","Abastecimento","3","6","Gasolina Comum","16.16","R$ 100,00","R$ 1,62","R$ 0,00","R$ 0,00","R$ 14,76","R$ 83,62","3","Sucesso","B32809092ED863D9","189892163","11","","-","-","-","-","2025-01-18 17:50:54.000 UTC","Dinheiro"
"886700","Auto Posto Viaduto Do Mirante Ltda","2025-01-18","14:50:20","Abastecimento","4","9","Gasolina Comum","17.0","R$ 105,23","R$ 1,70","R$ 0,00","R$ 0,00","R$ 0,00","R$ 103,53","3","Sucesso","B32809EED033CF93","189892065","11","","-","-","-","-","2025-01-18 17:50:06.000 UTC","Dinheiro"
"886700","Auto Posto Viaduto Do Mirante Ltda","2025-01-18","14:44:56","Abastecimento","6","19","Shell V-Power Gasolina","6.07","R$ 40,00","R$ 0,61","R$ 0,00","R$ 0,00","R$ 0,00","R$ 39,39","3","Sucesso","B32809D53885477E","189891271","12","","-","-","-","-","2025-01-18 17:44:39.000 UTC","Dinheiro"
"886700","Auto Posto Viaduto Do Mirante Ltda","2025-01-18","14:40:22","Abastecimento","6","19","Shell V-Power Gasolina","15.17","R$ 100,00","R$ 1,52","R$ 0,00","R$ 0,00","R$ 0,00","R$ 98,48","3","Sucesso","B32809EED07ED77A","189890611","12","","99716004718","Mercado Pago","-","-","2025-01-18 17:39:59.000 UTC","Cartão Mercado Pago"
"886700","Auto Posto Viaduto Do Mirante Ltda","2025-01-18","14:37:43","Abastecimento","2","3","Etanol Comum","23.87","R$ 100,00","R$ 2,39","R$ 0,00","R$ 0,00","R$ 0,00","R$ 97,61","3","Sucesso","B32809D53885477E","189890230","21","","-","-","-","-","2025-01-18 17:37:09.000 UTC","Dinheiro"
"886700","Auto Posto Viaduto Do Mirante Ltda","2025-01-18","14:35:37","Abastecimento","3","6","Gasolina Comum","8.0","R$ 49,52","R$ 0,00","R$ 0,00","R$ 0,00","R$ 0,00","R$ 49,52","3","Sucesso","B32809EED033CF93","189890033","11","-","f68ae1f0-1b60-4b75-951c-2d7ea6af6cae","-","-","-","2025-01-18 17:35:37.000 UTC","App Banco Inter"
"886700","Auto Posto Viaduto Do Mirante Ltda","2025-01-18","14:33:55","Abastecimento","1","7","Shell V-Power Gasolina","15.17","R$ 100,00","R$ 1,52","R$ 0,00","R$ 0,00","R$ 0,00","R$ 98,48","3","Sucesso","B32809092ED863D9","189889599","12","","4170492x189889599x1737221551853","-","-","-","2025-01-18 17:32:17.000 UTC","Pix"
"886700","Auto Posto Viaduto Do Mirante Ltda","2025-01-18","14:27:48","Abastecimento","3","6","Gasolina Comum","17.0","R$ 105,23","R$ 1,70","R$ 0,00","R$ 0,00","R$ 0,00","R$ 103,53","3","Sucesso","B32809EED033CF93","189888955","11","","-","-","-","-","2025-01-18 17:27:36.000 UTC","Dinheiro"
"886700","Auto Posto Viaduto Do Mirante Ltda","2025-01-18","14:25:25","Abastecimento","1","7","Shell V-Power Gasolina","30.35","R$ 200,00","R$ 3,04","R$ 0,00","R$ 0,00","R$ 0,00","R$ 196,96","3","Sucesso","B32809D53885477E","189888565","12","","-","-","-","-","2025-01-18 17:24:57.000 UTC","Dinheiro"
"886700","Auto Posto Viaduto Do Mirante Ltda","2025-01-18","14:19:56","Abastecimento","1","1","Etanol Comum","14.32","R$ 60,00","R$ 1,43","R$ 0,00","R$ 0,00","R$ 0,00","R$ 58,57","3","Sucesso","B32809092ED863D9","189887772","21","","-","-","-","-","2025-01-18 17:19:39.000 UTC","Dinheiro"
"886700","Auto Posto Viaduto Do Mirante Ltda","2025-01-18","14:19:46","Abastecimento","3","5","Etanol Comum","11.93","R$ 50,00","R$ 1,19","R$ 0,00","R$ 0,00","R$ 0,00","R$ 48,81","3","Sucesso","B32809EED033D53C","189887674","21","","-","-","-","-","2025-01-18 17:19:03.000 UTC","Dinheiro"
"886700","Auto Posto Viaduto Do Mirante Ltda","2025-01-18","14:13:00","Abastecimento","3","5","Etanol Comum","41.31","R$ 173,09","R$ 4,13","R$ 0,00","R$ 0,00","R$ 0,00","R$ 168,96","3","Sucesso","B32809D53885477E","189886728","21","","-","-","-","-","2025-01-18 17:12:27.000 UTC","Dinheiro"
"886700","Auto Posto Viaduto Do Mirante Ltda","2025-01-18","14:04:47","Abastecimento","6","19","Shell V-Power Gasolina","15.17","R$ 100,00","R$ 1,52","R$ 0,00","R$ 0,00","R$ 0,00","R$ 98,48","3","Sucesso","B32809D53885477E","189885430","12","","99347039049","Mercado Pago","-","-","2025-01-18 17:03:33.000 UTC","Cartão Mercado Pago"
"886700","Auto Posto Viaduto Do Mirante Ltda","2025-01-18","13:55:00","Abastecimento","4","9","Gasolina Comum","49.61","R$ 307,09","R$ 4,96","R$ 0,00","R$ 0,00","R$ 0,00","R$ 302,13","3","Sucesso","B32809D53885477E","189884206","11","","-","-","-","-","2025-01-18 16:54:37.000 UTC","Dinheiro"
"886700","Auto Posto Viaduto Do Mirante Ltda","2025-01-18","13:48:44","Abastecimento","2","4","Gasolina Comum","27.46","R$ 170,00","R$ 2,75","R$ 0,00","R$ 0,00","R$ 0,00","R$ 167,25","3","Sucesso","B32809D53885477E","189883227","11","","16697227x189883227x1737218888286","-","-","-","2025-01-18 16:47:48.000 UTC","Pix"
"886700","Auto Posto Viaduto Do Mirante Ltda","2025-01-18","13:48:37","Abastecimento","4","9","Gasolina Comum","3.23","R$ 20,00","R$ 0,32","R$ 0,00","R$ 0,00","R$ 0,00","R$ 19,68","3","Sucesso","B32809EED033CF93","189883291","11","","-","-","-","-","2025-01-18 16:48:14.000 UTC","Dinheiro"
"886700","Auto Posto Viaduto Do Mirante Ltda","2025-01-18","13:43:34","Abastecimento","1","1","Etanol Comum","7.89","R$ 33,06","R$ 0,79","R$ 0,00","R$ 0,00","R$ 0,00","R$ 32,27","3","Sucesso","B32809EED033236E","189882582","21","","-","-","-","-","2025-01-18 16:43:17.000 UTC","Dinheiro"
"886700","Auto Posto Viaduto Do Mirante Ltda","2025-01-18","13:36:20","Abastecimento","6","14","Etanol Comum","16.71","R$ 70,00","R$ 1,67","R$ 0,00","R$ 0,00","R$ 0,00","R$ 68,33","3","Sucesso","B32809092ED863D9","189881478","21","","-","-","-","-","2025-01-18 16:35:59.000 UTC","Dinheiro"
"886700","Auto Posto Viaduto Do Mirante Ltda","2025-01-18","13:34:21","Abastecimento","2","4","Gasolina Comum","4.85","R$ 30,00","R$ 0,48","R$ 0,00","R$ 0,00","R$ 0,00","R$ 29,52","3","Sucesso","B32809EED033CF93","189881138","11","","-","-","-","-","2025-01-18 16:33:33.000 UTC","Dinheiro"
"886700","Auto Posto Viaduto Do Mirante Ltda","2025-01-18","13:07:40","Abastecimento","1","2","Gasolina Comum","41.03","R$ 253,98","R$ 4,10","R$ 0,00","R$ 0,00","R$ 0,00","R$ 249,88","3","Sucesso","B32809EED033236E","189877125","11","","99707577160","Mercado Pago","-","-","2025-01-18 16:07:15.000 UTC","Cartão Mercado Pago"
"886700","Auto Posto Viaduto Do Mirante Ltda","2025-01-18","13:06:36","Abastecimento","6","15","Gasolina Comum","20.0","R$ 123,80","R$ 2,00","R$ 0,00","R$ 0,00","R$ 0,00","R$ 121,80","3","Sucesso","B32809092ED863D9","189876985","11","","99707982226","Mercado Pago","-","-","2025-01-18 16:06:17.000 UTC","Cartão Mercado Pago"
"886700","Auto Posto Viaduto Do Mirante Ltda","2025-01-18","13:05:35","Abastecimento","4","8","Etanol Comum","22.3","R$ 93,44","R$ 2,23","R$ 0,00","R$ 0,00","R$ 0,00","R$ 91,21","3","Sucesso","B32809EED033D53C","189876762","21","","8c11n29w","-","-","-","2025-01-18 16:04:57.000 UTC","PayPal"
"886700","Auto Posto Viaduto Do Mirante Ltda","2025-01-18","13:03:44","Abastecimento","6","14","Etanol Comum","15.0","R$ 62,85","R$ 1,50","R$ 0,00","R$ 0,00","R$ 0,00","R$ 61,35","3","Sucesso","B32809092ED863D9","189876515","21","","99341930233","Mercado Pago","-","-","2025-01-18 16:03:27.000 UTC","Cartão Mercado Pago"
"886700","Auto Posto Viaduto Do Mirante Ltda","2025-01-18","13:01:51","Abastecimento","6","14","Etanol Comum","4.77","R$ 20,00","R$ 0,48","R$ 0,00","R$ 0,00","R$ 0,00","R$ 19,52","3","Sucesso","B32809092ED863D9","189876224","21","","99341614459","Mercado Pago","-","-","2025-01-18 16:01:34.000 UTC","Cartão Mercado Pago"
"886700","Auto Posto Viaduto Do Mirante Ltda","2025-01-18","12:58:02","Abastecimento","6","15","Gasolina Comum","28.73","R$ 177,84","R$ 2,87","R$ 0,00","R$ 0,00","R$ 0,00","R$ 174,97","3","Sucesso","B32809EED033D53C","189875533","11","","-","-","-","-","2025-01-18 15:57:24.000 UTC","Dinheiro"
"886700","Auto Posto Viaduto Do Mirante Ltda","2025-01-18","12:57:50","Abastecimento","1","1","Etanol Comum","33.89","R$ 142,00","R$ 3,39","R$ 0,00","R$ 0,00","R$ 0,00","R$ 138,61","3","Sucesso","B32809092ED863D9","189875531","21","","-","-","-","-","2025-01-18 15:57:23.000 UTC","Dinheiro"
"886700","Auto Posto Viaduto Do Mirante Ltda","2025-01-18","12:52:40","Abastecimento","6","15","Gasolina Comum","4.85","R$ 30,00","R$ 0,48","R$ 0,00","R$ 0,00","R$ 0,00","R$ 29,52","3","Sucesso","B32809EED033D53C","189874573","11","","-","-","-","-","2025-01-18 15:51:20.000 UTC","Dinheiro"
"886700","Auto Posto Viaduto Do Mirante Ltda","2025-01-18","12:51:19","Abastecimento","4","9","Gasolina Comum","16.16","R$ 100,00","R$ 1,62","R$ 0,00","R$ 0,00","R$ 0,00","R$ 98,38","3","Sucesso","B32809EED033D53C","189874365","11","","19072429x189874365x1737215425273","-","-","-","2025-01-18 15:50:04.000 UTC","Pix"
"886700","Auto Posto Viaduto Do Mirante Ltda","2025-01-18","12:48:12","Abastecimento","5","12","Gasolina Comum","35.04","R$ 216,90","R$ 3,50","R$ 0,00","R$ 0,00","R$ 0,00","R$ 213,40","3","Sucesso","B32809EED033D53C","189873984","11","","5eqyhrw3","-","-","-","2025-01-18 15:47:44.000 UTC","PayPal"
"886700","Auto Posto Viaduto Do Mirante Ltda","2025-01-18","12:47:19","Abastecimento","4","8","Etanol Comum","23.87","R$ 100,00","R$ 2,39","R$ 0,00","R$ 0,00","R$ 0,00","R$ 97,61","3","Sucesso","B32809092ED863D9","189873811","21","","-","-","-","-","2025-01-18 15:46:43.000 UTC","Dinheiro"
"886700","Auto Posto Viaduto Do Mirante Ltda","2025-01-18","12:45:39","Abastecimento","6","14","Etanol Comum","50.0","R$ 209,50","R$ 0,00","R$ 0,00","R$ 0,00","R$ 0,00","R$ 209,50","3","Sucesso","B32809EED07EF3DA","189873635","21","-","767790a8-66d9-471c-997b-a91c55eed6cf","-","-","-","2025-01-18 15:45:39.000 UTC","App Banco Inter"
"886700","Auto Posto Viaduto Do Mirante Ltda","2025-01-18","12:38:10","Abastecimento","3","5","Etanol Comum","17.8","R$ 74,58","R$ 1,78","R$ 0,00","R$ 0,00","R$ 0,00","R$ 72,80","3","Sucesso","B32809EED033CF93","189872359","21","","-","-","-","-","2025-01-18 15:37:52.000 UTC","Dinheiro"
"886700","Auto Posto Viaduto Do Mirante Ltda","2025-01-18","12:25:03","Abastecimento","6","15","Gasolina Comum","24.23","R$ 150,00","R$ 2,42","R$ 0,00","R$ 0,00","R$ 0,00","R$ 147,58","3","Sucesso","B32809D538851035","189870172","11","","-","-","-","-","2025-01-18 15:24:27.000 UTC","Dinheiro"
"886700","Auto Posto Viaduto Do Mirante Ltda","2025-01-18","12:15:12","Abastecimento","5","12","Gasolina Comum","28.97","R$ 179,32","R$ 0,00","R$ 0,00","R$ 0,00","R$ 0,00","R$ 179,32","3","Sucesso","B32809EED033D53C","189868478","11","-","45356221","-","-","-","2025-01-18 15:15:12.000 UTC","App Porto Seguro"
"886700","Auto Posto Viaduto Do Mirante Ltda","2025-01-18","12:10:34","Abastecimento","6","14","Etanol Comum","9.55","R$ 40,00","R$ 0,96","R$ 0,00","R$ 0,00","R$ 15,89","R$ 23,15","3","Sucesso","B32809EED033D53C","189867582","21","","-","-","-","-","2025-01-18 15:10:08.000 UTC","Dinheiro"
"886700","Auto Posto Viaduto Do Mirante Ltda","2025-01-18","12:09:21","Abastecimento","4","9","Gasolina Comum","16.16","R$ 100,00","R$ 1,62","R$ 0,00","R$ 0,00","R$ 3,57","R$ 94,81","3","Sucesso","B32809EED07EF3DA","189867356","11","","-","-","-","-","2025-01-18 15:08:57.000 UTC","Dinheiro"
"886700","Auto Posto Viaduto Do Mirante Ltda","2025-01-18","11:58:33","Abastecimento","2","3","Etanol Comum","23.87","R$ 100,00","R$ 2,39","R$ 0,00","R$ 0,00","R$ 0,00","R$ 97,61","3","Sucesso","B32809EED033CF93","189865493","21","","-","-","-","-","2025-01-18 14:58:18.000 UTC","Dinheiro"
"886700","Auto Posto Viaduto Do Mirante Ltda","2025-01-18","11:52:51","Abastecimento","4","8","Etanol Comum","40.94","R$ 171,54","R$ 4,09","R$ 0,00","R$ 0,00","R$ 0,00","R$ 167,45","3","Sucesso","B32809EED033CF93","189864468","21","","99333641623","Mercado Pago","-","-","2025-01-18 14:52:34.000 UTC","Cartão Mercado Pago"
"886700","Auto Posto Viaduto Do Mirante Ltda","2025-01-18","11:39:25","Abastecimento","3","5","Etanol Comum","23.87","R$ 100,00","R$ 0,00","R$ 0,00","R$ 0,00","R$ 0,00","R$ 100,00","3","Sucesso","B32809EED033CF93","189862159","21","-","undefined","-","-","-","2025-01-18 14:39:26.000 UTC","App XP Investimentos"
"886700","Auto Posto Viaduto Do Mirante Ltda","2025-01-18","11:34:23","Abastecimento","2","3","Etanol Comum","23.87","R$ 100,00","R$ 2,39","R$ 0,00","R$ 0,00","R$ 0,00","R$ 97,61","3","Sucesso","B32809EED033CF93","189861187","21","","99697511624","Mercado Pago","-","-","2025-01-18 14:34:01.000 UTC","Cartão Mercado Pago"
"886700","Auto Posto Viaduto Do Mirante Ltda","2025-01-18","11:33:24","Abastecimento","6","15","Gasolina Comum","10.0","R$ 61,90","R$ 1,00","R$ 0,00","R$ 0,00","R$ 0,00","R$ 60,90","3","Sucesso","B32809EED07EF3DA","189861033","11","","-","-","-","-","2025-01-18 14:33:10.000 UTC","Dinheiro"
"886700","Auto Posto Viaduto Do Mirante Ltda","2025-01-18","11:27:42","Abastecimento","4","9","Gasolina Comum","16.16","R$ 100,00","R$ 1,62","R$ 4,85","R$ 0,00","R$ 0,00","R$ 93,53","3","Sucesso","B32809EED07EF3DA","189860036","11","","-","-","0a40c882-f9a0-47ff-bcfa-4fcbd5cc4cfe","AP-DIG-AQU-2291","2025-01-18 14:27:25.000 UTC","Dinheiro"
"886700","Auto Posto Viaduto Do Mirante Ltda","2025-01-18","11:27:26","Abastecimento","3","6","Gasolina Comum","39.67","R$ 245,56","R$ 3,97","R$ 0,00","R$ 0,00","R$ 0,00","R$ 241,59","3","Sucesso","B32809EED033236E","189859978","11","","99697107140","Mercado Pago","-","-","2025-01-18 14:27:09.000 UTC","Cartão Mercado Pago"
"886700","Auto Posto Viaduto Do Mirante Ltda","2025-01-18","11:23:45","Abastecimento","1","2","Gasolina Comum","34.22","R$ 211,82","R$ 3,42","R$ 0,00","R$ 0,00","R$ 0,00","R$ 208,40","3","Sucesso","B32809EED07EF3DA","189859285","11","","99330643621","Mercado Pago","-","-","2025-01-18 14:23:25.000 UTC","Cartão Mercado Pago"
"886700","Auto Posto Viaduto Do Mirante Ltda","2025-01-18","11:20:04","Abastecimento","5","12","Gasolina Comum","41.33","R$ 255,83","R$ 4,13","R$ 0,00","R$ 0,00","R$ 0,00","R$ 251,70","3","Sucesso","B32809D538851035","189858614","11","","-","-","-","-","2025-01-18 14:19:48.000 UTC","Dinheiro"
"886700","Auto Posto Viaduto Do Mirante Ltda","2025-01-18","11:18:11","Abastecimento","1","2","Gasolina Comum","24.23","R$ 150,00","R$ 2,42","R$ 0,00","R$ 0,00","R$ 0,00","R$ 147,58","3","Sucesso","B32809EED033CF93","189858240","11","","-","-","-","-","2025-01-18 14:17:53.000 UTC","Dinheiro"
"886700","Auto Posto Viaduto Do Mirante Ltda","2025-01-18","11:12:24","Abastecimento","3","6","Gasolina Comum","24.23","R$ 150,00","R$ 2,42","R$ 0,00","R$ 0,00","R$ 0,00","R$ 147,58","3","Sucesso","B32809EED033CF93","189857183","11","","-","-","-","-","2025-01-18 14:12:06.000 UTC","Dinheiro"
"886700","Auto Posto Viaduto Do Mirante Ltda","2025-01-18","11:05:50","Abastecimento","6","14","Etanol Comum","37.07","R$ 155,32","R$ 3,71","R$ 0,00","R$ 0,00","R$ 0,00","R$ 151,61","3","Sucesso","B32809EED07EF3DA","189855975","21","","-","-","-","-","2025-01-18 14:05:27.000 UTC","Dinheiro"
"886700","Auto Posto Viaduto Do Mirante Ltda","2025-01-18","10:54:13","Abastecimento","6","15","Gasolina Comum","8.89","R$ 55,00","R$ 0,89","R$ 0,00","R$ 0,00","R$ 0,00","R$ 54,11","3","Sucesso","B32809EED033CF93","189853839","11","","-","-","-","-","2025-01-18 13:53:33.000 UTC","Dinheiro"
"886700","Auto Posto Viaduto Do Mirante Ltda","2025-01-18","10:46:06","Abastecimento","3","6","Gasolina Comum","8.08","R$ 50,00","R$ 0,81","R$ 0,00","R$ 0,00","R$ 0,00","R$ 49,19","3","Sucesso","B32809092ED863D9","189852499","11","","1080064487","Mercado Pago","-","-","2025-01-18 13:45:51.000 UTC","Conta Mercado Pago"
"886700","Auto Posto Viaduto Do Mirante Ltda","2025-01-18","10:33:14","Abastecimento","4","8","Etanol Comum","23.87","R$ 100,00","R$ 2,39","R$ 0,00","R$ 0,00","R$ 0,00","R$ 97,61","3","Sucesso","B32809EED033CF93","189850165","21","","-","-","-","-","2025-01-18 13:32:55.000 UTC","Dinheiro"
"886700","Auto Posto Viaduto Do Mirante Ltda","2025-01-18","10:22:22","Abastecimento","5","12","Gasolina Comum","24.23","R$ 150,00","R$ 0,00","R$ 0,00","R$ 0,00","R$ 0,00","R$ 150,00","3","Sucesso","B32809EED033CF93","189848295","11","-","undefined","-","-","-","2025-01-18 13:22:22.000 UTC","App XP Investimentos"
"886700","Auto Posto Viaduto Do Mirante Ltda","2025-01-18","10:12:51","Abastecimento","3","6","Gasolina Comum","24.23","R$ 150,00","R$ 2,42","R$ 0,00","R$ 0,00","R$ 0,00","R$ 147,58","3","Sucesso","B32809EED07EF3DA","189846621","11","","-","-","-","-","2025-01-18 13:12:37.000 UTC","Dinheiro"
"886700","Auto Posto Viaduto Do Mirante Ltda","2025-01-18","10:10:56","Abastecimento","4","9","Gasolina Comum","8.08","R$ 50,00","R$ 0,81","R$ 0,00","R$ 0,00","R$ 0,00","R$ 49,19","3","Sucesso","B32809EED033CF93","189846228","11","","-","-","-","-","2025-01-18 13:10:26.000 UTC","Dinheiro"
"886700","Auto Posto Viaduto Do Mirante Ltda","2025-01-18","09:49:31","Abastecimento","6","14","Etanol Comum","45.43","R$ 190,35","R$ 4,54","R$ 0,00","R$ 0,00","R$ 0,00","R$ 185,81","3","Sucesso","B32809EED033D53C","189842678","21","","-","-","-","-","2025-01-18 12:48:50.000 UTC","Dinheiro"
"886700","Auto Posto Viaduto Do Mirante Ltda","2025-01-18","09:31:46","Abastecimento","1","2","Gasolina Comum","8.08","R$ 50,00","R$ 0,81","R$ 0,00","R$ 0,00","R$ 0,00","R$ 49,19","3","Sucesso","B32809D538851035","189839834","11","","-","-","-","-","2025-01-18 12:31:31.000 UTC","Dinheiro"
"886700","Auto Posto Viaduto Do Mirante Ltda","2025-01-18","09:26:59","Abastecimento","1","2","Gasolina Comum","35.41","R$ 219,19","R$ 3,54","R$ 0,00","R$ 0,00","R$ 0,00","R$ 215,65","3","Sucesso","B32809D538851035","189839066","11","","-","-","-","-","2025-01-18 12:26:43.000 UTC","Dinheiro"
"886700","Auto Posto Viaduto Do Mirante Ltda","2025-01-18","09:25:06","Abastecimento","7","17","Shell Evolux Diesel S-10","62.42","R$ 386,38","R$ 6,24","R$ 0,00","R$ 0,00","R$ 0,00","R$ 380,14","3","Sucesso","B32809EED033236E","189838722","34","","-","-","-","-","2025-01-18 12:24:32.000 UTC","Dinheiro"
"886700","Auto Posto Viaduto Do Mirante Ltda","2025-01-18","09:22:16","Abastecimento","6","15","Gasolina Comum","16.16","R$ 100,00","R$ 1,62","R$ 0,00","R$ 0,00","R$ 0,00","R$ 98,38","3","Sucesso","B32809D538851035","189838311","11","","-","-","-","-","2025-01-18 12:21:56.000 UTC","Dinheiro"
"886700","Auto Posto Viaduto Do Mirante Ltda","2025-01-18","09:20:14","Abastecimento","1","2","Gasolina Comum","24.23","R$ 150,00","R$ 2,42","R$ 0,00","R$ 147,58","R$ 0,00","R$ 0,00","3","Sucesso","B32809EED033D53C","189837904","11","","-","-","-","-","2025-01-18 12:19:30.000 UTC","Dinheiro"
"886700","Auto Posto Viaduto Do Mirante Ltda","2025-01-18","09:12:07","Abastecimento","6","15","Gasolina Comum","49.29","R$ 305,11","R$ 4,93","R$ 0,00","R$ 0,00","R$ 0,00","R$ 300,18","3","Sucesso","B32809EED033D53C","189836714","11","","99320889403","Mercado Pago","-","-","2025-01-18 12:11:40.000 UTC","Cartão Mercado Pago"
"886700","Auto Posto Viaduto Do Mirante Ltda","2025-01-18","08:59:30","Abastecimento","5","12","Gasolina Comum","16.16","R$ 100,00","R$ 1,62","R$ 0,00","R$ 0,00","R$ 0,00","R$ 98,38","3","Sucesso","B32809EED033236E","189834476","11","","-","-","-","-","2025-01-18 11:56:21.000 UTC","Dinheiro"
"886700","Auto Posto Viaduto Do Mirante Ltda","2025-01-18","08:58:51","Abastecimento","2","3","Etanol Comum","11.93","R$ 50,00","R$ 1,19","R$ 0,00","R$ 0,00","R$ 0,00","R$ 48,81","3","Sucesso","B32809EED033236E","189834386","21","","-","-","-","-","2025-01-18 11:55:42.000 UTC","Dinheiro"
"886700","Auto Posto Viaduto Do Mirante Ltda","2025-01-18","08:57:43","Abastecimento","3","6","Gasolina Comum","24.23","R$ 150,00","R$ 2,42","R$ 0,00","R$ 0,00","R$ 0,00","R$ 147,58","3","Sucesso","B32809D538851035","189834639","11","","-","-","-","-","2025-01-18 11:57:27.000 UTC","Dinheiro"
"886700","Auto Posto Viaduto Do Mirante Ltda","2025-01-18","08:51:29","Abastecimento","4","8","Etanol Comum","35.8","R$ 150,00","R$ 3,58","R$ 0,00","R$ 0,00","R$ 0,00","R$ 146,42","3","Sucesso","B32809EED033236E","189833798","21","","-","-","-","-","2025-01-18 11:51:13.000 UTC","Dinheiro"
"886700","Auto Posto Viaduto Do Mirante Ltda","2025-01-18","08:42:13","Abastecimento","2","3","Etanol Comum","11.93","R$ 50,00","R$ 1,19","R$ 0,00","R$ 0,00","R$ 0,00","R$ 48,81","3","Sucesso","B32809EED033236E","189832534","21","","-","-","-","-","2025-01-18 11:41:44.000 UTC","Dinheiro"
"886700","Auto Posto Viaduto Do Mirante Ltda","2025-01-18","08:35:16","Abastecimento","6","15","Gasolina Comum","26.26","R$ 162,55","R$ 2,63","R$ 0,00","R$ 0,00","R$ 0,00","R$ 159,92","3","Sucesso","B32809EED07EF3DA","189831663","11","","-","-","-","-","2025-01-18 11:35:00.000 UTC","Dinheiro"
"886700","Auto Posto Viaduto Do Mirante Ltda","2025-01-18","08:18:04","Abastecimento","4","9","Gasolina Comum","53.49","R$ 331,10","R$ 5,35","R$ 0,00","R$ 0,00","R$ 0,00","R$ 325,75","3","Sucesso","B32809EED033236E","189829459","11","","99684510530","Mercado Pago","-","-","2025-01-18 11:17:45.000 UTC","Cartão Mercado Pago"
"886700","Auto Posto Viaduto Do Mirante Ltda","2025-01-18","08:16:15","Abastecimento","3","6","Gasolina Comum","2.43","R$ 15,04","R$ 0,24","R$ 1,43","R$ 0,00","R$ 0,00","R$ 13,37","3","Sucesso","B32809D538851035","189829153","11","","18304412x189829153x1737198936949","-","098cf8a3-d273-11ef-8a38-02b447a431dd","R$ 1.43 DE DESCONTO","2025-01-18 11:15:18.000 UTC","Pix"
"886700","Auto Posto Viaduto Do Mirante Ltda","2025-01-18","08:10:50","Abastecimento","3","5","Etanol Comum","28.64","R$ 120,00","R$ 2,86","R$ 0,00","R$ 0,00","R$ 0,00","R$ 117,14","3","Sucesso","B32809092EADBC7C","189828605","21","","-","-","-","-","2025-01-18 11:10:38.000 UTC","Dinheiro"
"886700","Auto Posto Viaduto Do Mirante Ltda","2025-01-18","08:07:03","Abastecimento","6","19","Shell V-Power Gasolina","36.5","R$ 240,54","R$ 3,65","R$ 0,00","R$ 0,00","R$ 0,00","R$ 236,89","3","Sucesso","B32809EED033236E","189828130","12","","-","-","-","-","2025-01-18 11:06:38.000 UTC","Dinheiro"
"886700","Auto Posto Viaduto Do Mirante Ltda","2025-01-18","07:54:55","Abastecimento","2","3","Etanol Comum","7.16","R$ 30,00","R$ 0,72","R$ 0,00","R$ 0,00","R$ 0,00","R$ 29,28","3","Sucesso","B32809EED033236E","189826754","21","","-","-","-","-","2025-01-18 10:54:33.000 UTC","Dinheiro"
"886700","Auto Posto Viaduto Do Mirante Ltda","2025-01-18","07:22:19","Abastecimento","4","8","Etanol Comum","16.57","R$ 69,43","R$ 1,66","R$ 0,00","R$ 0,00","R$ 0,00","R$ 67,77","3","Sucesso","B32809EED033236E","189823471","21","","-","-","-","-","2025-01-18 10:20:45.000 UTC","Dinheiro"
"886700","Auto Posto Viaduto Do Mirante Ltda","2025-01-18","07:00:35","Abastecimento","2","4","Gasolina Comum","38.79","R$ 240,11","R$ 3,88","R$ 0,00","R$ 0,00","R$ 0,00","R$ 236,23","3","Sucesso","B32809EED033236E","189821828","11","","99682105624","Mercado Pago","-","-","2025-01-18 10:00:00.000 UTC","Cartão Mercado Pago"
"886700","Auto Posto Viaduto Do Mirante Ltda","2025-01-18","06:56:12","Abastecimento","2","3","Etanol Comum","11.93","R$ 50,00","R$ 1,19","R$ 0,00","R$ 0,00","R$ 0,00","R$ 48,81","3","Sucesso","B32809EED07EF3DA","189821565","21","","-","-","-","-","2025-01-18 09:55:58.000 UTC","Dinheiro"
"886700","Auto Posto Viaduto Do Mirante Ltda","2025-01-18","06:46:23","Abastecimento","6","14","Etanol Comum","19.09","R$ 80,00","R$ 1,91","R$ 0,00","R$ 0,00","R$ 0,00","R$ 78,09","3","Sucesso","B32809EED07EF3DA","189820942","21","","7441005x189820942x1737193524742","-","-","-","2025-01-18 09:45:05.000 UTC","Pix"
"886700","Auto Posto Viaduto Do Mirante Ltda","2025-01-18","06:45:28","Abastecimento","4","9","Gasolina Comum","16.16","R$ 100,00","R$ 1,62","R$ 0,00","R$ 0,77","R$ 0,00","R$ 97,61","3","Sucesso","B32809EED07EF3DA","189820911","11","","99682370150","Mercado Pago","-","-","2025-01-18 09:44:37.000 UTC","Cartão Mercado Pago"
"886700","Auto Posto Viaduto Do Mirante Ltda","2025-01-18","06:37:31","Abastecimento","6","14","Etanol Comum","11.93","R$ 50,00","R$ 1,19","R$ 0,00","R$ 0,00","R$ 0,00","R$ 48,81","3","Sucesso","B32809EED07EF3DA","189820487","21","","-","-","-","-","2025-01-18 09:37:09.000 UTC","Dinheiro"
"886700","Auto Posto Viaduto Do Mirante Ltda","2025-01-18","06:34:03","Abastecimento","3","5","Etanol Comum","19.09","R$ 80,00","R$ 1,91","R$ 0,00","R$ 0,00","R$ 0,00","R$ 78,09","3","Sucesso","B32809EED07EF3DA","189820322","21","","-","-","-","-","2025-01-18 09:33:51.000 UTC","Dinheiro"
"886700","Auto Posto Viaduto Do Mirante Ltda","2025-01-18","06:33:15","Abastecimento","1","2","Gasolina Comum","38.78","R$ 240,05","R$ 3,88","R$ 0,00","R$ 0,00","R$ 0,00","R$ 236,17","3","Sucesso","B32809EED07EF3DA","189820284","11","","-","-","-","-","2025-01-18 09:32:52.000 UTC","Dinheiro"
"886700","Auto Posto Viaduto Do Mirante Ltda","2025-01-18","06:13:24","Abastecimento","3","5","Etanol Comum","23.87","R$ 100,00","R$ 2,39","R$ 0,00","R$ 0,00","R$ 3,29","R$ 94,32","3","Sucesso","B32809EED07EF3DA","189819336","21","","b97858b6-2193-45d5-904c-22b5a4c8ac24","-","-","-","2025-01-18 09:12:54.000 UTC","Nubank"
"886700","Auto Posto Viaduto Do Mirante Ltda","2025-01-18","05:24:30","Abastecimento","4","9","Gasolina Comum","11.31","R$ 70,00","R$ 1,13","R$ 0,00","R$ 0,00","R$ 0,00","R$ 68,87","3","Sucesso","B32809EED07EF3DA","189818143","11","","-","-","-","-","2025-01-18 08:23:58.000 UTC","Dinheiro"
"886700","Auto Posto Viaduto Do Mirante Ltda","2025-01-18","04:36:07","Abastecimento","2","3","Etanol Comum","36.15","R$ 151,47","R$ 3,62","R$ 0,00","R$ 0,00","R$ 0,00","R$ 147,85","3","Sucesso","B3CF6CA31378AC02","189817581","21","","-","-","-","-","2025-01-18 07:35:45.000 UTC","Dinheiro"
"886700","Auto Posto Viaduto Do Mirante Ltda","2025-01-18","01:17:22","Abastecimento","6","14","Etanol Comum","7.16","R$ 30,00","R$ 0,72","R$ 2,76","R$ 0,00","R$ 0,00","R$ 26,52","3","Sucesso","B32809099EBC19C9","189816248","21","","-","-","07811995-d273-11ef-8a38-02b447a431dd","R$ 2.76 DE DESCONTO","2025-01-18 04:16:58.000 UTC","Dinheiro"
"886700","Auto Posto Viaduto Do Mirante Ltda","2025-01-18","00:58:08","Abastecimento","4","16","Shell V-Power Gasolina","7.59","R$ 50,00","R$ 0,76","R$ 0,00","R$ 0,00","R$ 0,00","R$ 49,24","3","Sucesso","B32809099EBC19C9","189815996","12","","-","-","-","-","2025-01-18 03:57:53.000 UTC","Dinheiro"
"886700","Auto Posto Viaduto Do Mirante Ltda","2025-01-18","00:43:13","Abastecimento","5","11","Etanol Comum","35.8","R$ 150,00","R$ 3,58","R$ 0,00","R$ 0,00","R$ 0,00","R$ 146,42","3","Sucesso","B32809099EBC19C9","189815762","21","","-","-","-","-","2025-01-18 03:42:52.000 UTC","Dinheiro"
"886700","Auto Posto Viaduto Do Mirante Ltda","2025-01-17","23:49:39","Abastecimento","1","2","Gasolina Comum","11.71","R$ 72,48","R$ 1,17","R$ 0,00","R$ 0,00","R$ 0,00","R$ 71,31","3","Sucesso","B32809099EBC19C9","189814697","11","","-","-","-","-","2025-01-18 02:49:25.000 UTC","Dinheiro"
"886700","Auto Posto Viaduto Do Mirante Ltda","2025-01-17","23:46:44","Abastecimento","3","5","Etanol Comum","23.87","R$ 100,00","R$ 2,39","R$ 0,00","R$ 0,00","R$ 0,00","R$ 97,61","3","Sucesso","B3CF6CA31378AC02","189814634","21","","-","-","-","-","2025-01-18 02:46:19.000 UTC","Dinheiro"
"886700","Auto Posto Viaduto Do Mirante Ltda","2025-01-17","23:31:32","Abastecimento","4","8","Etanol Comum","11.93","R$ 50,00","R$ 1,19","R$ 0,00","R$ 0,00","R$ 0,00","R$ 48,81","3","Sucesso","B32809099EBC19C9","189814260","21","","-","-","-","-","2025-01-18 02:31:15.000 UTC","Dinheiro"
"886700","Auto Posto Viaduto Do Mirante Ltda","2025-01-17","23:18:02","Abastecimento","2","3","Etanol Comum","29.92","R$ 125,36","R$ 2,99","R$ 0,00","R$ 0,00","R$ 0,00","R$ 122,37","3","Sucesso","B3CF6CA31378AC02","189813774","21","","99670047804","Mercado Pago","-","-","2025-01-18 02:17:40.000 UTC","Cartão Mercado Pago"
"886700","Auto Posto Viaduto Do Mirante Ltda","2025-01-17","23:06:56","Abastecimento","3","6","Gasolina Comum","59.29","R$ 367,01","R$ 5,93","R$ 0,00","R$ 0,00","R$ 0,00","R$ 361,08","3","Sucesso","B32809099EBC19C9","189813322","11","","-","-","-","-","2025-01-18 02:05:49.000 UTC","Dinheiro"
"886700","Auto Posto Viaduto Do Mirante Ltda","2025-01-17","22:49:18","Abastecimento","5","11","Etanol Comum","20.0","R$ 83,80","R$ 2,00","R$ 0,00","R$ 0,00","R$ 0,00","R$ 81,80","3","Sucesso","B32809EED07E1A38","189812583","21","","-","-","-","-","2025-01-18 01:49:01.000 UTC","Dinheiro"
"886700","Auto Posto Viaduto Do Mirante Ltda","2025-01-17","22:39:47","Abastecimento","4","9","Gasolina Comum","16.16","R$ 100,00","R$ 1,62","R$ 0,00","R$ 0,00","R$ 0,00","R$ 98,38","3","Sucesso","B32809EED07E1A38","189812084","11","","-","-","-","-","2025-01-18 01:39:03.000 UTC","Dinheiro"
"886700","Auto Posto Viaduto Do Mirante Ltda","2025-01-17","22:29:33","Abastecimento","4","9","Gasolina Comum","32.31","R$ 200,00","R$ 3,23","R$ 0,00","R$ 0,00","R$ 0,00","R$ 196,77","3","Sucesso","B3CF6CA31378AC02","189811598","11","","-","-","-","-","2025-01-18 01:29:18.000 UTC","Dinheiro"
"886700","Auto Posto Viaduto Do Mirante Ltda","2025-01-17","22:24:56","Abastecimento","5","12","Gasolina Comum","11.31","R$ 70,00","R$ 1,13","R$ 0,00","R$ 0,00","R$ 0,00","R$ 68,87","3","Sucesso","B32809EED07E1A38","189811321","11","","99666601414","Mercado Pago","-","-","2025-01-18 01:24:26.000 UTC","Cartão Mercado Pago"
"886700","Auto Posto Viaduto Do Mirante Ltda","2025-01-17","22:20:06","Abastecimento","1","1","Etanol Comum","16.23","R$ 68,00","R$ 1,62","R$ 0,00","R$ 0,00","R$ 0,00","R$ 66,38","3","Sucesso","B3CF6CA31378AC02","189811043","21","","-","-","-","-","2025-01-18 01:19:47.000 UTC","Dinheiro"
"886700","Auto Posto Viaduto Do Mirante Ltda","2025-01-17","22:14:02","Abastecimento","6","14","Etanol Comum","31.03","R$ 130,02","R$ 3,10","R$ 0,00","R$ 0,00","R$ 0,00","R$ 126,92","3","Sucesso","B32809099EBC19C9","189810649","21","","99299955855","Mercado Pago","-","-","2025-01-18 01:13:40.000 UTC","Cartão Mercado Pago"
"886700","Auto Posto Viaduto Do Mirante Ltda","2025-01-17","21:29:58","Abastecimento","2","3","Etanol Comum","11.93","R$ 50,00","R$ 1,19","R$ 0,00","R$ 0,00","R$ 0,00","R$ 48,81","3","Sucesso","B32809099EBC19C9","189807295","21","","-","-","-","-","2025-01-18 00:29:43.000 UTC","Dinheiro"
"886700","Auto Posto Viaduto Do Mirante Ltda","2025-01-17","21:14:51","Abastecimento","7","17","Shell Evolux Diesel S-10","39.38","R$ 243,76","R$ 3,94","R$ 5,91","R$ 0,00","R$ 0,00","R$ 233,91","3","Sucesso","B32809EED07E1A38","189805854","34","","-","-","076178ad-7a0b-4d1b-b21e-976b58e2adf2","AP-CRM-RET-2361","2025-01-18 00:14:38.000 UTC","Dinheiro"
"886700","Auto Posto Viaduto Do Mirante Ltda","2025-01-17","21:12:55","Abastecimento","6","15","Gasolina Comum","16.16","R$ 100,00","R$ 1,62","R$ 0,00","R$ 0,00","R$ 0,00","R$ 98,38","3","Sucesso","B32809099EBC19C9","189805602","11","","99660608462","Mercado Pago","-","-","2025-01-18 00:12:01.000 UTC","Cartão Mercado Pago"
"886700","Auto Posto Viaduto Do Mirante Ltda","2025-01-17","20:57:04","Abastecimento","2","3","Etanol Comum","11.93","R$ 50,00","R$ 1,19","R$ 0,00","R$ 0,00","R$ 0,00","R$ 48,81","3","Sucesso","B32809099EBC19C9","189803970","21","","-","-","-","-","2025-01-17 23:56:51.000 UTC","Dinheiro"
"886700","Auto Posto Viaduto Do Mirante Ltda","2025-01-17","20:49:14","Abastecimento","3","5","Etanol Comum","40.93","R$ 171,50","R$ 4,09","R$ 0,00","R$ 0,00","R$ 0,00","R$ 167,41","3","Sucesso","B32809D53885477E","189803069","21","","-","-","-","-","2025-01-17 23:48:56.000 UTC","Dinheiro"
"886700","Auto Posto Viaduto Do Mirante Ltda","2025-01-17","20:46:15","Abastecimento","3","6","Gasolina Comum","8.08","R$ 50,00","R$ 0,81","R$ 0,00","R$ 0,00","R$ 0,00","R$ 49,19","3","Sucesso","B32809EED07E1A38","189802703","11","","-","-","-","-","2025-01-17 23:45:50.000 UTC","Dinheiro"
"886700","Auto Posto Viaduto Do Mirante Ltda","2025-01-17","20:41:28","Abastecimento","6","15","Gasolina Comum","52.54","R$ 325,22","R$ 5,25","R$ 0,00","R$ 0,00","R$ 0,00","R$ 319,97","3","Sucesso","B32809EED07E1A38","189802143","11","","-","-","-","-","2025-01-17 23:41:02.000 UTC","Dinheiro"
"886700","Auto Posto Viaduto Do Mirante Ltda","2025-01-17","20:37:53","Abastecimento","4","9","Gasolina Comum","3.23","R$ 20,00","R$ 0,32","R$ 0,00","R$ 0,00","R$ 0,00","R$ 19,68","3","Sucesso","B32809D53885477E","189801730","11","","-","-","-","-","2025-01-17 23:37:38.000 UTC","Dinheiro"
"886700","Auto Posto Viaduto Do Mirante Ltda","2025-01-17","20:28:43","Abastecimento","4","8","Etanol Comum","42.13","R$ 176,52","R$ 4,21","R$ 0,00","R$ 0,00","R$ 0,00","R$ 172,31","3","Sucesso","B32809D53885477E","189800489","21","","99290478475","Mercado Pago","-","-","2025-01-17 23:28:21.000 UTC","Cartão Mercado Pago"
"886700","Auto Posto Viaduto Do Mirante Ltda","2025-01-17","20:25:46","Abastecimento","3","5","Etanol Comum","25.0","R$ 104,75","R$ 2,50","R$ 0,00","R$ 0,00","R$ 0,00","R$ 102,25","3","Sucesso","B32809EED07E1A38","189800107","21","","-","-","-","-","2025-01-17 23:25:29.000 UTC","Dinheiro"
"886700","Auto Posto Viaduto Do Mirante Ltda","2025-01-17","20:13:35","Abastecimento","1","1","Etanol Comum","23.66","R$ 99,14","R$ 2,37","R$ 3,52","R$ 0,00","R$ 0,00","R$ 93,25","3","Sucesso","B32809EED07ED77A","189798385","21","","-","-","0692e3cc-d273-11ef-8a38-02b447a431dd","R$ 3.52 DE DESCONTO","2025-01-17 23:12:56.000 UTC","Dinheiro"
"886700","Auto Posto Viaduto Do Mirante Ltda","2025-01-17","20:11:53","Abastecimento","2","4","Gasolina Comum","8.08","R$ 50,00","R$ 0,81","R$ 0,00","R$ 0,00","R$ 0,00","R$ 49,19","3","Sucesso","B3CF6CA313787E3E","189798200","11","","-","-","-","-","2025-01-17 23:11:30.000 UTC","Dinheiro"
"886700","Auto Posto Viaduto Do Mirante Ltda","2025-01-17","20:07:24","Abastecimento","2","4","Gasolina Comum","3.59","R$ 22,22","R$ 0,36","R$ 0,00","R$ 0,00","R$ 0,00","R$ 21,86","3","Sucesso","B32809D53885477E","189797448","11","","-","-","-","-","2025-01-17 23:06:52.000 UTC","Dinheiro"
"886700","Auto Posto Viaduto Do Mirante Ltda","2025-01-17","20:04:33","Abastecimento","2","4","Gasolina Comum","8.08","R$ 50,00","R$ 0,81","R$ 0,00","R$ 0,00","R$ 0,00","R$ 49,19","3","Sucesso","B32809EED07E1A38","189797063","11","","99287952343","Mercado Pago","-","-","2025-01-17 23:04:17.000 UTC","Cartão Mercado Pago"
"886700","Auto Posto Viaduto Do Mirante Ltda","2025-01-17","20:02:05","Abastecimento","3","6","Gasolina Comum","11.31","R$ 70,00","R$ 1,13","R$ 0,00","R$ 0,00","R$ 0,00","R$ 68,87","3","Sucesso","B32809D53885477E","189796675","11","","-","-","-","-","2025-01-17 23:01:53.000 UTC","Dinheiro"
"886700","Auto Posto Viaduto Do Mirante Ltda","2025-01-17","19:58:58","Abastecimento","2","4","Gasolina Comum","40.97","R$ 253,60","R$ 4,10","R$ 0,00","R$ 0,00","R$ 0,00","R$ 249,50","3","Sucesso","B32809EED07E1A38","189796172","11","","99286480019","Mercado Pago","-","-","2025-01-17 22:58:37.000 UTC","Cartão Mercado Pago"
"886700","Auto Posto Viaduto Do Mirante Ltda","2025-01-17","19:58:37","Abastecimento","7","17","Shell Evolux Diesel S-10","48.47","R$ 300,00","R$ 4,85","R$ 7,27","R$ 0,00","R$ 0,00","R$ 287,88","3","Sucesso","B3CF6CA313787E3E","189796052","34","","-","-","9441a608-f1d2-4c6b-b185-e2c294e3b0f7","AP-CRM-RET-2361","2025-01-17 22:57:44.000 UTC","Dinheiro"
"886700","Auto Posto Viaduto Do Mirante Ltda","2025-01-17","19:57:48","Abastecimento","4","16","Shell V-Power Gasolina","15.17","R$ 100,00","R$ 1,52","R$ 0,00","R$ 0,00","R$ 0,00","R$ 98,48","3","Sucesso","B32809099EBC19C9","189796013","12","","1081509764","Mercado Pago","-","-","2025-01-17 22:57:25.000 UTC","Conta Mercado Pago"
"886700","Auto Posto Viaduto Do Mirante Ltda","2025-01-17","19:52:51","Abastecimento","6","15","Gasolina Comum","37.44","R$ 231,75","R$ 3,74","R$ 0,00","R$ 0,00","R$ 17,14","R$ 210,87","3","Sucesso","B32809099EBC19C9","189795204","11","","-","-","-","-","2025-01-17 22:52:15.000 UTC","Dinheiro"
"886700","Auto Posto Viaduto Do Mirante Ltda","2025-01-17","19:45:59","Abastecimento","2","10","Shell V-Power Gasolina","15.17","R$ 100,00","R$ 1,52","R$ 0,00","R$ 0,00","R$ 0,00","R$ 98,48","3","Sucesso","B32809099EBC19C9","189794153","12","","99651462472","Mercado Pago","-","-","2025-01-17 22:45:36.000 UTC","Cartão Mercado Pago"
"886700","Auto Posto Viaduto Do Mirante Ltda","2025-01-17","19:36:15","Abastecimento","3","5","Etanol Comum","34.9","R$ 146,23","R$ 3,49","R$ 0,00","R$ 0,00","R$ 0,00","R$ 142,74","3","Sucesso","B32809EED07E1A38","189792578","21","","-","-","-","-","2025-01-17 22:36:01.000 UTC","Dinheiro"
"886700","Auto Posto Viaduto Do Mirante Ltda","2025-01-17","19:34:05","Abastecimento","5","11","Etanol Comum","11.93","R$ 50,00","R$ 1,19","R$ 0,00","R$ 0,00","R$ 0,00","R$ 48,81","3","Sucesso","B32809EED07ED77A","189792170","21","","-","-","-","-","2025-01-17 22:33:37.000 UTC","Dinheiro"
"886700","Auto Posto Viaduto Do Mirante Ltda","2025-01-17","19:32:51","Abastecimento","2","3","Etanol Comum","42.56","R$ 178,33","R$ 4,26","R$ 0,00","R$ 0,00","R$ 0,00","R$ 174,07","3","Sucesso","B32809099EBC19C9","189791907","21","","-","-","-","-","2025-01-17 22:31:58.000 UTC","Dinheiro"
"886700","Auto Posto Viaduto Do Mirante Ltda","2025-01-17","19:29:54","Abastecimento","5","18","Shell V-Power Gasolina","37.61","R$ 247,85","R$ 3,76","R$ 0,00","R$ 0,00","R$ 0,00","R$ 244,09","3","Sucesso","B32809D53885477E","189791477","12","","99649586900","Mercado Pago","-","-","2025-01-17 22:29:37.000 UTC","Cartão Mercado Pago"
"886700","Auto Posto Viaduto Do Mirante Ltda","2025-01-17","19:20:25","Abastecimento","6","15","Gasolina Comum","4.0","R$ 24,76","R$ 0,40","R$ 0,00","R$ 0,00","R$ 0,00","R$ 24,36","3","Sucesso","B32809D53885477E","189789435","11","","-","-","-","-","2025-01-17 22:18:04.000 UTC","Dinheiro"
"886700","Auto Posto Viaduto Do Mirante Ltda","2025-01-17","19:19:43","Abastecimento","2","4","Gasolina Comum","34.54","R$ 213,80","R$ 3,45","R$ 0,00","R$ 0,00","R$ 17,14","R$ 193,21","3","Sucesso","B32809099EBC19C9","189789581","11","","-","-","-","-","2025-01-17 22:18:53.000 UTC","Dinheiro"
"886700","Auto Posto Viaduto Do Mirante Ltda","2025-01-17","19:11:17","Abastecimento","1","2","Gasolina Comum","4.85","R$ 30,00","R$ 0,48","R$ 1,46","R$ 0,00","R$ 0,00","R$ 28,06","3","Sucesso","B32809EED07ED77A","189788069","11","","-","-","0974abcd-d273-11ef-8a38-02b447a431dd","R$ 1.46 DE DESCONTO","2025-01-17 22:10:48.000 UTC","Dinheiro"
"886700","Auto Posto Viaduto Do Mirante Ltda","2025-01-17","18:56:34","Abastecimento","6","14","Etanol Comum","39.02","R$ 163,49","R$ 3,90","R$ 0,00","R$ 0,00","R$ 0,00","R$ 159,59","3","Sucesso","B32809099EBC19C9","189785427","21","","-","-","-","-","2025-01-17 21:56:05.000 UTC","Dinheiro"
"886700","Auto Posto Viaduto Do Mirante Ltda","2025-01-17","18:41:51","Abastecimento","5","12","Gasolina Comum","8.08","R$ 50,00","R$ 0,81","R$ 0,00","R$ 0,00","R$ 0,00","R$ 49,19","3","Sucesso","B3CF6CA313787E3E","189782109","11","","-","-","-","-","2025-01-17 21:38:42.000 UTC","Dinheiro"
"886700","Auto Posto Viaduto Do Mirante Ltda","2025-01-17","18:31:27","Abastecimento","5","11","Etanol Comum","23.87","R$ 100,00","R$ 2,39","R$ 0,00","R$ 0,00","R$ 0,00","R$ 97,61","3","Sucesso","B32809EED07ED77A","189780605","21","","-","-","-","-","2025-01-17 21:31:03.000 UTC","Dinheiro"
"886700","Auto Posto Viaduto Do Mirante Ltda","2025-01-17","18:30:31","Abastecimento","1","2","Gasolina Comum","10.79","R$ 66,79","R$ 1,08","R$ 10,80","R$ 0,00","R$ 0,00","R$ 54,91","3","Sucesso","B32809EED07E1A38","189780439","11","","99642669744","Mercado Pago","0333de5b-d273-11ef-8a38-02b447a431dd","R$ 10.8 DE DESCONTO","2025-01-17 21:30:04.000 UTC","Cartão Mercado Pago"
"886700","Auto Posto Viaduto Do Mirante Ltda","2025-01-17","18:11:52","Abastecimento","2","3","Etanol Comum","27.69","R$ 116,02","R$ 2,77","R$ 0,00","R$ 0,00","R$ 0,00","R$ 113,25","3","Sucesso","B32809D53885477E","189776518","21","","-","-","-","-","2025-01-17 21:10:58.000 UTC","Dinheiro"
"886700","Auto Posto Viaduto Do Mirante Ltda","2025-01-17","18:06:23","Abastecimento","4","8","Etanol Comum","4.77","R$ 20,00","R$ 0,48","R$ 0,00","R$ 0,00","R$ 0,00","R$ 19,52","3","Sucesso","B32809EED07ED77A","189775498","21","","7e81c6a8-e2b9-42d3-a88d-348d3962b512","-","-","-","2025-01-17 21:06:07.000 UTC","Nubank"
"886700","Auto Posto Viaduto Do Mirante Ltda","2025-01-17","18:05:49","Abastecimento","6","14","Etanol Comum","40.44","R$ 169,44","R$ 4,04","R$ 0,00","R$ 0,00","R$ 0,00","R$ 165,40","3","Sucesso","B32809D53885477E","189775331","21","","-","-","-","-","2025-01-17 21:05:15.000 UTC","Dinheiro"
"886700","Auto Posto Viaduto Do Mirante Ltda","2025-01-17","18:05:27","Abastecimento","5","12","Gasolina Comum","16.16","R$ 100,00","R$ 1,62","R$ 0,00","R$ 0,00","R$ 0,00","R$ 98,38","3","Sucesso","B32809D53885477E","189775322","11","","-","-","-","-","2025-01-17 21:05:12.000 UTC","Dinheiro"
"886700","Auto Posto Viaduto Do Mirante Ltda","2025-01-17","18:01:46","Abastecimento","3","13","Shell V-Power Gasolina","7.59","R$ 50,00","R$ 0,76","R$ 0,00","R$ 0,00","R$ 0,00","R$ 49,24","3","Sucesso","B3CF6CA313787E3E","189774555","12","","99640506146","Mercado Pago","-","-","2025-01-17 21:01:23.000 UTC","Cartão Mercado Pago"
"886700","Auto Posto Viaduto Do Mirante Ltda","2025-01-17","17:57:57","Abastecimento","4","8","Etanol Comum","8.35","R$ 35,00","R$ 0,84","R$ 0,00","R$ 0,00","R$ 0,00","R$ 34,16","3","Sucesso","B32809EED07ED77A","189773523","21","","-","-","-","-","2025-01-17 20:56:08.000 UTC","Dinheiro"
"886700","Auto Posto Viaduto Do Mirante Ltda","2025-01-17","17:51:50","Abastecimento","1","2","Gasolina Comum","10.0","R$ 61,90","R$ 1,00","R$ 0,00","R$ 0,00","R$ 0,00","R$ 60,90","3","Sucesso","B32809EED07ED77A","189772667","11","","-","-","-","-","2025-01-17 20:51:36.000 UTC","Dinheiro"
"886700","Auto Posto Viaduto Do Mirante Ltda","2025-01-17","17:30:16","Abastecimento","2","4","Gasolina Comum","8.08","R$ 50,00","R$ 0,81","R$ 3,50","R$ 0,00","R$ 0,00","R$ 45,69","3","Sucesso","B3CF6CA313787E3E","189768367","11","","-","-","069bc731-d273-11ef-8a38-02b447a431dd","R$ 3.5 DE DESCONTO","2025-01-17 20:29:56.000 UTC","Dinheiro"
"886700","Auto Posto Viaduto Do Mirante Ltda","2025-01-17","17:29:29","Abastecimento","4","9","Gasolina Comum","8.08","R$ 50,00","R$ 0,81","R$ 4,92","R$ 0,00","R$ 0,00","R$ 44,27","3","Sucesso","B32809EED07E1A38","189768231","11","","-","-","0544c758-d273-11ef-8a38-02b447a431dd","R$ 4.92 DE DESCONTO","2025-01-17 20:29:11.000 UTC","Dinheiro"
"886700","Auto Posto Viaduto Do Mirante Ltda","2025-01-17","17:15:46","Abastecimento","1","2","Gasolina Comum","16.16","R$ 100,00","R$ 1,62","R$ 0,00","R$ 0,00","R$ 0,00","R$ 98,38","3","Sucesso","B32809092ED863D9","189765058","11","","-","-","-","-","2025-01-17 20:12:44.000 UTC","Dinheiro"
"886700","Auto Posto Viaduto Do Mirante Ltda","2025-01-17","17:15:23","Abastecimento","3","6","Gasolina Comum","16.16","R$ 100,00","R$ 1,62","R$ 0,00","R$ 0,00","R$ 0,00","R$ 98,38","3","Sucesso","B32809EED07ED77A","189765508","11","","99634739726","Mercado Pago","-","-","2025-01-17 20:15:03.000 UTC","Cartão Mercado Pago"
"886700","Auto Posto Viaduto Do Mirante Ltda","2025-01-17","17:12:42","Abastecimento","4","9","Gasolina Comum","43.3","R$ 268,03","R$ 4,33","R$ 0,00","R$ 0,00","R$ 0,00","R$ 263,70","3","Sucesso","B32809EED07ED77A","189764885","11","","99634739164","Mercado Pago","-","-","2025-01-17 20:11:48.000 UTC","Cartão Mercado Pago"
"886700","Auto Posto Viaduto Do Mirante Ltda","2025-01-17","16:53:02","Abastecimento","1","2","Gasolina Comum","28.93","R$ 179,08","R$ 2,89","R$ 0,00","R$ 0,00","R$ 0,00","R$ 176,19","3","Sucesso","B3CF6CA313787E3E","189761699","11","","-","-","-","-","2025-01-17 19:52:41.000 UTC","Dinheiro"
"886700","Auto Posto Viaduto Do Mirante Ltda","2025-01-17","16:48:32","Abastecimento","4","8","Etanol Comum","29.23","R$ 122,47","R$ 0,00","R$ 0,00","R$ 0,00","R$ 0,00","R$ 122,47","3","Sucesso","B3CF6CA313787E3E","189761031","21","-","45338150","-","-","-","2025-01-17 19:48:32.000 UTC","App Porto Seguro"
"886700","Auto Posto Viaduto Do Mirante Ltda","2025-01-17","16:44:41","Abastecimento","3","6","Gasolina Comum","24.23","R$ 150,00","R$ 2,42","R$ 0,00","R$ 0,00","R$ 0,00","R$ 147,58","3","Sucesso","B32809D53885477E","189760352","11","","99265953895","Mercado Pago","-","-","2025-01-17 19:44:24.000 UTC","Cartão Mercado Pago"
"886700","Auto Posto Viaduto Do Mirante Ltda","2025-01-17","16:33:50","Abastecimento","3","6","Gasolina Comum","32.31","R$ 200,00","R$ 3,23","R$ 0,00","R$ 0,00","R$ 0,00","R$ 196,77","3","Sucesso","B32809EED07E1A38","189758570","11","","-","-","-","-","2025-01-17 19:33:27.000 UTC","Dinheiro"
"886700","Auto Posto Viaduto Do Mirante Ltda","2025-01-17","16:29:45","Abastecimento","2","3","Etanol Comum","35.8","R$ 150,00","R$ 3,58","R$ 0,00","R$ 0,00","R$ 0,00","R$ 146,42","3","Sucesso","B32809EED07E1A38","189757918","21","","-","-","-","-","2025-01-17 19:29:26.000 UTC","Dinheiro"
"886700","Auto Posto Viaduto Do Mirante Ltda","2025-01-17","16:16:30","Abastecimento","7","17","Shell Evolux Diesel S-10","62.79","R$ 388,67","R$ 6,28","R$ 9,42","R$ 0,00","R$ 3,33","R$ 369,64","3","Sucesso","B32809EED07E1A38","189755774","34","","-","-","824ac127-d919-4e62-b99e-d8556aabb5dc","AP-CRM-RET-2361","2025-01-17 19:15:51.000 UTC","Dinheiro"
"886700","Auto Posto Viaduto Do Mirante Ltda","2025-01-17","16:15:05","Abastecimento","3","6","Gasolina Comum","8.08","R$ 50,00","R$ 0,00","R$ 0,00","R$ 0,00","R$ 0,00","R$ 50,00","3","Sucesso","B32809EED07ED77A","189755658","11","-","45337479","-","-","-","2025-01-17 19:15:05.000 UTC","App Porto Seguro"
"886700","Auto Posto Viaduto Do Mirante Ltda","2025-01-17","16:13:29","Abastecimento","3","5","Etanol Comum","23.87","R$ 100,00","R$ 0,00","R$ 0,00","R$ 0,00","R$ 0,00","R$ 100,00","3","Sucesso","B32809EED07ED77A","189755415","21","-","45337457","-","-","-","2025-01-17 19:13:29.000 UTC","App Porto Seguro"
"886700","Auto Posto Viaduto Do Mirante Ltda","2025-01-17","16:12:35","Abastecimento","6","14","Etanol Comum","23.87","R$ 100,00","R$ 2,39","R$ 0,00","R$ 0,00","R$ 0,00","R$ 97,61","3","Sucesso","B32809092ED863D9","189755245","21","","-","-","-","-","2025-01-17 19:12:23.000 UTC","Dinheiro"
"886700","Auto Posto Viaduto Do Mirante Ltda","2025-01-17","16:02:31","Abastecimento","7","17","Shell Evolux Diesel S-10","178.21","R$ 1103,12","R$ 7,00","R$ 10,00","R$ 0,00","R$ 0,00","R$ 1086,12","3","Sucesso","B3CF6CA313787E3E","189753642","34","","-","-","2b0d641f-4e87-445c-929a-010a0f4bf515","AP-CRM-RET-2361","2025-01-17 19:01:45.000 UTC","Dinheiro"
"886700","Auto Posto Viaduto Do Mirante Ltda","2025-01-17","16:02:05","Abastecimento","3","6","Gasolina Comum","24.23","R$ 150,00","R$ 2,42","R$ 0,00","R$ 0,00","R$ 0,00","R$ 147,58","3","Sucesso","B32809EED07ED77A","189753578","11","","99627932886","Mercado Pago","-","-","2025-01-17 19:01:18.000 UTC","Cartão Mercado Pago"
"886700","Auto Posto Viaduto Do Mirante Ltda","2025-01-17","16:00:36","Abastecimento","2","3","Etanol Comum","41.5","R$ 173,88","R$ 4,15","R$ 0,00","R$ 0,00","R$ 2,02","R$ 167,71","3","Sucesso","B32809EED07E1A38","189753393","21","","-","-","-","-","2025-01-17 19:00:03.000 UTC","Dinheiro"
"886700","Auto Posto Viaduto Do Mirante Ltda","2025-01-17","15:52:18","Abastecimento","2","4","Gasolina Comum","29.08","R$ 180,00","R$ 2,91","R$ 0,00","R$ 0,00","R$ 0,00","R$ 177,09","3","Sucesso","B32809EED07E1A38","189752180","11","","-","-","-","-","2025-01-17 18:51:40.000 UTC","Dinheiro"
"886700","Auto Posto Viaduto Do Mirante Ltda","2025-01-17","15:49:00","Abastecimento","1","1","Etanol Comum","16.5","R$ 69,14","R$ 1,65","R$ 0,00","R$ 0,00","R$ 0,00","R$ 67,49","3","Sucesso","B32809D53885477E","189751727","21","","-","-","-","-","2025-01-17 18:48:46.000 UTC","Dinheiro"
"886700","Auto Posto Viaduto Do Mirante Ltda","2025-01-17","15:43:01","Abastecimento","5","12","Gasolina Comum","24.23","R$ 150,00","R$ 2,42","R$ 0,00","R$ 0,00","R$ 0,00","R$ 147,58","3","Sucesso","B32809EED07E1A38","189750837","11","","99260507681","Mercado Pago","-","-","2025-01-17 18:42:44.000 UTC","Cartão Mercado Pago"
"886700","Auto Posto Viaduto Do Mirante Ltda","2025-01-17","15:42:44","Abastecimento","3","13","Shell V-Power Gasolina","10.62","R$ 70,00","R$ 1,06","R$ 0,00","R$ 0,00","R$ 0,00","R$ 68,94","3","Sucesso","B32809092ED863D9","189750810","12","","-","-","-","-","2025-01-17 18:42:30.000 UTC","Dinheiro"
"886700","Auto Posto Viaduto Do Mirante Ltda","2025-01-17","15:38:06","Abastecimento","3","6","Gasolina Comum","24.23","R$ 150,00","R$ 0,00","R$ 0,00","R$ 0,00","R$ 0,00","R$ 150,00","3","Sucesso","B32809EED07E1A38","189750187","11","-","45336773","-","-","-","2025-01-17 18:38:06.000 UTC","App Porto Seguro"
"886700","Auto Posto Viaduto Do Mirante Ltda","2025-01-17","15:26:14","Abastecimento","2","4","Gasolina Comum","30.14","R$ 186,57","R$ 3,01","R$ 0,00","R$ 0,00","R$ 0,00","R$ 183,56","3","Sucesso","B32809EED07E1A38","189748450","11","","-","-","-","-","2025-01-17 18:26:00.000 UTC","Dinheiro"
"886700","Auto Posto Viaduto Do Mirante Ltda","2025-01-17","15:21:56","Abastecimento","4","8","Etanol Comum","23.87","R$ 100,00","R$ 2,39","R$ 0,00","R$ 0,00","R$ 0,00","R$ 97,61","3","Sucesso","B32809092ED863D9","189747839","21","","99258675361","Mercado Pago","-","-","2025-01-17 18:21:40.000 UTC","Cartão Mercado Pago"
"886700","Auto Posto Viaduto Do Mirante Ltda","2025-01-17","15:20:22","Abastecimento","2","10","Shell V-Power Gasolina","22.76","R$ 150,00","R$ 2,28","R$ 0,00","R$ 0,00","R$ 0,00","R$ 147,72","3","Sucesso","B32809EED07E1A38","189747621","12","","-","-","-","-","2025-01-17 18:20:05.000 UTC","Dinheiro"
"886700","Auto Posto Viaduto Do Mirante Ltda","2025-01-17","15:02:37","Abastecimento","2","4","Gasolina Comum","4.85","R$ 30,00","R$ 0,48","R$ 0,00","R$ 0,00","R$ 0,00","R$ 29,52","3","Sucesso","B32809092ED863D9","189745160","11","","-","-","-","-","2025-01-17 18:02:14.000 UTC","Dinheiro"
"886700","Auto Posto Viaduto Do Mirante Ltda","2025-01-17","14:59:54","Abastecimento","4","9","Gasolina Comum","38.53","R$ 238,50","R$ 3,85","R$ 0,00","R$ 0,00","R$ 0,00","R$ 234,65","3","Sucesso","B32809092ED863D9","189744792","11","","-","-","-","-","2025-01-17 17:59:30.000 UTC","Dinheiro"
"886700","Auto Posto Viaduto Do Mirante Ltda","2025-01-17","14:57:14","Abastecimento","6","15","Gasolina Comum","24.23","R$ 150,00","R$ 0,00","R$ 0,00","R$ 0,00","R$ 0,00","R$ 150,00","3","Sucesso","B32809EED07ED77A","189744460","11","-","45336045","-","-","-","2025-01-17 17:57:14.000 UTC","App Porto Seguro"
"886700","Auto Posto Viaduto Do Mirante Ltda","2025-01-17","14:51:42","Abastecimento","4","9","Gasolina Comum","8.08","R$ 50,00","R$ 0,81","R$ 0,00","R$ 0,00","R$ 0,00","R$ 49,19","3","Sucesso","B3CF6CA313787E3E","189743606","11","","-","-","-","-","2025-01-17 17:51:24.000 UTC","Dinheiro"
"886700","Auto Posto Viaduto Do Mirante Ltda","2025-01-17","14:46:57","Abastecimento","1","1","Etanol Comum","35.43","R$ 148,45","R$ 3,54","R$ 0,00","R$ 0,00","R$ 0,00","R$ 144,91","3","Sucesso","B32809EED07ED77A","189742968","21","","-","-","-","-","2025-01-17 17:46:44.000 UTC","Dinheiro"
"886700","Auto Posto Viaduto Do Mirante Ltda","2025-01-17","14:37:34","Abastecimento","3","5","Etanol Comum","23.87","R$ 100,00","R$ 2,39","R$ 0,00","R$ 0,00","R$ 0,00","R$ 97,61","3","Sucesso","B3CF6CA313787E3E","189741675","21","","-","-","-","-","2025-01-17 17:37:11.000 UTC","Dinheiro"
"886700","Auto Posto Viaduto Do Mirante Ltda","2025-01-17","14:12:13","Abastecimento","1","1","Etanol Comum","32.07","R$ 134,37","R$ 3,21","R$ 0,00","R$ 0,00","R$ 0,00","R$ 131,16","3","Sucesso","B32809EED07ED77A","189738231","21","","99252502737","Mercado Pago","-","-","2025-01-17 17:11:56.000 UTC","Cartão Mercado Pago"
"886700","Auto Posto Viaduto Do Mirante Ltda","2025-01-17","14:03:52","Abastecimento","3","5","Etanol Comum","7.16","R$ 30,00","R$ 0,72","R$ 0,00","R$ 0,00","R$ 0,00","R$ 29,28","3","Sucesso","B32809EED033D53C","189737039","21","","-","-","-","-","2025-01-17 17:03:05.000 UTC","Dinheiro"
"886700","Auto Posto Viaduto Do Mirante Ltda","2025-01-17","13:52:28","Abastecimento","2","4","Gasolina Comum","35.43","R$ 219,31","R$ 3,54","R$ 0,00","R$ 0,00","R$ 0,00","R$ 215,77","3","Sucesso","B32809092ED863D9","189735656","11","","-","-","-","-","2025-01-17 16:52:10.000 UTC","Dinheiro"
"886700","Auto Posto Viaduto Do Mirante Ltda","2025-01-17","13:47:43","Abastecimento","4","8","Etanol Comum","20.11","R$ 84,26","R$ 2,01","R$ 0,00","R$ 0,00","R$ 0,00","R$ 82,25","3","Sucesso","B32809EED07EF3DA","189735043","21","","99249986911","Mercado Pago","-","-","2025-01-17 16:47:18.000 UTC","Cartão Mercado Pago"
"886700","Auto Posto Viaduto Do Mirante Ltda","2025-01-17","13:41:30","Abastecimento","6","15","Gasolina Comum","24.23","R$ 150,00","R$ 2,42","R$ 0,00","R$ 147,58","R$ 0,00","R$ 0,00","3","Sucesso","B32809EED07EF3DA","189734182","11","","-","Mercado Pago","-","-","2025-01-17 16:41:08.000 UTC","Cartão Mercado Pago"
"886700","Auto Posto Viaduto Do Mirante Ltda","2025-01-17","13:37:02","Abastecimento","5","12","Gasolina Comum","32.31","R$ 200,00","R$ 3,23","R$ 0,00","R$ 0,00","R$ 0,00","R$ 196,77","3","Sucesso","B32809092ED863D9","189733595","11","","99613507882","Mercado Pago","-","-","2025-01-17 16:36:36.000 UTC","Cartão Mercado Pago"
"886700","Auto Posto Viaduto Do Mirante Ltda","2025-01-17","13:35:26","Abastecimento","3","5","Etanol Comum","11.93","R$ 50,00","R$ 1,19","R$ 0,00","R$ 0,00","R$ 0,00","R$ 48,81","3","Sucesso","B32809EED033D53C","189733378","21","","-","-","-","-","2025-01-17 16:35:06.000 UTC","Dinheiro"
"886700","Auto Posto Viaduto Do Mirante Ltda","2025-01-17","13:33:23","Abastecimento","4","8","Etanol Comum","6.68","R$ 28,00","R$ 0,67","R$ 0,00","R$ 0,00","R$ 0,00","R$ 27,33","3","Sucesso","B32809092ED863D9","189732979","21","","20050014x189732979x1737131550678","-","-","-","2025-01-17 16:32:08.000 UTC","Pix"
"886700","Auto Posto Viaduto Do Mirante Ltda","2025-01-17","13:20:50","Abastecimento","4","9","Gasolina Comum","44.57","R$ 275,89","R$ 4,46","R$ 0,00","R$ 0,00","R$ 2,28","R$ 269,15","3","Sucesso","B32809EED07EF3DA","189731391","11","","99247230751","Mercado Pago","-","-","2025-01-17 16:20:16.000 UTC","Cartão Mercado Pago"
"886700","Auto Posto Viaduto Do Mirante Ltda","2025-01-17","12:52:42","Abastecimento","4","9","Gasolina Comum","12.92","R$ 80,00","R$ 0,00","R$ 0,00","R$ 0,00","R$ 0,00","R$ 80,00","3","Sucesso","B32809EED033236E","189727747","11","-","undefined","-","-","-","2025-01-17 15:52:42.000 UTC","App XP Investimentos"
"886700","Auto Posto Viaduto Do Mirante Ltda","2025-01-17","12:51:03","Abastecimento","1","2","Gasolina Comum","4.85","R$ 30,00","R$ 0,48","R$ 0,00","R$ 0,00","R$ 0,00","R$ 29,52","3","Sucesso","B32809D538851035","189727497","11","","-","-","-","-","2025-01-17 15:50:46.000 UTC","Dinheiro"
"886700","Auto Posto Viaduto Do Mirante Ltda","2025-01-17","12:45:57","Abastecimento","1","1","Etanol Comum","11.93","R$ 50,00","R$ 1,19","R$ 0,00","R$ 0,00","R$ 0,00","R$ 48,81","3","Sucesso","B32809EED07EF3DA","189726798","21","","-","-","-","-","2025-01-17 15:45:38.000 UTC","Dinheiro"
"886700","Auto Posto Viaduto Do Mirante Ltda","2025-01-17","12:36:10","Abastecimento","6","14","Etanol Comum","23.87","R$ 100,00","R$ 2,39","R$ 0,00","R$ 0,00","R$ 0,00","R$ 97,61","3","Sucesso","B32809D538851035","189725483","21","","99607782170","Mercado Pago","-","-","2025-01-17 15:35:50.000 UTC","Cartão Mercado Pago"
"886700","Auto Posto Viaduto Do Mirante Ltda","2025-01-17","12:16:50","Abastecimento","2","4","Gasolina Comum","5.66","R$ 35,04","R$ 0,57","R$ 0,00","R$ 0,00","R$ 0,00","R$ 34,47","3","Sucesso","B32809EED033D53C","189722835","11","","-","-","-","-","2025-01-17 15:16:32.000 UTC","Dinheiro"
"886700","Auto Posto Viaduto Do Mirante Ltda","2025-01-17","12:13:55","Abastecimento","4","9","Gasolina Comum","2.58","R$ 16,00","R$ 0,26","R$ 0,00","R$ 0,00","R$ 0,00","R$ 15,74","4","Pagamento Recusado","B32809EED033236E","189722273","11","","99238415973","Mercado Pago","-","-","2025-01-17 15:12:19.000 UTC","Cartão Mercado Pago"
"886700","Auto Posto Viaduto Do Mirante Ltda","2025-01-17","12:07:27","Abastecimento","6","15","Gasolina Comum","8.08","R$ 50,00","R$ 0,81","R$ 0,00","R$ 0,00","R$ 0,00","R$ 49,19","3","Sucesso","B32809EED033D53C","189721443","11","","-","-","-","-","2025-01-17 15:06:18.000 UTC","Dinheiro"
"886700","Auto Posto Viaduto Do Mirante Ltda","2025-01-17","12:07:26","Abastecimento","4","8","Etanol Comum","11.93","R$ 50,00","R$ 1,19","R$ 0,00","R$ 0,00","R$ 0,00","R$ 48,81","3","Sucesso","B32809EED033236E","189721557","21","","-","-","-","-","2025-01-17 15:07:02.000 UTC","Dinheiro"
"886700","Auto Posto Viaduto Do Mirante Ltda","2025-01-17","12:01:43","Abastecimento","1","1","Etanol Comum","14.32","R$ 60,00","R$ 1,43","R$ 0,00","R$ 0,00","R$ 0,00","R$ 58,57","3","Sucesso","B32809EED07EF3DA","189720864","21","","-","-","-","-","2025-01-17 15:01:32.000 UTC","Dinheiro"
"886700","Auto Posto Viaduto Do Mirante Ltda","2025-01-17","11:56:55","Abastecimento","2","3","Etanol Comum","23.87","R$ 100,00","R$ 2,39","R$ 0,00","R$ 0,00","R$ 39,04","R$ 58,57","3","Sucesso","B32809EED033D53C","189720209","21","","-","-","-","-","2025-01-17 14:56:23.000 UTC","Dinheiro"
"886700","Auto Posto Viaduto Do Mirante Ltda","2025-01-17","11:55:04","Abastecimento","5","12","Gasolina Comum","41.4","R$ 256,27","R$ 4,14","R$ 0,00","R$ 0,00","R$ 0,00","R$ 252,13","3","Sucesso","B32809EED07EF3DA","189719981","11","","99236211993","Mercado Pago","-","-","2025-01-17 14:54:44.000 UTC","Cartão Mercado Pago"
"886700","Auto Posto Viaduto Do Mirante Ltda","2025-01-17","11:52:34","Abastecimento","1","2","Gasolina Comum","40.91","R$ 253,23","R$ 4,09","R$ 0,00","R$ 0,00","R$ 0,00","R$ 249,14","3","Sucesso","B32809EED033236E","189719664","11","","99602442234","Mercado Pago","-","-","2025-01-17 14:52:11.000 UTC","Cartão Mercado Pago"
"886700","Auto Posto Viaduto Do Mirante Ltda","2025-01-17","11:47:37","Abastecimento","2","4","Gasolina Comum","16.16","R$ 100,00","R$ 1,62","R$ 0,00","R$ 0,00","R$ 0,00","R$ 98,38","3","Sucesso","B32809EED07EF3DA","189718975","11","","-","-","-","-","2025-01-17 14:47:09.000 UTC","Dinheiro"
"886700","Auto Posto Viaduto Do Mirante Ltda","2025-01-17","11:35:24","Abastecimento","2","4","Gasolina Comum","36.44","R$ 225,56","R$ 3,64","R$ 0,00","R$ 0,00","R$ 4,62","R$ 217,30","3","Sucesso","B32809EED033236E","189717348","11","","99599405586","Mercado Pago","-","-","2025-01-17 14:34:51.000 UTC","Cartão Mercado Pago"
"886700","Auto Posto Viaduto Do Mirante Ltda","2025-01-17","11:30:14","Abastecimento","4","8","Etanol Comum","23.87","R$ 100,00","R$ 2,39","R$ 0,00","R$ 0,00","R$ 0,00","R$ 97,61","3","Sucesso","B32809EED07EF3DA","189716764","21","","-","-","-","-","2025-01-17 14:29:58.000 UTC","Dinheiro"
"886700","Auto Posto Viaduto Do Mirante Ltda","2025-01-17","11:29:27","Abastecimento","6","15","Gasolina Comum","32.31","R$ 200,00","R$ 3,23","R$ 0,00","R$ 0,00","R$ 0,00","R$ 196,77","3","Sucesso","B32809EED07EF3DA","189716657","11","","-","-","-","-","2025-01-17 14:29:08.000 UTC","Dinheiro"
"886700","Auto Posto Viaduto Do Mirante Ltda","2025-01-17","11:23:47","Abastecimento","3","6","Gasolina Comum","8.08","R$ 50,00","R$ 0,81","R$ 0,00","R$ 0,00","R$ 0,00","R$ 49,19","3","Sucesso","B32809D538851035","189715921","11","","-","-","-","-","2025-01-17 14:23:23.000 UTC","Dinheiro"
"886700","Auto Posto Viaduto Do Mirante Ltda","2025-01-17","11:22:20","Abastecimento","3","5","Etanol Comum","11.93","R$ 50,00","R$ 1,19","R$ 0,00","R$ 0,00","R$ 0,00","R$ 48,81","3","Sucesso","B32809D538851035","189715715","21","","-","-","-","-","2025-01-17 14:21:50.000 UTC","Dinheiro"
"886700","Auto Posto Viaduto Do Mirante Ltda","2025-01-17","11:12:44","Abastecimento","7","17","Shell Evolux Diesel S-10","50.75","R$ 314,14","R$ 5,08","R$ 7,61","R$ 0,00","R$ 0,00","R$ 301,45","3","Sucesso","B32809D538851035","189714428","34","","-","-","058dcc4d-337b-4d5b-b792-6a5f51513ca8","AP-CRM-RET-2361","2025-01-17 14:12:27.000 UTC","Dinheiro"
"886700","Auto Posto Viaduto Do Mirante Ltda","2025-01-17","10:56:13","Abastecimento","4","9","Gasolina Comum","24.23","R$ 150,00","R$ 2,42","R$ 0,00","R$ 0,00","R$ 0,00","R$ 147,58","3","Sucesso","B32809EED033236E","189712247","11","","-","-","-","-","2025-01-17 13:55:57.000 UTC","Dinheiro"
"886700","Auto Posto Viaduto Do Mirante Ltda","2025-01-17","10:52:05","Abastecimento","3","13","Shell V-Power Gasolina","38.4","R$ 253,06","R$ 3,84","R$ 0,00","R$ 0,00","R$ 0,00","R$ 249,22","3","Sucesso","B32809EED033236E","189711712","12","","-","-","-","-","2025-01-17 13:51:52.000 UTC","Dinheiro"
"886700","Auto Posto Viaduto Do Mirante Ltda","2025-01-17","10:43:15","Abastecimento","3","13","Shell V-Power Gasolina","24.21","R$ 159,54","R$ 0,00","R$ 0,00","R$ 0,00","R$ 0,00","R$ 159,54","3","Sucesso","B32809EED033236E","189710633","12","-","45331934","-","-","-","2025-01-17 13:43:15.000 UTC","App Porto Seguro"
"886700","Auto Posto Viaduto Do Mirante Ltda","2025-01-17","10:31:23","Abastecimento","3","5","Etanol Comum","23.87","R$ 100,00","R$ 2,39","R$ 0,00","R$ 0,00","R$ 9,02","R$ 88,59","3","Sucesso","B32809092ED863D9","189708998","21","","-","-","-","-","2025-01-17 13:30:55.000 UTC","Dinheiro"
"886700","Auto Posto Viaduto Do Mirante Ltda","2025-01-17","10:22:32","Abastecimento","2","4","Gasolina Comum","16.16","R$ 100,00","R$ 1,62","R$ 0,00","R$ 0,00","R$ 0,00","R$ 98,38","3","Sucesso","B32809EED033D53C","189707825","11","","-","-","-","-","2025-01-17 13:22:18.000 UTC","Dinheiro"
"886700","Auto Posto Viaduto Do Mirante Ltda","2025-01-17","10:15:51","Abastecimento","6","15","Gasolina Comum","8.08","R$ 50,00","R$ 0,81","R$ 0,00","R$ 0,00","R$ 0,00","R$ 49,19","3","Sucesso","B32809EED033D53C","189706913","11","","-","-","-","-","2025-01-17 13:15:36.000 UTC","Dinheiro"
"886700","Auto Posto Viaduto Do Mirante Ltda","2025-01-17","10:14:25","Abastecimento","6","14","Etanol Comum","11.93","R$ 50,00","R$ 1,19","R$ 0,00","R$ 0,00","R$ 0,00","R$ 48,81","3","Sucesso","B32809EED033D53C","189706743","21","","-","-","-","-","2025-01-17 13:14:10.000 UTC","Dinheiro"
"886700","Auto Posto Viaduto Do Mirante Ltda","2025-01-17","10:07:45","Abastecimento","6","15","Gasolina Comum","8.56","R$ 53,00","R$ 0,86","R$ 0,00","R$ 0,00","R$ 0,00","R$ 52,14","3","Sucesso","B32809EED033D53C","189705865","11","","-","-","-","-","2025-01-17 13:07:29.000 UTC","Dinheiro"
"886700","Auto Posto Viaduto Do Mirante Ltda","2025-01-17","10:07:31","Abastecimento","4","8","Etanol Comum","36.75","R$ 153,98","R$ 3,68","R$ 0,00","R$ 0,00","R$ 0,00","R$ 150,30","3","Sucesso","B32809EED033D53C","189705807","21","","-","-","-","-","2025-01-17 13:07:01.000 UTC","Dinheiro"
"886700","Auto Posto Viaduto Do Mirante Ltda","2025-01-17","10:00:07","Abastecimento","6","14","Etanol Comum","23.87","R$ 100,00","R$ 2,39","R$ 0,00","R$ 0,00","R$ 2,26","R$ 95,35","3","Sucesso","B32809D538851035","189704795","21","","-","-","-","-","2025-01-17 12:59:38.000 UTC","Dinheiro"
"886700","Auto Posto Viaduto Do Mirante Ltda","2025-01-17","10:00:02","Abastecimento","4","8","Etanol Comum","26.86","R$ 112,54","R$ 2,69","R$ 0,00","R$ 0,00","R$ 0,00","R$ 109,85","3","Sucesso","B32809EED033D53C","189704823","21","","-","-","-","-","2025-01-17 12:59:49.000 UTC","Dinheiro"
"886700","Auto Posto Viaduto Do Mirante Ltda","2025-01-17","09:57:52","Abastecimento","4","8","Etanol Comum","11.93","R$ 50,00","R$ 1,19","R$ 0,00","R$ 0,00","R$ 0,00","R$ 48,81","3","Sucesso","B32809EED033D53C","189704435","21","","-","-","-","-","2025-01-17 12:57:13.000 UTC","Dinheiro"
"886700","Auto Posto Viaduto Do Mirante Ltda","2025-01-17","09:56:39","Abastecimento","2","3","Etanol Comum","23.87","R$ 100,00","R$ 2,39","R$ 0,00","R$ 0,00","R$ 0,00","R$ 97,61","3","Sucesso","B32809EED033236E","189704347","21","","-","-","-","-","2025-01-17 12:56:26.000 UTC","Dinheiro"
"886700","Auto Posto Viaduto Do Mirante Ltda","2025-01-17","09:48:10","Abastecimento","4","8","Etanol Comum","44.19","R$ 185,16","R$ 4,42","R$ 0,00","R$ 0,00","R$ 0,00","R$ 180,74","3","Sucesso","B32809EED033D53C","189703143","21","","-","-","-","-","2025-01-17 12:47:51.000 UTC","Dinheiro"
"886700","Auto Posto Viaduto Do Mirante Ltda","2025-01-17","09:33:57","Abastecimento","5","18","Shell V-Power Gasolina","5.0","R$ 32,95","R$ 0,50","R$ 0,00","R$ 0,00","R$ 0,00","R$ 32,45","3","Sucesso","B32809EED07EF3DA","189701202","12","","-","-","-","-","2025-01-17 12:33:39.000 UTC","Dinheiro"
"886700","Auto Posto Viaduto Do Mirante Ltda","2025-01-17","09:31:40","Abastecimento","4","9","Gasolina Comum","31.51","R$ 195,05","R$ 3,15","R$ 0,00","R$ 0,00","R$ 0,00","R$ 191,90","3","Sucesso","B32809EED033D53C","189700851","11","","99221794923","Mercado Pago","-","-","2025-01-17 12:31:24.000 UTC","Cartão Mercado Pago"
"886700","Auto Posto Viaduto Do Mirante Ltda","2025-01-17","09:23:14","Abastecimento","3","5","Etanol Comum","19.09","R$ 80,00","R$ 1,91","R$ 0,00","R$ 0,00","R$ 0,00","R$ 78,09","3","Sucesso","B32809EED033D53C","189699750","21","","-","-","-","-","2025-01-17 12:22:50.000 UTC","Dinheiro"
"886700","Auto Posto Viaduto Do Mirante Ltda","2025-01-17","09:16:46","Abastecimento","7","17","Shell Evolux Diesel S-10","32.31","R$ 200,00","R$ 3,23","R$ 4,85","R$ 0,00","R$ 0,00","R$ 191,92","3","Sucesso","B32809EED033D53C","189698846","34","","-","-","8a3c7a87-604d-452d-9bf7-20fd620a8c0f","AP-CRM-RET-2361","2025-01-17 12:16:11.000 UTC","Dinheiro"
"886700","Auto Posto Viaduto Do Mirante Ltda","2025-01-17","08:53:48","Abastecimento","5","11","Etanol Comum","37.39","R$ 156,66","R$ 3,74","R$ 0,00","R$ 0,00","R$ 0,00","R$ 152,92","3","Sucesso","B32809EED033236E","189695816","21","","-","-","-","-","2025-01-17 11:53:32.000 UTC","Dinheiro"
"886700","Auto Posto Viaduto Do Mirante Ltda","2025-01-17","08:49:58","Abastecimento","6","15","Gasolina Comum","16.16","R$ 100,00","R$ 1,62","R$ 0,00","R$ 0,00","R$ 0,00","R$ 98,38","3","Sucesso","B32809EED033236E","189695256","11","","-","-","-","-","2025-01-17 11:49:41.000 UTC","Dinheiro"
"886700","Auto Posto Viaduto Do Mirante Ltda","2025-01-17","08:29:11","Abastecimento","2","3","Etanol Comum","23.87","R$ 100,00","R$ 2,39","R$ 0,00","R$ 0,00","R$ 0,00","R$ 97,61","3","Sucesso","B32809EED07EF3DA","189692235","21","","-","-","-","-","2025-01-17 11:28:12.000 UTC","Dinheiro"
"886700","Auto Posto Viaduto Do Mirante Ltda","2025-01-17","08:18:52","Abastecimento","2","3","Etanol Comum","9.55","R$ 40,00","R$ 0,96","R$ 0,00","R$ 0,00","R$ 0,00","R$ 39,04","3","Sucesso","B32809EED033236E","189690797","21","","-","-","-","-","2025-01-17 11:18:09.000 UTC","Dinheiro"
"886700","Auto Posto Viaduto Do Mirante Ltda","2025-01-17","08:16:31","Abastecimento","4","8","Etanol Comum","23.87","R$ 100,00","R$ 0,00","R$ 0,00","R$ 0,00","R$ 0,00","R$ 100,00","3","Sucesso","B32809EED033D53C","189690490","21","","70224721-5c84-4409-b9bd-4f4eda2956a0","-","-","-","2025-01-17 11:16:09.000 UTC","Payly"
"886700","Auto Posto Viaduto Do Mirante Ltda","2025-01-17","08:10:21","Abastecimento","6","15","Gasolina Comum","11.31","R$ 70,00","R$ 1,13","R$ 0,00","R$ 0,00","R$ 0,00","R$ 68,87","3","Sucesso","B32809EED033236E","189689583","11","","-","-","-","-","2025-01-17 11:10:04.000 UTC","Dinheiro"
"886700","Auto Posto Viaduto Do Mirante Ltda","2025-01-17","08:08:23","Abastecimento","5","12","Gasolina Comum","50.76","R$ 314,20","R$ 5,08","R$ 0,00","R$ 0,00","R$ 0,00","R$ 309,12","3","Sucesso","B32809EED033D53C","189689165","11","","-","-","-","-","2025-01-17 11:07:28.000 UTC","Dinheiro"
"886700","Auto Posto Viaduto Do Mirante Ltda","2025-01-17","07:40:09","Abastecimento","2","10","Shell V-Power Gasolina","4.55","R$ 30,00","R$ 0,00","R$ 0,00","R$ 0,00","R$ 0,00","R$ 30,00","3","Sucesso","B32809EED033236E","189685480","12","-","8dc12c05-9f6e-44d8-a9a5-912ea3c83fe6","-","-","-","2025-01-17 10:40:09.000 UTC","App Banco Inter"
"886700","Auto Posto Viaduto Do Mirante Ltda","2025-01-17","07:33:43","Abastecimento","3","6","Gasolina Comum","30.0","R$ 185,70","R$ 3,00","R$ 0,00","R$ 0,00","R$ 0,00","R$ 182,70","3","Sucesso","B32809EED033236E","189684613","11","","-","-","-","-","2025-01-17 10:33:24.000 UTC","Dinheiro"
"886700","Auto Posto Viaduto Do Mirante Ltda","2025-01-17","07:24:56","Abastecimento","4","8","Etanol Comum","23.87","R$ 100,00","R$ 2,39","R$ 0,00","R$ 0,00","R$ 0,00","R$ 97,61","3","Sucesso","B32809EED033236E","189683455","21","","-","-","-","-","2025-01-17 10:24:42.000 UTC","Dinheiro"
"886700","Auto Posto Viaduto Do Mirante Ltda","2025-01-17","07:18:26","Abastecimento","2","4","Gasolina Comum","29.3","R$ 181,37","R$ 2,93","R$ 0,00","R$ 0,00","R$ 0,00","R$ 178,44","3","Sucesso","B32809EED033D53C","189682589","11","","-","-","-","-","2025-01-17 10:17:31.000 UTC","Dinheiro"
"886700","Auto Posto Viaduto Do Mirante Ltda","2025-01-17","07:15:03","Abastecimento","4","16","Shell V-Power Gasolina","13.68","R$ 90,15","R$ 0,00","R$ 0,00","R$ 0,00","R$ 0,00","R$ 90,15","3","Sucesso","B32809EED07EF3DA","189682295","12","-","d4e752b8-9d7c-4ea2-b6cc-c7bfc911ae71","-","-","-","2025-01-17 10:15:03.000 UTC","App Banco Inter"
"886700","Auto Posto Viaduto Do Mirante Ltda","2025-01-17","07:10:35","Abastecimento","2","10","Shell V-Power Gasolina","4.58","R$ 30,18","R$ 0,46","R$ 0,00","R$ 0,00","R$ 0,00","R$ 29,72","3","Sucesso","B32809EED07EF3DA","189681736","12","","99577901086","Mercado Pago","-","-","2025-01-17 10:10:16.000 UTC","Cartão Mercado Pago"
"886700","Auto Posto Viaduto Do Mirante Ltda","2025-01-17","07:09:28","Abastecimento","3","5","Etanol Comum","32.31","R$ 135,38","R$ 3,23","R$ 0,00","R$ 0,00","R$ 0,00","R$ 132,15","3","Sucesso","B32809EED033D53C","189681610","21","","99577773538","Mercado Pago","-","-","2025-01-17 10:09:13.000 UTC","Cartão Mercado Pago"
"886700","Auto Posto Viaduto Do Mirante Ltda","2025-01-17","07:08:13","Abastecimento","2","3","Etanol Comum","11.93","R$ 50,00","R$ 1,19","R$ 0,00","R$ 0,00","R$ 0,00","R$ 48,81","3","Sucesso","B32809EED033236E","189681488","21","","-","-","-","-","2025-01-17 10:08:01.000 UTC","Dinheiro"
"886700","Auto Posto Viaduto Do Mirante Ltda","2025-01-17","07:06:29","Abastecimento","6","15","Gasolina Comum","16.16","R$ 100,00","R$ 1,62","R$ 0,00","R$ 0,00","R$ 0,00","R$ 98,38","3","Sucesso","B32809EED033D53C","189681258","11","","99213024785","Mercado Pago","-","-","2025-01-17 10:06:09.000 UTC","Cartão Mercado Pago"
"886700","Auto Posto Viaduto Do Mirante Ltda","2025-01-17","06:50:36","Abastecimento","5","11","Etanol Comum","25.58","R$ 107,18","R$ 0,00","R$ 0,00","R$ 0,00","R$ 0,00","R$ 107,18","3","Sucesso","B32809EED033236E","189679724","21","","b5ebbf1e-5165-4bb6-988d-257f0dfe59e8","-","-","-","2025-01-17 09:50:16.000 UTC","Payly"
"886700","Auto Posto Viaduto Do Mirante Ltda","2025-01-17","06:47:36","Abastecimento","6","15","Gasolina Comum","15.35","R$ 95,00","R$ 1,54","R$ 0,00","R$ 0,00","R$ 0,00","R$ 93,46","3","Sucesso","B32809D538851035","189679455","11","","-","-","-","-","2025-01-17 09:47:12.000 UTC","Dinheiro"
"886700","Auto Posto Viaduto Do Mirante Ltda","2025-01-17","06:40:18","Abastecimento","5","12","Gasolina Comum","24.23","R$ 150,00","R$ 2,42","R$ 0,00","R$ 0,00","R$ 4,21","R$ 143,37","3","Sucesso","B32809EED07EF3DA","189678706","11","","18824132x189678706x1737106745667","-","-","-","2025-01-17 09:38:34.000 UTC","Pix"
"886700","Auto Posto Viaduto Do Mirante Ltda","2025-01-17","06:24:49","Abastecimento","3","6","Gasolina Comum","8.08","R$ 50,00","R$ 0,81","R$ 0,00","R$ 0,00","R$ 0,00","R$ 49,19","3","Sucesso","B32809EED033236E","189677662","11","","1079564159","Mercado Pago","-","-","2025-01-17 09:24:33.000 UTC","Conta Mercado Pago"
"886700","Auto Posto Viaduto Do Mirante Ltda","2025-01-17","05:47:46","Abastecimento","3","6","Gasolina Comum","34.63","R$ 214,36","R$ 0,00","R$ 0,00","R$ 0,00","R$ 0,00","R$ 214,36","7","Falha Tecnica","B32809EED033236E","189675911","11","-","-","-","-","-","2025-01-17 08:47:46.000 UTC","App XP Investimentos"
"886700","Auto Posto Viaduto Do Mirante Ltda","2025-01-17","05:11:48","Abastecimento","2","3","Etanol Comum","20.0","R$ 83,80","R$ 2,00","R$ 0,00","R$ 0,00","R$ 0,00","R$ 81,80","3","Sucesso","B32809EED033236E","189675042","21","","-","-","-","-","2025-01-17 08:11:22.000 UTC","Dinheiro"
"886700","Auto Posto Viaduto Do Mirante Ltda","2025-01-17","05:03:32","Abastecimento","6","14","Etanol Comum","35.71","R$ 149,62","R$ 3,57","R$ 0,00","R$ 0,00","R$ 0,00","R$ 146,05","3","Sucesso","B32809EED033236E","189674903","21","","-","-","-","-","2025-01-17 08:03:19.000 UTC","Dinheiro"
"886700","Auto Posto Viaduto Do Mirante Ltda","2025-01-17","00:43:07","Abastecimento","7","17","Shell Evolux Diesel S-10","64.46","R$ 399,01","R$ 6,45","R$ 9,67","R$ 0,00","R$ 0,00","R$ 382,89","3","Sucesso","B3CF6CA31378AC02","189673179","34","","-","-","e534531b-eb61-472d-aaa8-d2e4d8fe4db6","AP-CRM-RET-2361","2025-01-17 03:42:21.000 UTC","Dinheiro"
"886700","Auto Posto Viaduto Do Mirante Ltda","2025-01-17","00:21:10","Abastecimento","2","4","Gasolina Comum","26.77","R$ 165,71","R$ 2,68","R$ 0,00","R$ 0,00","R$ 0,00","R$ 163,03","3","Sucesso","B32809092ED8D233","189672934","11","","57prmej3","-","-","-","2025-01-17 03:20:39.000 UTC","PayPal"
"886700","Auto Posto Viaduto Do Mirante Ltda","2025-01-16","23:42:19","Abastecimento","6","15","Gasolina Comum","28.51","R$ 176,48","R$ 2,85","R$ 0,00","R$ 0,00","R$ 0,00","R$ 173,63","3","Sucesso","B3CF6CA31378AC02","189672291","11","","-","-","-","-","2025-01-17 02:41:52.000 UTC","Dinheiro"
"886700","Auto Posto Viaduto Do Mirante Ltda","2025-01-16","23:16:20","Abastecimento","3","6","Gasolina Comum","3.23","R$ 20,00","R$ 0,32","R$ 0,00","R$ 0,00","R$ 0,00","R$ 19,68","3","Sucesso","B32809099EBC19C9","189671665","11","","-","-","-","-","2025-01-17 02:16:03.000 UTC","Dinheiro"
"886700","Auto Posto Viaduto Do Mirante Ltda","2025-01-16","23:05:44","Abastecimento","3","5","Etanol Comum","15.0","R$ 62,85","R$ 1,50","R$ 0,00","R$ 0,00","R$ 0,00","R$ 61,35","3","Sucesso","B3CF6CA31378AC02","189671381","21","","-","-","-","-","2025-01-17 02:05:23.000 UTC","Dinheiro"
"886700","Auto Posto Viaduto Do Mirante Ltda","2025-01-16","22:09:47","Abastecimento","2","3","Etanol Comum","41.54","R$ 174,05","R$ 0,00","R$ 0,00","R$ 0,00","R$ 0,00","R$ 174,05","3","Sucesso","B32809099EBC19C9","189669180","21","-","3850cc62-7bc4-43be-99c9-b2ebbfaa1331","-","-","-","2025-01-17 01:09:47.000 UTC","App Banco Inter"
"886700","Auto Posto Viaduto Do Mirante Ltda","2025-01-16","21:58:19","Abastecimento","3","6","Gasolina Comum","50.38","R$ 311,85","R$ 5,04","R$ 0,00","R$ 0,00","R$ 0,00","R$ 306,81","3","Sucesso","B32809099EBC19C9","189668606","11","","1079465633","Mercado Pago","-","-","2025-01-17 00:58:02.000 UTC","Conta Mercado Pago"
"886700","Auto Posto Viaduto Do Mirante Ltda","2025-01-16","21:47:20","Abastecimento","1","2","Gasolina Comum","3.23","R$ 20,00","R$ 0,32","R$ 0,00","R$ 0,00","R$ 0,00","R$ 19,68","3","Sucesso","B3CF6CA313787E3E","189668011","11","","-","-","-","-","2025-01-17 00:47:06.000 UTC","Dinheiro"
"886700","Auto Posto Viaduto Do Mirante Ltda","2025-01-16","21:24:59","Abastecimento","2","4","Gasolina Comum","9.69","R$ 60,00","R$ 0,97","R$ 0,00","R$ 0,00","R$ 0,00","R$ 59,03","3","Sucesso","B3CF6CA313787E3E","189666462","11","","-","-","-","-","2025-01-17 00:24:36.000 UTC","Dinheiro"
"886700","Auto Posto Viaduto Do Mirante Ltda","2025-01-16","21:06:51","Abastecimento","5","12","Gasolina Comum","4.04","R$ 25,00","R$ 0,40","R$ 5,29","R$ 0,00","R$ 0,00","R$ 19,31","3","Sucesso","B3CF6CA313787E3E","189665045","11","","-","-","0506a7b9-d273-11ef-8a38-02b447a431dd","R$ 5.29 DE DESCONTO","2025-01-17 00:06:28.000 UTC","Dinheiro"
"886700","Auto Posto Viaduto Do Mirante Ltda","2025-01-16","20:41:27","Abastecimento","2","4","Gasolina Comum","16.0","R$ 99,04","R$ 1,60","R$ 0,00","R$ 0,00","R$ 0,00","R$ 97,44","3","Sucesso","B32809D53885477E","189662762","11","","-","-","-","-","2025-01-16 23:40:53.000 UTC","Dinheiro"
"886700","Auto Posto Viaduto Do Mirante Ltda","2025-01-16","20:24:36","Abastecimento","4","9","Gasolina Comum","29.08","R$ 180,00","R$ 2,91","R$ 0,00","R$ 0,00","R$ 0,00","R$ 177,09","3","Sucesso","B32809D53885477E","189661128","11","","-","-","-","-","2025-01-16 23:24:25.000 UTC","Dinheiro"
"886700","Auto Posto Viaduto Do Mirante Ltda","2025-01-16","20:08:25","Abastecimento","4","8","Etanol Comum","34.85","R$ 146,02","R$ 3,48","R$ 0,00","R$ 142,54","R$ 0,00","R$ 0,00","3","Sucesso","B32809EED07ED77A","189659221","21","","-","-","-","-","2025-01-16 23:07:51.000 UTC","Dinheiro"
"886700","Auto Posto Viaduto Do Mirante Ltda","2025-01-16","20:07:50","Abastecimento","2","3","Etanol Comum","43.98","R$ 184,28","R$ 4,40","R$ 0,00","R$ 0,00","R$ 0,00","R$ 179,88","3","Sucesso","B32809EED07ED77A","189659153","21","","56aa47b4-92aa-480d-aac5-b0a6a525aad9","-","-","-","2025-01-16 23:07:23.000 UTC","Nubank"
"886700","Auto Posto Viaduto Do Mirante Ltda","2025-01-16","19:55:51","Abastecimento","4","8","Etanol Comum","14.32","R$ 60,00","R$ 1,43","R$ 4,78","R$ 0,00","R$ 0,00","R$ 53,79","3","Sucesso","B32809D53885477E","189657647","21","","14945023x189657647x1737068103439","-","2283e414-cc76-11ef-8a38-02b447a431dd","R$ 4.78 DE DESCONTO","2025-01-16 22:54:28.000 UTC","Pix"
"886700","Auto Posto Viaduto Do Mirante Ltda","2025-01-16","19:55:13","Abastecimento","5","12","Gasolina Comum","28.34","R$ 175,42","R$ 2,83","R$ 0,00","R$ 0,00","R$ 0,00","R$ 172,59","3","Sucesso","B32809099EBC19C9","189657711","11","","-","-","-","-","2025-01-16 22:54:59.000 UTC","Dinheiro"
"886700","Auto Posto Viaduto Do Mirante Ltda","2025-01-16","19:41:38","Abastecimento","6","14","Etanol Comum","23.87","R$ 100,00","R$ 2,39","R$ 0,00","R$ 0,00","R$ 0,00","R$ 97,61","3","Sucesso","B32809099EBC19C9","189655910","21","","99545752370","Mercado Pago","-","-","2025-01-16 22:41:21.000 UTC","Cartão Mercado Pago"
"886700","Auto Posto Viaduto Do Mirante Ltda","2025-01-16","19:41:16","Abastecimento","2","4","Gasolina Comum","42.82","R$ 265,06","R$ 4,28","R$ 0,00","R$ 0,00","R$ 0,00","R$ 260,78","3","Sucesso","B32809D53885477E","189655827","11","","-","-","-","-","2025-01-16 22:40:45.000 UTC","Dinheiro"
"886700","Auto Posto Viaduto Do Mirante Ltda","2025-01-16","19:37:39","Abastecimento","1","1","Etanol Comum","23.87","R$ 100,00","R$ 2,39","R$ 0,00","R$ 0,00","R$ 0,00","R$ 97,61","3","Sucesso","B32809D53885477E","189655172","21","","879324x189655172x1737066992516","-","-","-","2025-01-16 22:35:50.000 UTC","Pix"
"886700","Auto Posto Viaduto Do Mirante Ltda","2025-01-16","19:33:33","Abastecimento","4","8","Etanol Comum","23.87","R$ 100,00","R$ 2,39","R$ 0,00","R$ 0,00","R$ 0,00","R$ 97,61","3","Sucesso","B3CF6CA313787E3E","189654466","21","","19838599x189654466x1737066689316","-","-","-","2025-01-16 22:30:54.000 UTC","Pix"
"886700","Auto Posto Viaduto Do Mirante Ltda","2025-01-16","19:31:21","Abastecimento","1","1","Etanol Comum","28.64","R$ 120,00","R$ 2,86","R$ 0,00","R$ 0,00","R$ 0,00","R$ 117,14","3","Sucesso","B32809D53885477E","189654480","21","","-","-","-","-","2025-01-16 22:31:02.000 UTC","Dinheiro"
"886700","Auto Posto Viaduto Do Mirante Ltda","2025-01-16","19:29:48","Abastecimento","2","4","Gasolina Comum","24.23","R$ 150,00","R$ 2,42","R$ 0,00","R$ 0,00","R$ 0,00","R$ 147,58","3","Sucesso","B32809099EBC19C9","189654072","11","","-","-","-","-","2025-01-16 22:27:54.000 UTC","Dinheiro"
"886700","Auto Posto Viaduto Do Mirante Ltda","2025-01-16","19:25:38","Abastecimento","4","8","Etanol Comum","20.76","R$ 86,98","R$ 2,08","R$ 0,00","R$ 0,00","R$ 0,00","R$ 84,90","3","Sucesso","B32809099EBC19C9","189653678","21","","-","-","-","-","2025-01-16 22:25:19.000 UTC","Dinheiro"
"886700","Auto Posto Viaduto Do Mirante Ltda","2025-01-16","19:22:53","Abastecimento","2","4","Gasolina Comum","24.23","R$ 150,00","R$ 2,42","R$ 0,00","R$ 0,00","R$ 0,00","R$ 147,58","3","Sucesso","B32809099EBC19C9","189653260","11","","-","-","-","-","2025-01-16 22:22:34.000 UTC","Dinheiro"
"886700","Auto Posto Viaduto Do Mirante Ltda","2025-01-16","18:58:54","Abastecimento","1","2","Gasolina Comum","16.16","R$ 100,00","R$ 1,62","R$ 0,00","R$ 0,00","R$ 0,00","R$ 98,38","3","Sucesso","B32809EED07ED77A","189649670","11","","99540703344","Mercado Pago","-","-","2025-01-16 21:58:37.000 UTC","Cartão Mercado Pago"
"886700","Auto Posto Viaduto Do Mirante Ltda","2025-01-16","18:48:25","Abastecimento","4","9","Gasolina Comum","19.21","R$ 118,91","R$ 1,92","R$ 0,00","R$ 0,00","R$ 0,00","R$ 116,99","3","Sucesso","B32809D53885477E","189648019","11","","-","-","-","-","2025-01-16 21:48:09.000 UTC","Dinheiro"
"886700","Auto Posto Viaduto Do Mirante Ltda","2025-01-16","18:41:33","Abastecimento","2","3","Etanol Comum","26.25","R$ 110,00","R$ 2,62","R$ 0,00","R$ 0,00","R$ 0,00","R$ 107,38","3","Sucesso","B32809D53885477E","189646939","21","","-","-","-","-","2025-01-16 21:41:20.000 UTC","Dinheiro"
"886700","Auto Posto Viaduto Do Mirante Ltda","2025-01-16","18:28:21","Abastecimento","2","4","Gasolina Comum","8.08","R$ 50,00","R$ 0,81","R$ 0,00","R$ 0,00","R$ 0,00","R$ 49,19","3","Sucesso","B32809EED07ED77A","189644815","11","","-","-","-","-","2025-01-16 21:28:05.000 UTC","Dinheiro"
"886700","Auto Posto Viaduto Do Mirante Ltda","2025-01-16","18:26:22","Abastecimento","4","8","Etanol Comum","41.05","R$ 172,00","R$ 4,10","R$ 0,00","R$ 0,00","R$ 0,00","R$ 167,90","3","Sucesso","B32809D53885477E","189644478","21","","-","-","-","-","2025-01-16 21:26:01.000 UTC","Dinheiro"
"886700","Auto Posto Viaduto Do Mirante Ltda","2025-01-16","18:17:38","Abastecimento","2","3","Etanol Comum","49.0","R$ 205,31","R$ 4,90","R$ 10,00","R$ 0,00","R$ 0,00","R$ 190,41","3","Sucesso","B32809D53885477E","189642950","21","","-","-","61f520ad-15b2-4c8b-bf68-1fc38e68ea38","AP-DIG-AQU-2291","2025-01-16 21:17:17.000 UTC","Dinheiro"
"886700","Auto Posto Viaduto Do Mirante Ltda","2025-01-16","18:16:27","Abastecimento","1","1","Etanol Comum","23.87","R$ 100,00","R$ 2,39","R$ 0,00","R$ 0,00","R$ 24,40","R$ 73,21","3","Sucesso","B32809EED07ED77A","189642707","21","","-","-","-","-","2025-01-16 21:15:58.000 UTC","Dinheiro"
"886700","Auto Posto Viaduto Do Mirante Ltda","2025-01-16","18:13:09","Abastecimento","4","9","Gasolina Comum","6.46","R$ 40,00","R$ 0,65","R$ 0,00","R$ 0,00","R$ 0,00","R$ 39,35","3","Sucesso","B3CF6CA313787E3E","189642057","11","","-","-","-","-","2025-01-16 21:12:15.000 UTC","Dinheiro"
"886700","Auto Posto Viaduto Do Mirante Ltda","2025-01-16","18:08:23","Abastecimento","6","15","Gasolina Comum","24.23","R$ 150,00","R$ 2,42","R$ 0,00","R$ 0,00","R$ 0,00","R$ 147,58","3","Sucesso","B32809EED07ED77A","189641349","11","","-","-","-","-","2025-01-16 21:08:00.000 UTC","Dinheiro"
"886700","Auto Posto Viaduto Do Mirante Ltda","2025-01-16","18:06:19","Abastecimento","3","6","Gasolina Comum","40.52","R$ 250,82","R$ 4,05","R$ 0,00","R$ 0,00","R$ 0,00","R$ 246,77","3","Sucesso","B32809EED07ED77A","189641003","11","","-","-","-","-","2025-01-16 21:05:59.000 UTC","Dinheiro"
"886700","Auto Posto Viaduto Do Mirante Ltda","2025-01-16","17:58:40","Abastecimento","6","14","Etanol Comum","9.55","R$ 40,00","R$ 0,96","R$ 0,00","R$ 0,00","R$ 0,00","R$ 39,04","3","Sucesso","B32809099EBC19C9","189639827","21","","-","-","-","-","2025-01-16 20:57:55.000 UTC","Dinheiro"
"886700","Auto Posto Viaduto Do Mirante Ltda","2025-01-16","17:57:06","Abastecimento","4","9","Gasolina Comum","24.23","R$ 150,00","R$ 2,42","R$ 0,00","R$ 0,00","R$ 0,00","R$ 147,58","3","Sucesso","B32809D53885477E","189639600","11","","-","-","-","-","2025-01-16 20:56:37.000 UTC","Dinheiro"
"886700","Auto Posto Viaduto Do Mirante Ltda","2025-01-16","17:52:47","Abastecimento","5","11","Etanol Comum","33.41","R$ 140,00","R$ 3,34","R$ 0,00","R$ 0,00","R$ 0,00","R$ 136,66","3","Sucesso","B3CF6CA313787E3E","189638948","21","","-","-","-","-","2025-01-16 20:52:29.000 UTC","Dinheiro"
"886700","Auto Posto Viaduto Do Mirante Ltda","2025-01-16","17:47:40","Abastecimento","2","3","Etanol Comum","39.38","R$ 165,00","R$ 3,94","R$ 0,00","R$ 0,00","R$ 0,00","R$ 161,06","3","Sucesso","B3CF6CA313787E3E","189638147","21","","-","-","-","-","2025-01-16 20:47:23.000 UTC","Dinheiro"
"886700","Auto Posto Viaduto Do Mirante Ltda","2025-01-16","17:35:53","Abastecimento","1","2","Gasolina Comum","27.47","R$ 170,04","R$ 2,75","R$ 0,00","R$ 0,00","R$ 0,00","R$ 167,29","3","Sucesso","B32809EED07ED77A","189636320","11","","-","-","-","-","2025-01-16 20:35:33.000 UTC","Dinheiro"
"886700","Auto Posto Viaduto Do Mirante Ltda","2025-01-16","17:35:04","Abastecimento","6","15","Gasolina Comum","24.23","R$ 150,00","R$ 2,42","R$ 0,00","R$ 0,00","R$ 0,00","R$ 147,58","3","Sucesso","B32809EED033CF93","189636177","11","","-","-","-","-","2025-01-16 20:34:27.000 UTC","Dinheiro"
"886700","Auto Posto Viaduto Do Mirante Ltda","2025-01-16","17:27:28","Abastecimento","2","3","Etanol Comum","11.93","R$ 50,00","R$ 1,19","R$ 0,00","R$ 0,00","R$ 0,00","R$ 48,81","3","Sucesso","B32809099EBC19C9","189634999","21","","-","-","-","-","2025-01-16 20:26:49.000 UTC","Dinheiro"
"886700","Auto Posto Viaduto Do Mirante Ltda","2025-01-16","17:20:36","Abastecimento","2","3","Etanol Comum","23.87","R$ 100,00","R$ 2,39","R$ 0,00","R$ 0,00","R$ 0,00","R$ 97,61","3","Sucesso","B32809D53885477E","189633948","21","","-","-","-","-","2025-01-16 20:20:08.000 UTC","Dinheiro"
"886700","Auto Posto Viaduto Do Mirante Ltda","2025-01-16","17:18:36","Abastecimento","5","12","Gasolina Comum","32.31","R$ 200,00","R$ 0,00","R$ 0,00","R$ 0,00","R$ 0,00","R$ 200,00","3","Sucesso","B32809099EBC19C9","189633685","11","","70c1e86d-7b04-4420-ad57-fd2b0e49369e","-","-","-","2025-01-16 20:18:24.000 UTC","Payly"
"886700","Auto Posto Viaduto Do Mirante Ltda","2025-01-16","17:15:47","Abastecimento","2","4","Gasolina Comum","29.49","R$ 182,54","R$ 2,95","R$ 0,00","R$ 0,00","R$ 0,00","R$ 179,59","3","Sucesso","B3CF6CA313787E3E","189633194","11","","-","-","-","-","2025-01-16 20:15:17.000 UTC","Dinheiro"
"886700","Auto Posto Viaduto Do Mirante Ltda","2025-01-16","17:00:47","Abastecimento","2","3","Etanol Comum","43.53","R$ 182,39","R$ 4,35","R$ 0,00","R$ 0,00","R$ 0,00","R$ 178,04","3","Sucesso","B32809EED033CF93","189631118","21","","99529225060","Mercado Pago","-","-","2025-01-16 20:00:17.000 UTC","Cartão Mercado Pago"
"886700","Auto Posto Viaduto Do Mirante Ltda","2025-01-16","16:44:30","Abastecimento","3","5","Etanol Comum","7.16","R$ 30,00","R$ 0,72","R$ 2,15","R$ 0,00","R$ 0,00","R$ 27,13","3","Sucesso","B32809EED07ED77A","189628956","21","","-","-","652b4cc3-9793-4d6b-b235-8589eb8e5af6","AP-DIG-AQU-2291","2025-01-16 19:44:03.000 UTC","Dinheiro"
"886700","Auto Posto Viaduto Do Mirante Ltda","2025-01-16","16:40:23","Abastecimento","5","11","Etanol Comum","10.02","R$ 42,00","R$ 1,00","R$ 0,00","R$ 0,00","R$ 0,00","R$ 41,00","3","Sucesso","B3CF6CA313787E3E","189628469","21","","-","-","-","-","2025-01-16 19:40:09.000 UTC","Dinheiro"
"886700","Auto Posto Viaduto Do Mirante Ltda","2025-01-16","16:37:22","Abastecimento","4","9","Gasolina Comum","9.69","R$ 60,00","R$ 0,97","R$ 0,00","R$ 0,00","R$ 0,00","R$ 59,03","3","Sucesso","B32809D53885477E","189628084","11","","-","-","-","-","2025-01-16 19:37:05.000 UTC","Dinheiro"
"886700","Auto Posto Viaduto Do Mirante Ltda","2025-01-16","16:36:14","Abastecimento","6","14","Etanol Comum","4.77","R$ 20,00","R$ 0,48","R$ 0,00","R$ 0,00","R$ 0,00","R$ 19,52","3","Sucesso","B32809EED07ED77A","189627938","21","","-","-","-","-","2025-01-16 19:35:59.000 UTC","Dinheiro"
"886700","Auto Posto Viaduto Do Mirante Ltda","2025-01-16","16:34:50","Abastecimento","2","10","Shell V-Power Gasolina","6.23","R$ 41,06","R$ 0,62","R$ 0,00","R$ 0,00","R$ 0,00","R$ 40,44","3","Sucesso","B32809D53885477E","189627770","12","","-","-","-","-","2025-01-16 19:34:36.000 UTC","Dinheiro"
"886700","Auto Posto Viaduto Do Mirante Ltda","2025-01-16","16:33:40","Abastecimento","5","12","Gasolina Comum","14.44","R$ 89,38","R$ 0,00","R$ 0,00","R$ 0,00","R$ 0,00","R$ 89,38","3","Sucesso","B32809099EBC19C9","189627649","11","-","45316064","-","-","-","2025-01-16 19:33:40.000 UTC","App Porto Seguro"
"886700","Auto Posto Viaduto Do Mirante Ltda","2025-01-16","16:30:36","Abastecimento","3","6","Gasolina Comum","20.0","R$ 123,80","R$ 0,00","R$ 0,00","R$ 0,00","R$ 0,00","R$ 123,80","3","Sucesso","B32809099EBC19C9","189627262","11","-","45316011","-","-","-","2025-01-16 19:30:36.000 UTC","App Porto Seguro"
"886700","Auto Posto Viaduto Do Mirante Ltda","2025-01-16","16:13:11","Abastecimento","2","4","Gasolina Comum","9.69","R$ 60,00","R$ 0,97","R$ 0,00","R$ 0,00","R$ 0,00","R$ 59,03","3","Sucesso","B32809099EBC19C9","189625051","11","","-","-","-","-","2025-01-16 19:12:40.000 UTC","Dinheiro"
"886700","Auto Posto Viaduto Do Mirante Ltda","2025-01-16","16:08:24","Abastecimento","4","9","Gasolina Comum","29.38","R$ 181,86","R$ 2,94","R$ 0,00","R$ 0,00","R$ 0,00","R$ 178,92","3","Sucesso","B32809EED07ED77A","189624473","11","","99159944647","Mercado Pago","-","-","2025-01-16 19:08:04.000 UTC","Cartão Mercado Pago"
"886700","Auto Posto Viaduto Do Mirante Ltda","2025-01-16","15:06:54","Abastecimento","2","3","Etanol Comum","32.46","R$ 136,01","R$ 3,25","R$ 0,00","R$ 0,00","R$ 0,00","R$ 132,76","3","Sucesso","B32809EED07ED77A","189617125","21","","-","-","-","-","2025-01-16 18:04:07.000 UTC","Dinheiro"
"886700","Auto Posto Viaduto Do Mirante Ltda","2025-01-16","14:47:21","Abastecimento","4","8","Etanol Comum","45.9","R$ 192,32","R$ 4,59","R$ 0,00","R$ 187,73","R$ 0,00","R$ 0,00","3","Sucesso","B3CF6CA313787E3E","189615261","21","","-","Mercado Pago","-","-","2025-01-16 17:47:03.000 UTC","Cartão Mercado Pago"
"886700","Auto Posto Viaduto Do Mirante Ltda","2025-01-16","14:36:49","Abastecimento","7","17","Shell Evolux Diesel S-10","127.68","R$ 790,34","R$ 7,00","R$ 10,00","R$ 0,00","R$ 0,00","R$ 773,34","3","Sucesso","B32809EED033D53C","189614104","34","","99151453159","Mercado Pago","23826272-f69d-4b18-9d25-9d10cbbe4eb9","AP-CRM-RET-2361","2025-01-16 17:36:28.000 UTC","Cartão Mercado Pago"
"886700","Auto Posto Viaduto Do Mirante Ltda","2025-01-16","14:26:59","Abastecimento","2","4","Gasolina Comum","12.92","R$ 80,00","R$ 1,29","R$ 0,00","R$ 0,00","R$ 0,00","R$ 78,71","3","Sucesso","B3CF6CA313787E3E","189612913","11","","-","-","-","-","2025-01-16 17:26:22.000 UTC","Dinheiro"
"886700","Auto Posto Viaduto Do Mirante Ltda","2025-01-16","14:22:20","Abastecimento","2","3","Etanol Comum","14.32","R$ 60,00","R$ 1,43","R$ 0,00","R$ 0,00","R$ 0,00","R$ 58,57","3","Sucesso","B32809EED033CF93","189612337","21","","7441005x189612337x1737048090482","-","-","-","2025-01-16 17:21:17.000 UTC","Pix"
"886700","Auto Posto Viaduto Do Mirante Ltda","2025-01-16","14:16:20","Abastecimento","4","9","Gasolina Comum","16.0","R$ 99,04","R$ 1,60","R$ 0,00","R$ 0,00","R$ 0,00","R$ 97,44","3","Sucesso","B32809EED033D53C","189611674","11","","-","-","-","-","2025-01-16 17:15:41.000 UTC","Dinheiro"
"886700","Auto Posto Viaduto Do Mirante Ltda","2025-01-16","14:13:05","Abastecimento","1","2","Gasolina Comum","24.23","R$ 150,00","R$ 2,42","R$ 0,00","R$ 0,00","R$ 0,00","R$ 147,58","3","Sucesso","B3CF6CA313787E3E","189611329","11","","-","-","-","-","2025-01-16 17:12:51.000 UTC","Dinheiro"
"886700","Auto Posto Viaduto Do Mirante Ltda","2025-01-16","13:58:34","Abastecimento","5","12","Gasolina Comum","25.45","R$ 157,54","R$ 2,54","R$ 0,00","R$ 0,00","R$ 0,00","R$ 155,00","3","Sucesso","B32809EED033D53C","189609494","11","","9894986x189609494x1737046667393","-","-","-","2025-01-16 16:57:18.000 UTC","Pix"
"886700","Auto Posto Viaduto Do Mirante Ltda","2025-01-16","13:56:10","Abastecimento","5","11","Etanol Comum","16.71","R$ 70,00","R$ 1,67","R$ 0,00","R$ 0,00","R$ 0,00","R$ 68,33","3","Sucesso","B32809D538851035","189609208","21","","9894986x189609208x1737046516447","-","-","-","2025-01-16 16:54:54.000 UTC","Pix"
"886700","Auto Posto Viaduto Do Mirante Ltda","2025-01-16","13:43:37","Abastecimento","2","3","Etanol Comum","39.1","R$ 163,83","R$ 0,00","R$ 0,00","R$ 0,00","R$ 0,00","R$ 163,83","3","Sucesso","B32809092EAD213A","189607891","21","-","45313445","-","-","-","2025-01-16 16:43:37.000 UTC","App Porto Seguro"
"886700","Auto Posto Viaduto Do Mirante Ltda","2025-01-16","13:43:23","Abastecimento","4","9","Gasolina Comum","4.0","R$ 24,76","R$ 0,40","R$ 0,00","R$ 0,00","R$ 0,00","R$ 24,36","3","Sucesso","B32809EED033D53C","189607826","11","","-","-","-","-","2025-01-16 16:42:59.000 UTC","Dinheiro"
"886700","Auto Posto Viaduto Do Mirante Ltda","2025-01-16","13:35:33","Abastecimento","5","12","Gasolina Comum","7.84","R$ 48,53","R$ 0,78","R$ 0,00","R$ 0,00","R$ 0,00","R$ 47,75","3","Sucesso","B32809EED033D53C","189606958","11","","-","-","-","-","2025-01-16 16:35:21.000 UTC","Dinheiro"
"886700","Auto Posto Viaduto Do Mirante Ltda","2025-01-16","13:31:21","Abastecimento","4","8","Etanol Comum","11.93","R$ 50,00","R$ 1,19","R$ 0,00","R$ 0,00","R$ 0,00","R$ 48,81","3","Sucesso","B32809D538851035","189606444","21","","-","-","-","-","2025-01-16 16:31:05.000 UTC","Dinheiro"
"886700","Auto Posto Viaduto Do Mirante Ltda","2025-01-16","13:30:21","Abastecimento","6","15","Gasolina Comum","30.46","R$ 188,55","R$ 3,05","R$ 0,00","R$ 0,00","R$ 0,00","R$ 185,50","3","Sucesso","B32809092EAD213A","189606318","11","","-","-","-","-","2025-01-16 16:30:03.000 UTC","Dinheiro"
"886700","Auto Posto Viaduto Do Mirante Ltda","2025-01-16","13:24:06","Abastecimento","4","9","Gasolina Comum","16.16","R$ 100,00","R$ 1,62","R$ 0,00","R$ 0,00","R$ 0,00","R$ 98,38","3","Sucesso","B32809EED033CF93","189605591","11","","-","-","-","-","2025-01-16 16:23:46.000 UTC","Dinheiro"
"886700","Auto Posto Viaduto Do Mirante Ltda","2025-01-16","13:20:39","Abastecimento","1","2","Gasolina Comum","42.19","R$ 261,16","R$ 4,22","R$ 0,00","R$ 0,00","R$ 0,00","R$ 256,94","3","Sucesso","B32809EED033CF93","189605151","11","","-","-","-","-","2025-01-16 16:20:05.000 UTC","Dinheiro"
"886700","Auto Posto Viaduto Do Mirante Ltda","2025-01-16","13:15:32","Abastecimento","1","1","Etanol Comum","29.64","R$ 124,19","R$ 2,96","R$ 0,00","R$ 0,00","R$ 0,00","R$ 121,23","3","Sucesso","B32809092EAD213A","189604602","21","","-","-","-","-","2025-01-16 16:15:13.000 UTC","Dinheiro"
"886700","Auto Posto Viaduto Do Mirante Ltda","2025-01-16","12:45:03","Abastecimento","4","8","Etanol Comum","11.93","R$ 50,00","R$ 1,19","R$ 0,00","R$ 0,00","R$ 0,00","R$ 48,81","3","Sucesso","B32809EED033CF93","189601075","21","","-","-","-","-","2025-01-16 15:44:43.000 UTC","Dinheiro"
"886700","Auto Posto Viaduto Do Mirante Ltda","2025-01-16","12:38:52","Abastecimento","4","9","Gasolina Comum","24.23","R$ 150,00","R$ 2,42","R$ 0,00","R$ 0,00","R$ 0,00","R$ 147,58","3","Sucesso","B32809EED033CF93","189600394","11","","99504342494","Mercado Pago","-","-","2025-01-16 15:38:35.000 UTC","Cartão Mercado Pago"
"886700","Auto Posto Viaduto Do Mirante Ltda","2025-01-16","12:32:55","Abastecimento","4","8","Etanol Comum","25.0","R$ 104,75","R$ 2,50","R$ 0,00","R$ 0,00","R$ 0,00","R$ 102,25","3","Sucesso","B32809092EAD213A","189599719","21","","-","-","-","-","2025-01-16 15:32:36.000 UTC","Dinheiro"
"886700","Auto Posto Viaduto Do Mirante Ltda","2025-01-16","12:32:40","Abastecimento","5","12","Gasolina Comum","6.46","R$ 40,00","R$ 0,65","R$ 0,00","R$ 0,00","R$ 0,00","R$ 39,35","3","Sucesso","B32809D538851035","189599699","11","","-","-","-","-","2025-01-16 15:32:23.000 UTC","Dinheiro"
"886700","Auto Posto Viaduto Do Mirante Ltda","2025-01-16","12:30:52","Abastecimento","3","5","Etanol Comum","11.93","R$ 50,00","R$ 1,19","R$ 0,00","R$ 0,00","R$ 0,00","R$ 48,81","3","Sucesso","B32809092EAD213A","189599485","21","","-","-","-","-","2025-01-16 15:30:26.000 UTC","Dinheiro"
"886700","Auto Posto Viaduto Do Mirante Ltda","2025-01-16","12:29:34","Abastecimento","1","1","Etanol Comum","11.93","R$ 50,00","R$ 1,19","R$ 0,00","R$ 0,00","R$ 0,00","R$ 48,81","3","Sucesso","B32809EED033236E","189599362","21","","-","-","-","-","2025-01-16 15:29:18.000 UTC","Dinheiro"
"886700","Auto Posto Viaduto Do Mirante Ltda","2025-01-16","12:28:35","Abastecimento","6","15","Gasolina Comum","8.08","R$ 50,00","R$ 0,81","R$ 0,00","R$ 0,00","R$ 0,00","R$ 49,19","3","Sucesso","B32809092EAD213A","189599083","11","","18922723x189599083x1737041242283","-","-","-","2025-01-16 15:26:52.000 UTC","Pix"
"886700","Auto Posto Viaduto Do Mirante Ltda","2025-01-16","12:22:31","Abastecimento","6","15","Gasolina Comum","14.61","R$ 90,44","R$ 1,46","R$ 0,00","R$ 0,00","R$ 0,00","R$ 88,98","3","Sucesso","B32809D538851035","189598551","11","","-","-","-","-","2025-01-16 15:22:16.000 UTC","Dinheiro"
"886700","Auto Posto Viaduto Do Mirante Ltda","2025-01-16","12:04:30","Abastecimento","1","7","Shell V-Power Gasolina","30.35","R$ 200,00","R$ 3,04","R$ 0,00","R$ 0,00","R$ 0,00","R$ 196,96","3","Sucesso","B32809092EAD213A","189596336","12","","-","-","-","-","2025-01-16 15:04:05.000 UTC","Dinheiro"
"886700","Auto Posto Viaduto Do Mirante Ltda","2025-01-16","11:55:59","Abastecimento","6","14","Etanol Comum","21.72","R$ 91,01","R$ 2,17","R$ 0,00","R$ 0,00","R$ 0,00","R$ 88,84","3","Sucesso","B32809D538851035","189595360","21","","-","-","-","-","2025-01-16 14:55:39.000 UTC","Dinheiro"
"886700","Auto Posto Viaduto Do Mirante Ltda","2025-01-16","11:55:07","Abastecimento","6","15","Gasolina Comum","8.08","R$ 50,00","R$ 0,81","R$ 0,00","R$ 0,00","R$ 0,00","R$ 49,19","3","Sucesso","B32809D538851035","189595190","11","","-","-","-","-","2025-01-16 14:54:14.000 UTC","Dinheiro"
"886700","Auto Posto Viaduto Do Mirante Ltda","2025-01-16","11:52:38","Abastecimento","3","6","Gasolina Comum","40.65","R$ 251,62","R$ 4,06","R$ 0,00","R$ 0,00","R$ 0,00","R$ 247,56","3","Sucesso","B32809EED033236E","189594903","11","","-","-","-","-","2025-01-16 14:51:39.000 UTC","Dinheiro"
"886700","Auto Posto Viaduto Do Mirante Ltda","2025-01-16","11:51:04","Abastecimento","4","8","Etanol Comum","41.4","R$ 173,47","R$ 4,14","R$ 0,00","R$ 0,00","R$ 0,00","R$ 169,33","3","Sucesso","B32809092EAD213A","189594786","21","","99498852356","Mercado Pago","-","-","2025-01-16 14:50:39.000 UTC","Cartão Mercado Pago"
"886700","Auto Posto Viaduto Do Mirante Ltda","2025-01-16","11:38:53","Abastecimento","3","6","Gasolina Comum","4.85","R$ 30,00","R$ 0,48","R$ 0,00","R$ 0,00","R$ 0,00","R$ 29,52","3","Sucesso","B32809092EAD213A","189593410","11","","99132892263","Mercado Pago","-","-","2025-01-16 14:38:29.000 UTC","Cartão Mercado Pago"
"886700","Auto Posto Viaduto Do Mirante Ltda","2025-01-16","11:36:23","Abastecimento","2","3","Etanol Comum","43.45","R$ 182,06","R$ 4,34","R$ 0,00","R$ 0,00","R$ 0,00","R$ 177,72","3","Sucesso","B32809EED033D53C","189592913","21","","1689226x189592913x1737038088939","-","-","-","2025-01-16 14:34:24.000 UTC","Pix"
"886700","Auto Posto Viaduto Do Mirante Ltda","2025-01-16","11:34:16","Abastecimento","4","16","Shell V-Power Gasolina","33.96","R$ 223,80","R$ 3,40","R$ 0,00","R$ 0,00","R$ 0,00","R$ 220,40","3","Sucesso","B32809EED033D53C","189592867","12","","-","-","-","-","2025-01-16 14:33:59.000 UTC","Dinheiro"
"886700","Auto Posto Viaduto Do Mirante Ltda","2025-01-16","11:30:56","Abastecimento","3","6","Gasolina Comum","3.23","R$ 20,00","R$ 0,32","R$ 0,00","R$ 0,00","R$ 0,00","R$ 19,68","3","Sucesso","B32809EED033236E","189592498","11","","-","-","-","-","2025-01-16 14:30:38.000 UTC","Dinheiro"
"886700","Auto Posto Viaduto Do Mirante Ltda","2025-01-16","11:25:01","Abastecimento","6","14","Etanol Comum","7.16","R$ 30,00","R$ 0,72","R$ 0,00","R$ 0,00","R$ 0,00","R$ 29,28","3","Sucesso","B32809EED033CF93","189591772","21","","-","-","-","-","2025-01-16 14:24:12.000 UTC","Dinheiro"
"886700","Auto Posto Viaduto Do Mirante Ltda","2025-01-16","11:14:27","Abastecimento","1","2","Gasolina Comum","7.3","R$ 45,19","R$ 0,73","R$ 0,00","R$ 0,00","R$ 0,00","R$ 44,46","3","Sucesso","B32809EED033D53C","189590562","11","","99129483127","Mercado Pago","-","-","2025-01-16 14:14:04.000 UTC","Cartão Mercado Pago"
"886700","Auto Posto Viaduto Do Mirante Ltda","2025-01-16","11:03:06","Abastecimento","2","3","Etanol Comum","23.87","R$ 100,00","R$ 0,00","R$ 1,19","R$ 0,00","R$ 0,00","R$ 98,81","3","Sucesso","B32809EED033D53C","189589263","21","","04444312-5832-465d-91e1-b5a3d15defe6","-","d56eba5a-dfc5-4214-bca9-94f5331af2cd","R$ 0,05/litro -  Porto","2025-01-16 14:02:54.000 UTC","Payly"
"886700","Auto Posto Viaduto Do Mirante Ltda","2025-01-16","10:49:52","Abastecimento","1","1","Etanol Comum","27.03","R$ 113,26","R$ 2,70","R$ 0,00","R$ 0,00","R$ 0,00","R$ 110,56","3","Sucesso","B32809EED033D53C","189587731","21","","-","-","-","-","2025-01-16 13:49:35.000 UTC","Dinheiro"
"886700","Auto Posto Viaduto Do Mirante Ltda","2025-01-16","10:49:40","Abastecimento","6","14","Etanol Comum","16.71","R$ 70,00","R$ 1,67","R$ 0,00","R$ 0,00","R$ 0,00","R$ 68,33","3","Sucesso","B32809092EAD213A","189587680","21","","-","-","-","-","2025-01-16 13:49:07.000 UTC","Dinheiro"
"886700","Auto Posto Viaduto Do Mirante Ltda","2025-01-16","10:29:59","Abastecimento","6","14","Etanol Comum","11.93","R$ 50,00","R$ 1,19","R$ 12,45","R$ 0,00","R$ 0,00","R$ 36,36","3","Sucesso","B32809EED033D53C","189585263","21","","-","-","030506b8-d273-11ef-8a38-02b447a431dd","R$ 12.45 DE DESCONTO","2025-01-16 13:29:23.000 UTC","Dinheiro"
"886700","Auto Posto Viaduto Do Mirante Ltda","2025-01-16","10:17:28","Abastecimento","4","8","Etanol Comum","35.26","R$ 147,74","R$ 0,00","R$ 0,00","R$ 0,00","R$ 0,00","R$ 147,74","3","Sucesso","B32809EED033D53C","189583881","21","-","01364b18-e6d4-4f17-a4fc-8a5d2165bfb3","-","-","-","2025-01-16 13:17:28.000 UTC","App Banco Inter"
"886700","Auto Posto Viaduto Do Mirante Ltda","2025-01-16","10:07:41","Abastecimento","2","3","Etanol Comum","32.74","R$ 137,18","R$ 3,27","R$ 0,00","R$ 0,00","R$ 0,00","R$ 133,91","3","Sucesso","B32809EED033236E","189582610","21","","-","-","-","-","2025-01-16 13:07:21.000 UTC","Dinheiro"
"886700","Auto Posto Viaduto Do Mirante Ltda","2025-01-16","09:57:34","Abastecimento","5","11","Etanol Comum","34.57","R$ 144,85","R$ 0,00","R$ 0,00","R$ 0,00","R$ 0,00","R$ 144,85","7","Falha Tecnica","B32809092EAD213A","189581458","21","-","-","-","-","-","2025-01-16 12:57:34.000 UTC","App XP Investimentos"
"886700","Auto Posto Viaduto Do Mirante Ltda","2025-01-16","09:50:25","Abastecimento","4","9","Gasolina Comum","11.31","R$ 70,00","R$ 0,00","R$ 0,00","R$ 0,00","R$ 0,00","R$ 70,00","3","Sucesso","B32809092EAD213A","189580600","11","-","45309780","-","-","-","2025-01-16 12:50:25.000 UTC","App Porto Seguro"
"886700","Auto Posto Viaduto Do Mirante Ltda","2025-01-16","09:49:14","Abastecimento","5","11","Etanol Comum","11.93","R$ 50,00","R$ 1,19","R$ 0,00","R$ 0,00","R$ 0,00","R$ 48,81","3","Sucesso","B32809D538851035","189580085","21","","-","-","-","-","2025-01-16 12:46:08.000 UTC","Dinheiro"
"886700","Auto Posto Viaduto Do Mirante Ltda","2025-01-16","09:39:55","Abastecimento","2","4","Gasolina Comum","12.92","R$ 80,00","R$ 1,29","R$ 0,00","R$ 0,00","R$ 0,00","R$ 78,71","3","Sucesso","B32809092EAD213A","189579275","11","","-","-","-","-","2025-01-16 12:39:41.000 UTC","Dinheiro"
"886700","Auto Posto Viaduto Do Mirante Ltda","2025-01-16","09:39:23","Abastecimento","1","1","Etanol Comum","23.87","R$ 100,00","R$ 2,39","R$ 0,00","R$ 0,00","R$ 0,00","R$ 97,61","3","Sucesso","B32809D538851035","189579198","21","","-","-","-","-","2025-01-16 12:39:09.000 UTC","Dinheiro"
"886700","Auto Posto Viaduto Do Mirante Ltda","2025-01-16","09:37:32","Abastecimento","4","8","Etanol Comum","50.9","R$ 213,27","R$ 5,09","R$ 0,00","R$ 0,00","R$ 0,00","R$ 208,18","3","Sucesso","B32809EED033D53C","189578836","21","","-","-","-","-","2025-01-16 12:36:06.000 UTC","Dinheiro"
"886700","Auto Posto Viaduto Do Mirante Ltda","2025-01-16","09:27:05","Abastecimento","6","15","Gasolina Comum","8.08","R$ 50,00","R$ 0,81","R$ 0,00","R$ 0,00","R$ 0,00","R$ 49,19","3","Sucesso","B32809D538851035","189577603","11","","-","-","-","-","2025-01-16 12:26:29.000 UTC","Dinheiro"
"886700","Auto Posto Viaduto Do Mirante Ltda","2025-01-16","09:25:06","Abastecimento","1","7","Shell V-Power Gasolina","38.45","R$ 253,39","R$ 3,84","R$ 0,00","R$ 0,00","R$ 0,00","R$ 249,55","3","Sucesso","B32809092EAD213A","189577395","12","","-","-","-","-","2025-01-16 12:24:54.000 UTC","Dinheiro"
"886700","Auto Posto Viaduto Do Mirante Ltda","2025-01-16","09:18:27","Abastecimento","2","4","Gasolina Comum","8.08","R$ 50,00","R$ 0,81","R$ 0,00","R$ 0,00","R$ 0,00","R$ 49,19","3","Sucesso","B32809092EAD213A","189576513","11","","-","-","-","-","2025-01-16 12:18:12.000 UTC","Dinheiro"
"886700","Auto Posto Viaduto Do Mirante Ltda","2025-01-16","09:11:39","Abastecimento","3","6","Gasolina Comum","4.85","R$ 30,02","R$ 0,48","R$ 0,00","R$ 0,00","R$ 0,00","R$ 29,54","3","Sucesso","B32809D538851035","189575629","11","","-","-","-","-","2025-01-16 12:11:20.000 UTC","Dinheiro"
"886700","Auto Posto Viaduto Do Mirante Ltda","2025-01-16","09:08:44","Abastecimento","7","17","Shell Evolux Diesel S-10","48.47","R$ 300,00","R$ 0,00","R$ 0,00","R$ 0,00","R$ 0,00","R$ 300,00","3","Sucesso","B32809EED033D53C","189575258","34","","ee55e246-a9af-49bc-b802-5d4d95dc2483","-","-","-","2025-01-16 12:08:21.000 UTC","Payly"
"886700","Auto Posto Viaduto Do Mirante Ltda","2025-01-16","09:08:07","Abastecimento","6","15","Gasolina Comum","3.23","R$ 20,00","R$ 0,32","R$ 0,00","R$ 0,00","R$ 0,00","R$ 19,68","3","Sucesso","B32809092EAD213A","189575175","11","","99117198695","Mercado Pago","-","-","2025-01-16 12:07:43.000 UTC","Cartão Mercado Pago"
"886700","Auto Posto Viaduto Do Mirante Ltda","2025-01-16","09:04:38","Abastecimento","6","19","Shell V-Power Gasolina","47.98","R$ 316,19","R$ 4,80","R$ 0,00","R$ 0,00","R$ 3,12","R$ 308,27","3","Sucesso","B32809092EAD213A","189574746","12","","99116770837","Mercado Pago","-","-","2025-01-16 12:04:13.000 UTC","Cartão Mercado Pago"
"886700","Auto Posto Viaduto Do Mirante Ltda","2025-01-16","08:55:32","Abastecimento","4","9","Gasolina Comum","33.86","R$ 209,59","R$ 3,39","R$ 0,00","R$ 0,00","R$ 0,00","R$ 206,20","3","Sucesso","B32809EED033D53C","189573507","11","","-","-","-","-","2025-01-16 11:54:22.000 UTC","Dinheiro"
"886700","Auto Posto Viaduto Do Mirante Ltda","2025-01-16","08:43:29","Abastecimento","5","11","Etanol Comum","25.0","R$ 104,75","R$ 2,50","R$ 0,00","R$ 0,00","R$ 0,00","R$ 102,25","3","Sucesso","B32809EED033236E","189572042","21","","-","-","-","-","2025-01-16 11:43:15.000 UTC","Dinheiro"
"886700","Auto Posto Viaduto Do Mirante Ltda","2025-01-16","08:39:37","Abastecimento","4","9","Gasolina Comum","41.23","R$ 255,21","R$ 4,12","R$ 0,00","R$ 0,00","R$ 0,00","R$ 251,09","3","Sucesso","B32809EED033D53C","189571422","11","","-","-","-","-","2025-01-16 11:38:53.000 UTC","Dinheiro"
"886700","Auto Posto Viaduto Do Mirante Ltda","2025-01-16","08:38:19","Abastecimento","2","4","Gasolina Comum","8.08","R$ 50,00","R$ 0,81","R$ 4,89","R$ 0,00","R$ 0,00","R$ 44,30","3","Sucesso","B32809EED033D53C","189571268","11","","-","-","05494b0c-d273-11ef-8a38-02b447a431dd","R$ 4.89 DE DESCONTO","2025-01-16 11:37:50.000 UTC","Dinheiro"
"886700","Auto Posto Viaduto Do Mirante Ltda","2025-01-16","08:35:18","Abastecimento","1","1","Etanol Comum","23.87","R$ 100,00","R$ 2,39","R$ 0,00","R$ 0,00","R$ 0,00","R$ 97,61","3","Sucesso","B32809EED033236E","189570887","21","","-","-","-","-","2025-01-16 11:34:57.000 UTC","Dinheiro"
"886700","Auto Posto Viaduto Do Mirante Ltda","2025-01-16","08:35:07","Abastecimento","4","9","Gasolina Comum","16.16","R$ 100,00","R$ 1,62","R$ 0,00","R$ 0,00","R$ 0,00","R$ 98,38","3","Sucesso","B32809D538851035","189570490","11","","-","-","-","-","2025-01-16 11:31:58.000 UTC","Dinheiro"
"886700","Auto Posto Viaduto Do Mirante Ltda","2025-01-16","08:27:14","Abastecimento","1","1","Etanol Comum","11.93","R$ 50,00","R$ 1,19","R$ 0,00","R$ 0,00","R$ 0,00","R$ 48,81","3","Sucesso","B32809EED033236E","189569768","21","","-","-","-","-","2025-01-16 11:26:56.000 UTC","Dinheiro"
"886700","Auto Posto Viaduto Do Mirante Ltda","2025-01-16","08:18:47","Abastecimento","3","5","Etanol Comum","11.93","R$ 50,00","R$ 1,19","R$ 0,00","R$ 0,00","R$ 0,00","R$ 48,81","3","Sucesso","B32809D538851035","189568522","21","","-","-","-","-","2025-01-16 11:18:06.000 UTC","Dinheiro"
"886700","Auto Posto Viaduto Do Mirante Ltda","2025-01-16","08:07:06","Abastecimento","1","1","Etanol Comum","43.43","R$ 181,97","R$ 4,34","R$ 0,00","R$ 0,00","R$ 0,00","R$ 177,63","3","Sucesso","B32809EED033236E","189567009","21","","-","-","-","-","2025-01-16 11:06:48.000 UTC","Dinheiro"
"886700","Auto Posto Viaduto Do Mirante Ltda","2025-01-16","07:56:04","Abastecimento","4","9","Gasolina Comum","16.16","R$ 100,00","R$ 0,00","R$ 0,00","R$ 0,00","R$ 0,00","R$ 100,00","3","Sucesso","B32809EED033236E","189565549","11","","8123f392-2b5f-428c-8d0b-aa0dd70502e6","-","-","-","2025-01-16 10:55:44.000 UTC","Payly"
"886700","Auto Posto Viaduto Do Mirante Ltda","2025-01-16","07:44:42","Abastecimento","6","14","Etanol Comum","40.9","R$ 171,37","R$ 4,09","R$ 0,00","R$ 0,00","R$ 0,00","R$ 167,28","3","Sucesso","B32809EED033D53C","189564050","21","","-","-","-","-","2025-01-16 10:44:23.000 UTC","Dinheiro"
"886700","Auto Posto Viaduto Do Mirante Ltda","2025-01-16","07:43:54","Abastecimento","1","2","Gasolina Comum","8.08","R$ 50,00","R$ 0,00","R$ 0,00","R$ 0,00","R$ 0,00","R$ 50,00","3","Sucesso","B32809092EAD213A","189563993","11","-","1ae78e7c-bc70-4490-85d0-f37a1e4b1596","-","-","-","2025-01-16 10:43:54.000 UTC","App Banco Inter"
"886700","Auto Posto Viaduto Do Mirante Ltda","2025-01-16","07:39:41","Abastecimento","4","16","Shell V-Power Gasolina","30.35","R$ 200,00","R$ 3,04","R$ 0,00","R$ 0,00","R$ 0,00","R$ 196,96","3","Sucesso","B32809EED033D53C","189563418","12","","99111412541","Mercado Pago","-","-","2025-01-16 10:39:21.000 UTC","Cartão Mercado Pago"
"886700","Auto Posto Viaduto Do Mirante Ltda","2025-01-16","07:35:00","Abastecimento","4","8","Etanol Comum","46.54","R$ 195,00","R$ 4,65","R$ 10,00","R$ 0,00","R$ 0,00","R$ 180,35","3","Sucesso","B32809D538851035","189562819","21","","-","-","c6a41afb-9afb-4abd-8c72-41a5b9b8ef6c","AP-DIG-AQU-2291","2025-01-16 10:34:31.000 UTC","Dinheiro"
"886700","Auto Posto Viaduto Do Mirante Ltda","2025-01-16","07:33:43","Abastecimento","6","15","Gasolina Comum","16.16","R$ 100,00","R$ 1,62","R$ 0,00","R$ 0,00","R$ 0,00","R$ 98,38","3","Sucesso","B32809EED033236E","189562665","11","","-","-","-","-","2025-01-16 10:33:18.000 UTC","Dinheiro"
"886700","Auto Posto Viaduto Do Mirante Ltda","2025-01-16","07:32:46","Abastecimento","1","1","Etanol Comum","43.94","R$ 184,11","R$ 4,39","R$ 0,00","R$ 0,00","R$ 0,00","R$ 179,72","3","Sucesso","B32809EED033D53C","189562558","21","","99111248207","Mercado Pago","-","-","2025-01-16 10:32:17.000 UTC","Cartão Mercado Pago"
"886700","Auto Posto Viaduto Do Mirante Ltda","2025-01-16","07:10:29","Abastecimento","2","3","Etanol Comum","31.79","R$ 133,20","R$ 3,18","R$ 0,00","R$ 0,00","R$ 0,00","R$ 130,02","3","Sucesso","B32809EED033D53C","189559901","21","","99474426570","Mercado Pago","-","-","2025-01-16 10:10:09.000 UTC","Cartão Mercado Pago"
"886700","Auto Posto Viaduto Do Mirante Ltda","2025-01-16","06:59:24","Abastecimento","7","17","Shell Evolux Diesel S-10","32.31","R$ 200,00","R$ 3,23","R$ 4,85","R$ 0,00","R$ 0,00","R$ 191,92","3","Sucesso","B32809EED033236E","189558772","34","","-","-","af061349-5189-4fcf-a54e-eb3e63535190","AP-CRM-RET-2361","2025-01-16 09:59:03.000 UTC","Dinheiro"
"886700","Auto Posto Viaduto Do Mirante Ltda","2025-01-16","06:48:41","Abastecimento","2","3","Etanol Comum","11.93","R$ 50,00","R$ 1,19","R$ 0,00","R$ 0,00","R$ 0,00","R$ 48,81","3","Sucesso","B32809EED033236E","189557785","21","","-","-","-","-","2025-01-16 09:48:26.000 UTC","Dinheiro"
"886700","Auto Posto Viaduto Do Mirante Ltda","2025-01-16","06:39:02","Abastecimento","2","4","Gasolina Comum","4.43","R$ 27,42","R$ 0,44","R$ 0,00","R$ 0,00","R$ 0,00","R$ 26,98","3","Sucesso","B32809EED033236E","189556962","11","","394cb53a-d0d5-4838-937c-30d93974bf1d","-","-","-","2025-01-16 09:38:45.000 UTC","Nubank"
"886700","Auto Posto Viaduto Do Mirante Ltda","2025-01-16","06:15:44","Abastecimento","6","15","Gasolina Comum","24.23","R$ 150,00","R$ 2,42","R$ 0,00","R$ 0,00","R$ 0,00","R$ 147,58","3","Sucesso","B32809EED033236E","189555288","11","","99472713648","Mercado Pago","-","-","2025-01-16 09:15:28.000 UTC","Cartão Mercado Pago"
"886700","Auto Posto Viaduto Do Mirante Ltda","2025-01-16","06:05:22","Abastecimento","5","11","Etanol Comum","39.76","R$ 166,59","R$ 3,98","R$ 0,00","R$ 0,00","R$ 0,00","R$ 162,61","3","Sucesso","B32809092EAD213A","189554669","21","","-","-","-","-","2025-01-16 09:04:52.000 UTC","Dinheiro"
"886700","Auto Posto Viaduto Do Mirante Ltda","2025-01-16","05:44:19","Abastecimento","1","1","Etanol Comum","7.16","R$ 30,00","R$ 0,72","R$ 0,00","R$ 0,00","R$ 0,00","R$ 29,28","3","Sucesso","B3CF6CA31378AC02","189553961","21","","-","-","-","-","2025-01-16 08:44:02.000 UTC","Dinheiro"
"886700","Auto Posto Viaduto Do Mirante Ltda","2025-01-16","05:42:35","Abastecimento","1","2","Gasolina Comum","8.08","R$ 50,00","R$ 0,81","R$ 0,00","R$ 0,00","R$ 0,00","R$ 49,19","3","Sucesso","B3CF6CA31378AC02","189553898","11","","-","-","-","-","2025-01-16 08:42:11.000 UTC","Dinheiro"
"886700","Auto Posto Viaduto Do Mirante Ltda","2025-01-16","05:28:01","Abastecimento","2","3","Etanol Comum","15.0","R$ 62,85","R$ 1,50","R$ 0,00","R$ 0,00","R$ 0,00","R$ 61,35","3","Sucesso","B3CF6CA31378AC02","189553551","21","","-","-","-","-","2025-01-16 08:27:44.000 UTC","Dinheiro"
"886700","Auto Posto Viaduto Do Mirante Ltda","2025-01-16","05:17:45","Abastecimento","4","9","Gasolina Comum","16.16","R$ 100,00","R$ 1,62","R$ 0,00","R$ 0,00","R$ 0,00","R$ 98,38","3","Sucesso","B3CF6CA31378AC02","189553341","11","","99469843864","Mercado Pago","-","-","2025-01-16 08:17:28.000 UTC","Cartão Mercado Pago"
"886700","Auto Posto Viaduto Do Mirante Ltda","2025-01-16","05:15:27","Abastecimento","2","3","Etanol Comum","23.87","R$ 100,00","R$ 2,39","R$ 0,00","R$ 0,00","R$ 0,00","R$ 97,61","5","Cancelado","B32809EED033236E","189553271","21","","16908375x189553271x1737015275787","-","-","-","2025-01-16 08:12:28.000 UTC","Pix"
"886700","Auto Posto Viaduto Do Mirante Ltda","2025-01-16","05:00:47","Abastecimento","3","6","Gasolina Comum","9.79","R$ 60,60","R$ 0,00","R$ 0,00","R$ 0,00","R$ 0,00","R$ 60,60","3","Sucesso","B32809092ED8D233","189553100","11","-","45305627","-","-","-","2025-01-16 08:00:47.000 UTC","App Porto Seguro"
"886700","Auto Posto Viaduto Do Mirante Ltda","2025-01-16","04:58:42","Abastecimento","4","9","Gasolina Comum","12.92","R$ 80,00","R$ 1,29","R$ 0,00","R$ 0,00","R$ 0,00","R$ 78,71","3","Sucesso","B32809092ED8D233","189553060","11","","-","-","-","-","2025-01-16 07:58:25.000 UTC","Dinheiro"
"886700","Auto Posto Viaduto Do Mirante Ltda","2025-01-16","02:30:49","Abastecimento","4","8","Etanol Comum","11.93","R$ 50,00","R$ 1,19","R$ 0,00","R$ 0,00","R$ 0,00","R$ 48,81","3","Sucesso","B3CF6CA31378AC02","189552151","21","","-","-","-","-","2025-01-16 05:30:03.000 UTC","Dinheiro"
